BSSID,SSID,RSSI(dBm),Time
70:61:7b:e9:ac:27:,UTTetudiants,-55,2026-04-28 15:14:14
70:61:7b:e9:ac:27:,UTTetudiants,-53,2026-04-28 15:14:14
70:61:7b:e9:ac:27:,UTTetudiants,-55,2026-04-28 15:14:14
70:61:7b:e9:ac:27:,UTTetudiants,-55,2026-04-28 15:14:18
70:61:7b:e9:ac:27:,UTTetudiants,-53,2026-04-28 15:14:18
70:61:7b:e9:ac:27:,UTTetudiants,-55,2026-04-28 15:14:18
70:61:7b:e9:ac:27:,UTTetudiants,-61,2026-04-28 15:14:22
70:61:7b:e9:ac:27:,UTTetudiants,-59,2026-04-28 15:14:22
70:61:7b:e9:ac:27:,UTTetudiants,-61,2026-04-28 15:14:22
70:61:7b:e9:ac:27:,UTTetudiants,-53,2026-04-28 15:14:27
70:61:7b:e9:ac:27:,UTTetudiants,-47,2026-04-28 15:14:27
70:61:7b:e9:ac:27:,UTTetudiants,-53,2026-04-28 15:14:27
70:61:7b:e9:ac:27:,UTTetudiants,-53,2026-04-28 15:14:31
70:61:7b:e9:ac:27:,UTTetudiants,-47,2026-04-28 15:14:31
70:61:7b:e9:ac:27:,UTTetudiants,-53,2026-04-28 15:14:31
70:61:7b:e9:ac:27:,UTTetudiants,-51,2026-04-28 15:14:35
70:61:7b:e9:ac:27:,UTTetudiants,-49,2026-04-28 15:14:35
70:61:7b:e9:ac:27:,UTTetudiants,-51,2026-04-28 15:14:35
70:61:7b:e9:ac:27:,UTTetudiants,-63,2026-04-28 15:14:39
70:61:7b:e9:ac:27:,UTTetudiants,-56,2026-04-28 15:14:39
70:61:7b:e9:ac:27:,UTTetudiants,-63,2026-04-28 15:14:39
70:61:7b:e9:ac:27:,UTTetudiants,-56,2026-04-28 15:14:44
70:61:7b:e9:ac:27:,UTTetudiants,-45,2026-04-28 15:14:44
70:61:7b:e9:ac:27:,UTTetudiants,-56,2026-04-28 15:14:44
70:61:7b:e9:ac:27:,UTTetudiants,-50,2026-04-28 15:14:48
70:61:7b:e9:ac:27:,UTTetudiants,-46,2026-04-28 15:14:48
70:61:7b:e9:ac:27:,UTTetudiants,-50,2026-04-28 15:14:48
70:61:7b:e9:ac:27:,UTTetudiants,-61,2026-04-28 15:14:53
70:61:7b:e9:ac:27:,UTTetudiants,-46,2026-04-28 15:14:53
70:61:7b:e9:ac:27:,UTTetudiants,-61,2026-04-28 15:14:53
70:61:7b:e9:ac:27:,UTTetudiants,-53,2026-04-28 15:14:57
70:61:7b:e9:ac:27:,UTTetudiants,-51,2026-04-28 15:14:57
70:61:7b:e9:ac:27:,UTTetudiants,-53,2026-04-28 15:14:57
70:61:7b:e9:ac:27:,UTTetudiants,-45,2026-04-28 15:15:02
70:61:7b:e9:ac:27:,UTTetudiants,-45,2026-04-28 15:15:02
70:61:7b:e9:ac:27:,UTTetudiants,-45,2026-04-28 15:15:02
70:61:7b:e9:ac:27:,UTTetudiants,-63,2026-04-28 15:15:08
70:61:7b:e9:ac:27:,UTTetudiants,-46,2026-04-28 15:15:08
70:61:7b:e9:ac:27:,UTTetudiants,-63,2026-04-28 15:15:08
70:61:7b:e9:ac:27:,UTTetudiants,-63,2026-04-28 15:15:12
70:61:7b:e9:ac:27:,UTTetudiants,-45,2026-04-28 15:15:12
70:61:7b:e9:ac:27:,UTTetudiants,-63,2026-04-28 15:15:12
70:61:7b:e9:ac:27:,UTTetudiants,-63,2026-04-28 15:15:19
70:61:7b:e9:ac:27:,UTTetudiants,-45,2026-04-28 15:15:19
70:61:7b:e9:ac:27:,UTTetudiants,-63,2026-04-28 15:15:19
70:61:7b:e9:ac:27:,UTTetudiants,-61,2026-04-28 15:15:28
70:61:7b:e9:ac:27:,UTTetudiants,-54,2026-04-28 15:15:28
70:61:7b:e9:ac:27:,UTTetudiants,-61,2026-04-28 15:15:28
70:61:7b:e9:ac:27:,UTTetudiants,-61,2026-04-28 15:15:31
70:61:7b:e9:ac:27:,UTTetudiants,-53,2026-04-28 15:15:31
70:61:7b:e9:ac:27:,UTTetudiants,-61,2026-04-28 15:15:31
70:61:7b:e9:ac:27:,UTTetudiants,-61,2026-04-28 15:15:34
70:61:7b:e9:ac:27:,UTTetudiants,-53,2026-04-28 15:15:34
70:61:7b:e9:ac:27:,UTTetudiants,-61,2026-04-28 15:15:34
70:61:7b:e9:ac:27:,UTTetudiants,-42,2026-04-28 15:15:44
70:61:7b:e9:ac:27:,UTTetudiants,-45,2026-04-28 15:15:44
70:61:7b:e9:ac:27:,UTTetudiants,-42,2026-04-28 15:15:44
70:61:7b:e9:ac:27:,UTTetudiants,-42,2026-04-28 15:15:48
70:61:7b:e9:ac:27:,UTTetudiants,-45,2026-04-28 15:15:48
70:61:7b:e9:ac:27:,UTTetudiants,-42,2026-04-28 15:15:48
70:61:7b:e9:ac:27:,UTTetudiants,-42,2026-04-28 15:15:51
70:61:7b:e9:ac:27:,UTTetudiants,-45,2026-04-28 15:15:51
70:61:7b:e9:ac:27:,UTTetudiants,-42,2026-04-28 15:15:51
70:61:7b:e9:ac:27:,UTTetudiants,-51,2026-04-28 15:15:57
70:61:7b:e9:ac:27:,UTTetudiants,-41,2026-04-28 15:15:57
70:61:7b:e9:ac:27:,UTTetudiants,-51,2026-04-28 15:15:57
70:61:7b:e9:ac:27:,UTTetudiants,-51,2026-04-28 15:16:00
70:61:7b:e9:ac:27:,UTTetudiants,-41,2026-04-28 15:16:00
70:61:7b:e9:ac:27:,UTTetudiants,-51,2026-04-28 15:16:00
70:61:7b:e9:ac:27:,UTTetudiants,-55,2026-04-28 15:16:07
70:61:7b:e9:ac:27:,UTTetudiants,-54,2026-04-28 15:16:07
70:61:7b:e9:ac:27:,UTTetudiants,-55,2026-04-28 15:16:07
70:61:7b:e9:ac:27:,UTTetudiants,-51,2026-04-28 15:16:10
70:61:7b:e9:ac:27:,UTTetudiants,-48,2026-04-28 15:16:10
70:61:7b:e9:ac:27:,UTTetudiants,-51,2026-04-28 15:16:10
70:61:7b:e9:ac:27:,UTTetudiants,-57,2026-04-28 15:16:14
70:61:7b:e9:ac:27:,UTTetudiants,-47,2026-04-28 15:16:14
70:61:7b:e9:ac:27:,UTTetudiants,-57,2026-04-28 15:16:14
70:61:7b:e9:ac:27:,UTTetudiants,-58,2026-04-28 15:16:23
70:61:7b:e9:ac:27:,UTTetudiants,-55,2026-04-28 15:16:23
70:61:7b:e9:ac:27:,UTTetudiants,-58,2026-04-28 15:16:23
70:61:7b:e9:ac:27:,UTTetudiants,-52,2026-04-28 15:16:27
70:61:7b:e9:ac:27:,UTTetudiants,-49,2026-04-28 15:16:27
70:61:7b:e9:ac:27:,UTTetudiants,-52,2026-04-28 15:16:27
70:61:7b:e9:ac:27:,UTTetudiants,-52,2026-04-28 15:16:30
70:61:7b:e9:ac:27:,UTTetudiants,-49,2026-04-28 15:16:30
70:61:7b:e9:ac:27:,UTTetudiants,-52,2026-04-28 15:16:30
70:61:7b:e9:ac:27:,UTTetudiants,-59,2026-04-28 15:16:35
70:61:7b:e9:ac:27:,UTTetudiants,-46,2026-04-28 15:16:35
70:61:7b:e9:ac:27:,UTTetudiants,-59,2026-04-28 15:16:35
70:61:7b:e9:ac:27:,UTTetudiants,-55,2026-04-28 15:16:40
70:61:7b:e9:ac:27:,UTTetudiants,-49,2026-04-28 15:16:40
70:61:7b:e9:ac:27:,UTTetudiants,-55,2026-04-28 15:16:40
70:61:7b:e9:ac:27:,UTTetudiants,-64,2026-04-28 15:16:47
70:61:7b:e9:ac:27:,UTTetudiants,-47,2026-04-28 15:16:47
70:61:7b:e9:ac:27:,UTTetudiants,-64,2026-04-28 15:16:47
70:61:7b:e9:ac:27:,UTTetudiants,-52,2026-04-28 15:16:53
70:61:7b:e9:ac:27:,UTTetudiants,-51,2026-04-28 15:16:53
70:61:7b:e9:ac:27:,UTTetudiants,-52,2026-04-28 15:16:53
70:61:7b:e9:ac:27:,UTTetudiants,-57,2026-04-28 15:16:56
70:61:7b:e9:ac:27:,UTTetudiants,-45,2026-04-28 15:16:56
70:61:7b:e9:ac:27:,UTTetudiants,-57,2026-04-28 15:16:56
70:61:7b:e9:ac:27:,UTTetudiants,-57,2026-04-28 15:16:59
70:61:7b:e9:ac:27:,UTTetudiants,-45,2026-04-28 15:16:59
70:61:7b:e9:ac:27:,UTTetudiants,-57,2026-04-28 15:16:59
70:61:7b:e9:ac:27:,UTTetudiants,-62,2026-04-28 15:17:05
70:61:7b:e9:ac:27:,UTTetudiants,-52,2026-04-28 15:17:05
70:61:7b:e9:ac:27:,UTTetudiants,-62,2026-04-28 15:17:05
70:61:7b:e9:ac:27:,UTTetudiants,-54,2026-04-28 15:17:11
70:61:7b:e9:ac:27:,UTTetudiants,-53,2026-04-28 15:17:11
70:61:7b:e9:ac:27:,UTTetudiants,-54,2026-04-28 15:17:11
70:61:7b:e9:ac:27:,UTTetudiants,-57,2026-04-28 15:17:15
70:61:7b:e9:ac:27:,UTTetudiants,-54,2026-04-28 15:17:15
70:61:7b:e9:ac:27:,UTTetudiants,-57,2026-04-28 15:17:15
70:61:7b:e9:ac:27:,UTTetudiants,-54,2026-04-28 15:17:20
70:61:7b:e9:ac:27:,UTTetudiants,-52,2026-04-28 15:17:20
70:61:7b:e9:ac:27:,UTTetudiants,-54,2026-04-28 15:17:20
70:61:7b:e9:ac:27:,UTTetudiants,-60,2026-04-28 15:17:23
70:61:7b:e9:ac:27:,UTTetudiants,-56,2026-04-28 15:17:23
70:61:7b:e9:ac:27:,UTTetudiants,-60,2026-04-28 15:17:23
70:61:7b:e9:ac:27:,UTTetudiants,-60,2026-04-28 15:17:27
70:61:7b:e9:ac:27:,UTTetudiants,-56,2026-04-28 15:17:27
70:61:7b:e9:ac:27:,UTTetudiants,-60,2026-04-28 15:17:27
70:61:7b:e9:ac:27:,UTTetudiants,-63,2026-04-28 15:17:33
70:61:7b:e9:ac:27:,UTTetudiants,-53,2026-04-28 15:17:33
70:61:7b:e9:ac:27:,UTTetudiants,-63,2026-04-28 15:17:33
70:61:7b:e9:ac:27:,UTTetudiants,-53,2026-04-28 15:17:39
70:61:7b:e9:ac:27:,UTTetudiants,-53,2026-04-28 15:17:39
70:61:7b:e9:ac:27:,UTTetudiants,-53,2026-04-28 15:17:39
70:61:7b:e9:ac:27:,UTTetudiants,-57,2026-04-28 15:17:42
70:61:7b:e9:ac:27:,UTTetudiants,-47,2026-04-28 15:17:42
70:61:7b:e9:ac:27:,UTTetudiants,-57,2026-04-28 15:17:42
70:61:7b:e9:ac:27:,UTTetudiants,-57,2026-04-28 15:17:46
70:61:7b:e9:ac:27:,UTTetudiants,-47,2026-04-28 15:17:46
70:61:7b:e9:ac:27:,UTTetudiants,-57,2026-04-28 15:17:46
70:61:7b:e9:ac:27:,UTTetudiants,-39,2026-04-28 15:17:50
70:61:7b:e9:ac:27:,UTTetudiants,-50,2026-04-28 15:17:50
70:61:7b:e9:ac:27:,UTTetudiants,-39,2026-04-28 15:17:50
70:61:7b:e9:ac:27:,UTTetudiants,-54,2026-04-28 15:17:56
70:61:7b:e9:ac:27:,UTTetudiants,-50,2026-04-28 15:17:56
70:61:7b:e9:ac:27:,UTTetudiants,-54,2026-04-28 15:17:56
70:61:7b:e9:ac:27:,UTTetudiants,-54,2026-04-28 15:17:59
70:61:7b:e9:ac:27:,UTTetudiants,-50,2026-04-28 15:17:59
70:61:7b:e9:ac:27:,UTTetudiants,-54,2026-04-28 15:17:59
70:61:7b:e9:ac:27:,UTTetudiants,-58,2026-04-28 15:18:03
70:61:7b:e9:ac:27:,UTTetudiants,-51,2026-04-28 15:18:03
70:61:7b:e9:ac:27:,UTTetudiants,-58,2026-04-28 15:18:03
70:61:7b:e9:ac:27:,UTTetudiants,-61,2026-04-28 15:18:08
70:61:7b:e9:ac:27:,UTTetudiants,-48,2026-04-28 15:18:08
70:61:7b:e9:ac:27:,UTTetudiants,-61,2026-04-28 15:18:08
70:61:7b:e9:ac:27:,UTTetudiants,-53,2026-04-28 15:18:13
70:61:7b:e9:ac:27:,UTTetudiants,-46,2026-04-28 15:18:13
70:61:7b:e9:ac:27:,UTTetudiants,-53,2026-04-28 15:18:13
70:61:7b:e9:ac:27:,UTTetudiants,-53,2026-04-28 15:18:19
70:61:7b:e9:ac:27:,UTTetudiants,-49,2026-04-28 15:18:19
70:61:7b:e9:ac:27:,UTTetudiants,-53,2026-04-28 15:18:19
70:61:7b:e9:ac:27:,UTTetudiants,-57,2026-04-28 15:18:23
70:61:7b:e9:ac:27:,UTTetudiants,-50,2026-04-28 15:18:23
70:61:7b:e9:ac:27:,UTTetudiants,-57,2026-04-28 15:18:23
70:61:7b:e9:ac:27:,UTTetudiants,-47,2026-04-28 15:18:28
70:61:7b:e9:ac:27:,UTTetudiants,-51,2026-04-28 15:18:28
70:61:7b:e9:ac:27:,UTTetudiants,-47,2026-04-28 15:18:28
f8:6b:d9:5e:10:c7:,UTTetudiants,-84,2026-04-28 15:14:14
f8:6b:d9:5e:10:c7:,UTTetudiants,-57,2026-04-28 15:14:14
f8:6b:d9:5e:10:c7:,UTTetudiants,-84,2026-04-28 15:14:14
f8:6b:d9:5e:10:c7:,UTTetudiants,-84,2026-04-28 15:14:18
f8:6b:d9:5e:10:c7:,UTTetudiants,-57,2026-04-28 15:14:18
f8:6b:d9:5e:10:c7:,UTTetudiants,-84,2026-04-28 15:14:18
f8:6b:d9:5e:10:c7:,UTTetudiants,-84,2026-04-28 15:14:22
f8:6b:d9:5e:10:c7:,UTTetudiants,-57,2026-04-28 15:14:22
f8:6b:d9:5e:10:c7:,UTTetudiants,-84,2026-04-28 15:14:22
f8:6b:d9:5e:10:c7:,UTTetudiants,-84,2026-04-28 15:14:27
f8:6b:d9:5e:10:c7:,UTTetudiants,-57,2026-04-28 15:14:27
f8:6b:d9:5e:10:c7:,UTTetudiants,-84,2026-04-28 15:14:27
f8:6b:d9:5e:10:c7:,UTTetudiants,-84,2026-04-28 15:14:31
f8:6b:d9:5e:10:c7:,UTTetudiants,-57,2026-04-28 15:14:31
f8:6b:d9:5e:10:c7:,UTTetudiants,-84,2026-04-28 15:14:31
f8:6b:d9:5e:10:c7:,UTTetudiants,-84,2026-04-28 15:14:35
f8:6b:d9:5e:10:c7:,UTTetudiants,-57,2026-04-28 15:14:35
f8:6b:d9:5e:10:c7:,UTTetudiants,-84,2026-04-28 15:14:35
f8:6b:d9:5e:10:c7:,UTTetudiants,-84,2026-04-28 15:14:39
f8:6b:d9:5e:10:c7:,UTTetudiants,-57,2026-04-28 15:14:39
f8:6b:d9:5e:10:c7:,UTTetudiants,-84,2026-04-28 15:14:39
f8:6b:d9:5e:10:c7:,UTTetudiants,-84,2026-04-28 15:14:44
f8:6b:d9:5e:10:c7:,UTTetudiants,-86,2026-04-28 15:14:44
f8:6b:d9:5e:10:c7:,UTTetudiants,-84,2026-04-28 15:14:44
f8:6b:d9:5e:10:c7:,UTTetudiants,-84,2026-04-28 15:14:48
f8:6b:d9:5e:10:c7:,UTTetudiants,-86,2026-04-28 15:14:48
f8:6b:d9:5e:10:c7:,UTTetudiants,-84,2026-04-28 15:14:48
f8:6b:d9:5e:10:c7:,UTTetudiants,-84,2026-04-28 15:14:53
f8:6b:d9:5e:10:c7:,UTTetudiants,-86,2026-04-28 15:14:53
f8:6b:d9:5e:10:c7:,UTTetudiants,-84,2026-04-28 15:14:53
f8:6b:d9:5e:10:c7:,UTTetudiants,-84,2026-04-28 15:14:57
f8:6b:d9:5e:10:c7:,UTTetudiants,-86,2026-04-28 15:14:57
f8:6b:d9:5e:10:c7:,UTTetudiants,-84,2026-04-28 15:14:57
f8:6b:d9:5e:10:c7:,UTTetudiants,-84,2026-04-28 15:15:02
f8:6b:d9:5e:10:c7:,UTTetudiants,-86,2026-04-28 15:15:02
f8:6b:d9:5e:10:c7:,UTTetudiants,-84,2026-04-28 15:15:02
f8:6b:d9:5e:10:c7:,UTTetudiants,-84,2026-04-28 15:15:08
f8:6b:d9:5e:10:c7:,UTTetudiants,-86,2026-04-28 15:15:08
f8:6b:d9:5e:10:c7:,UTTetudiants,-84,2026-04-28 15:15:08
f8:6b:d9:5e:10:c7:,UTTetudiants,-84,2026-04-28 15:15:12
f8:6b:d9:5e:10:c7:,UTTetudiants,-86,2026-04-28 15:15:12
f8:6b:d9:5e:10:c7:,UTTetudiants,-84,2026-04-28 15:15:12
f8:6b:d9:5e:10:c7:,UTTetudiants,-84,2026-04-28 15:15:19
f8:6b:d9:5e:10:c7:,UTTetudiants,-86,2026-04-28 15:15:19
f8:6b:d9:5e:10:c7:,UTTetudiants,-84,2026-04-28 15:15:19
f8:6b:d9:5e:10:c7:,UTTetudiants,-84,2026-04-28 15:15:28
f8:6b:d9:5e:10:c7:,UTTetudiants,-86,2026-04-28 15:15:28
f8:6b:d9:5e:10:c7:,UTTetudiants,-84,2026-04-28 15:15:28
f8:6b:d9:5e:10:c7:,UTTetudiants,-84,2026-04-28 15:15:31
f8:6b:d9:5e:10:c7:,UTTetudiants,-86,2026-04-28 15:15:31
f8:6b:d9:5e:10:c7:,UTTetudiants,-84,2026-04-28 15:15:31
f8:6b:d9:5e:10:c7:,UTTetudiants,-84,2026-04-28 15:15:34
f8:6b:d9:5e:10:c7:,UTTetudiants,-86,2026-04-28 15:15:34
f8:6b:d9:5e:10:c7:,UTTetudiants,-84,2026-04-28 15:15:34
f8:6b:d9:5e:10:c7:,UTTetudiants,-84,2026-04-28 15:15:44
f8:6b:d9:5e:10:c7:,UTTetudiants,-86,2026-04-28 15:15:44
f8:6b:d9:5e:10:c7:,UTTetudiants,-84,2026-04-28 15:15:44
f8:6b:d9:5e:10:c7:,UTTetudiants,-84,2026-04-28 15:15:48
f8:6b:d9:5e:10:c7:,UTTetudiants,-86,2026-04-28 15:15:48
f8:6b:d9:5e:10:c7:,UTTetudiants,-84,2026-04-28 15:15:48
f8:6b:d9:5e:10:c7:,UTTetudiants,-84,2026-04-28 15:15:51
f8:6b:d9:5e:10:c7:,UTTetudiants,-86,2026-04-28 15:15:51
f8:6b:d9:5e:10:c7:,UTTetudiants,-84,2026-04-28 15:15:51
f8:6b:d9:5e:10:c7:,UTTetudiants,-84,2026-04-28 15:15:57
f8:6b:d9:5e:10:c7:,UTTetudiants,-86,2026-04-28 15:15:57
f8:6b:d9:5e:10:c7:,UTTetudiants,-84,2026-04-28 15:15:57
f8:6b:d9:5e:10:c7:,UTTetudiants,-84,2026-04-28 15:16:00
f8:6b:d9:5e:10:c7:,UTTetudiants,-86,2026-04-28 15:16:00
f8:6b:d9:5e:10:c7:,UTTetudiants,-84,2026-04-28 15:16:00
f8:6b:d9:5e:10:c7:,UTTetudiants,-84,2026-04-28 15:16:07
f8:6b:d9:5e:10:c7:,UTTetudiants,-86,2026-04-28 15:16:07
f8:6b:d9:5e:10:c7:,UTTetudiants,-84,2026-04-28 15:16:07
f8:6b:d9:5e:10:c7:,UTTetudiants,-84,2026-04-28 15:16:10
f8:6b:d9:5e:10:c7:,UTTetudiants,-86,2026-04-28 15:16:10
f8:6b:d9:5e:10:c7:,UTTetudiants,-84,2026-04-28 15:16:10
f8:6b:d9:5e:10:c7:,UTTetudiants,-84,2026-04-28 15:16:14
f8:6b:d9:5e:10:c7:,UTTetudiants,-86,2026-04-28 15:16:14
f8:6b:d9:5e:10:c7:,UTTetudiants,-84,2026-04-28 15:16:14
f8:6b:d9:5e:10:c7:,UTTetudiants,-86,2026-04-28 15:16:23
f8:6b:d9:5e:10:c7:,UTTetudiants,-86,2026-04-28 15:16:27
f8:6b:d9:5e:10:c7:,UTTetudiants,-86,2026-04-28 15:16:30
f8:6b:d9:5e:10:c7:,UTTetudiants,-86,2026-04-28 15:16:35
f8:6b:d9:5e:10:c7:,UTTetudiants,-86,2026-04-28 15:16:40
f8:6b:d9:5e:10:c7:,UTTetudiants,-86,2026-04-28 15:16:47
f8:6b:d9:5e:10:c7:,UTTetudiants,-86,2026-04-28 15:16:53
f8:6b:d9:5e:10:c7:,UTTetudiants,-86,2026-04-28 15:16:56
f8:6b:d9:5e:10:c7:,UTTetudiants,-86,2026-04-28 15:16:59
f8:6b:d9:5e:10:c7:,UTTetudiants,-86,2026-04-28 15:17:05
f8:6b:d9:5e:10:c7:,UTTetudiants,-86,2026-04-28 15:17:11
f8:6b:d9:5e:10:c7:,UTTetudiants,-86,2026-04-28 15:17:15
f8:6b:d9:5e:10:c7:,UTTetudiants,-86,2026-04-28 15:17:20
f8:6b:d9:5e:10:c7:,UTTetudiants,-86,2026-04-28 15:17:23
f8:6b:d9:5e:10:c7:,UTTetudiants,-86,2026-04-28 15:17:27
f8:6b:d9:5e:10:c7:,UTTetudiants,-86,2026-04-28 15:17:33
f8:6b:d9:5e:10:c7:,UTTetudiants,-86,2026-04-28 15:17:39
f8:6b:d9:5e:10:c7:,UTTetudiants,-86,2026-04-28 15:17:42
f8:6b:d9:5e:10:c7:,UTTetudiants,-86,2026-04-28 15:17:46
f8:6b:d9:5e:10:c7:,UTTetudiants,-86,2026-04-28 15:17:50
f8:6b:d9:5e:10:c7:,UTTetudiants,-86,2026-04-28 15:17:56
f8:6b:d9:5e:10:c7:,UTTetudiants,-86,2026-04-28 15:17:59
f8:6b:d9:5e:10:c7:,UTTetudiants,-86,2026-04-28 15:18:03
f8:6b:d9:5e:10:c7:,UTTetudiants,-86,2026-04-28 15:18:08
f8:6b:d9:5e:10:c7:,UTTetudiants,-85,2026-04-28 15:18:19
f8:6b:d9:5e:10:c7:,UTTetudiants,-85,2026-04-28 15:18:23
f8:6b:d9:5e:10:c7:,UTTetudiants,-85,2026-04-28 15:18:28
84:b2:61:08:fc:c8:,UTTetudiants,-67,2026-04-28 15:14:14
84:b2:61:08:fc:c8:,UTTetudiants,-83,2026-04-28 15:14:14
84:b2:61:08:fc:c8:,UTTetudiants,-67,2026-04-28 15:14:14
84:b2:61:08:fc:c8:,UTTetudiants,-67,2026-04-28 15:14:18
84:b2:61:08:fc:c8:,UTTetudiants,-73,2026-04-28 15:14:18
84:b2:61:08:fc:c8:,UTTetudiants,-67,2026-04-28 15:14:18
84:b2:61:08:fc:c8:,UTTetudiants,-72,2026-04-28 15:14:22
84:b2:61:08:fc:c8:,UTTetudiants,-73,2026-04-28 15:14:22
84:b2:61:08:fc:c8:,UTTetudiants,-72,2026-04-28 15:14:22
84:b2:61:08:fc:c8:,UTTetudiants,-68,2026-04-28 15:14:27
84:b2:61:08:fc:c8:,UTTetudiants,-81,2026-04-28 15:14:27
84:b2:61:08:fc:c8:,UTTetudiants,-68,2026-04-28 15:14:27
84:b2:61:08:fc:c8:,UTTetudiants,-68,2026-04-28 15:14:31
84:b2:61:08:fc:c8:,UTTetudiants,-84,2026-04-28 15:14:31
84:b2:61:08:fc:c8:,UTTetudiants,-68,2026-04-28 15:14:31
84:b2:61:08:fc:c8:,UTTetudiants,-76,2026-04-28 15:14:35
84:b2:61:08:fc:c8:,UTTetudiants,-84,2026-04-28 15:14:35
84:b2:61:08:fc:c8:,UTTetudiants,-76,2026-04-28 15:14:35
84:b2:61:08:fc:c8:,UTTetudiants,-74,2026-04-28 15:14:39
84:b2:61:08:fc:c8:,UTTetudiants,-83,2026-04-28 15:14:39
84:b2:61:08:fc:c8:,UTTetudiants,-74,2026-04-28 15:14:39
84:b2:61:08:fc:c8:,UTTetudiants,-71,2026-04-28 15:14:44
84:b2:61:08:fc:c8:,UTTetudiants,-76,2026-04-28 15:14:44
84:b2:61:08:fc:c8:,UTTetudiants,-71,2026-04-28 15:14:44
84:b2:61:08:fc:c8:,UTTetudiants,-69,2026-04-28 15:14:48
84:b2:61:08:fc:c8:,UTTetudiants,-85,2026-04-28 15:14:48
84:b2:61:08:fc:c8:,UTTetudiants,-69,2026-04-28 15:14:48
84:b2:61:08:fc:c8:,UTTetudiants,-69,2026-04-28 15:14:53
84:b2:61:08:fc:c8:,UTTetudiants,-85,2026-04-28 15:14:53
84:b2:61:08:fc:c8:,UTTetudiants,-69,2026-04-28 15:14:53
84:b2:61:08:fc:c8:,UTTetudiants,-69,2026-04-28 15:14:57
84:b2:61:08:fc:c8:,UTTetudiants,-80,2026-04-28 15:14:57
84:b2:61:08:fc:c8:,UTTetudiants,-69,2026-04-28 15:14:57
84:b2:61:08:fc:c8:,UTTetudiants,-70,2026-04-28 15:15:02
84:b2:61:08:fc:c8:,UTTetudiants,-77,2026-04-28 15:15:02
84:b2:61:08:fc:c8:,UTTetudiants,-70,2026-04-28 15:15:02
84:b2:61:08:fc:c8:,UTTetudiants,-77,2026-04-28 15:15:08
84:b2:61:08:fc:c8:,UTTetudiants,-77,2026-04-28 15:15:08
84:b2:61:08:fc:c8:,UTTetudiants,-77,2026-04-28 15:15:08
84:b2:61:08:fc:c8:,UTTetudiants,-77,2026-04-28 15:15:12
84:b2:61:08:fc:c8:,UTTetudiants,-82,2026-04-28 15:15:12
84:b2:61:08:fc:c8:,UTTetudiants,-77,2026-04-28 15:15:12
84:b2:61:08:fc:c8:,UTTetudiants,-78,2026-04-28 15:15:19
84:b2:61:08:fc:c8:,UTTetudiants,-82,2026-04-28 15:15:19
84:b2:61:08:fc:c8:,UTTetudiants,-78,2026-04-28 15:15:19
84:b2:61:08:fc:c8:,UTTetudiants,-75,2026-04-28 15:15:28
84:b2:61:08:fc:c8:,UTTetudiants,-74,2026-04-28 15:15:28
84:b2:61:08:fc:c8:,UTTetudiants,-75,2026-04-28 15:15:28
84:b2:61:08:fc:c8:,UTTetudiants,-75,2026-04-28 15:15:31
84:b2:61:08:fc:c8:,UTTetudiants,-74,2026-04-28 15:15:31
84:b2:61:08:fc:c8:,UTTetudiants,-75,2026-04-28 15:15:31
84:b2:61:08:fc:c8:,UTTetudiants,-79,2026-04-28 15:15:34
84:b2:61:08:fc:c8:,UTTetudiants,-74,2026-04-28 15:15:34
84:b2:61:08:fc:c8:,UTTetudiants,-79,2026-04-28 15:15:34
84:b2:61:08:fc:c8:,UTTetudiants,-72,2026-04-28 15:15:44
84:b2:61:08:fc:c8:,UTTetudiants,-81,2026-04-28 15:15:44
84:b2:61:08:fc:c8:,UTTetudiants,-72,2026-04-28 15:15:44
84:b2:61:08:fc:c8:,UTTetudiants,-72,2026-04-28 15:15:48
84:b2:61:08:fc:c8:,UTTetudiants,-80,2026-04-28 15:15:48
84:b2:61:08:fc:c8:,UTTetudiants,-72,2026-04-28 15:15:48
84:b2:61:08:fc:c8:,UTTetudiants,-74,2026-04-28 15:15:51
84:b2:61:08:fc:c8:,UTTetudiants,-80,2026-04-28 15:15:51
84:b2:61:08:fc:c8:,UTTetudiants,-74,2026-04-28 15:15:51
84:b2:61:08:fc:c8:,UTTetudiants,-74,2026-04-28 15:15:57
84:b2:61:08:fc:c8:,UTTetudiants,-81,2026-04-28 15:15:57
84:b2:61:08:fc:c8:,UTTetudiants,-74,2026-04-28 15:15:57
84:b2:61:08:fc:c8:,UTTetudiants,-74,2026-04-28 15:16:00
84:b2:61:08:fc:c8:,UTTetudiants,-86,2026-04-28 15:16:00
84:b2:61:08:fc:c8:,UTTetudiants,-74,2026-04-28 15:16:00
84:b2:61:08:fc:c8:,UTTetudiants,-75,2026-04-28 15:16:07
84:b2:61:08:fc:c8:,UTTetudiants,-86,2026-04-28 15:16:07
84:b2:61:08:fc:c8:,UTTetudiants,-75,2026-04-28 15:16:07
84:b2:61:08:fc:c8:,UTTetudiants,-75,2026-04-28 15:16:10
84:b2:61:08:fc:c8:,UTTetudiants,-81,2026-04-28 15:16:10
84:b2:61:08:fc:c8:,UTTetudiants,-75,2026-04-28 15:16:10
84:b2:61:08:fc:c8:,UTTetudiants,-75,2026-04-28 15:16:14
84:b2:61:08:fc:c8:,UTTetudiants,-81,2026-04-28 15:16:14
84:b2:61:08:fc:c8:,UTTetudiants,-75,2026-04-28 15:16:14
84:b2:61:08:fc:c8:,UTTetudiants,-77,2026-04-28 15:16:23
84:b2:61:08:fc:c8:,UTTetudiants,-86,2026-04-28 15:16:23
84:b2:61:08:fc:c8:,UTTetudiants,-77,2026-04-28 15:16:23
84:b2:61:08:fc:c8:,UTTetudiants,-77,2026-04-28 15:16:27
84:b2:61:08:fc:c8:,UTTetudiants,-76,2026-04-28 15:16:27
84:b2:61:08:fc:c8:,UTTetudiants,-77,2026-04-28 15:16:27
84:b2:61:08:fc:c8:,UTTetudiants,-80,2026-04-28 15:16:30
84:b2:61:08:fc:c8:,UTTetudiants,-76,2026-04-28 15:16:30
84:b2:61:08:fc:c8:,UTTetudiants,-80,2026-04-28 15:16:30
84:b2:61:08:fc:c8:,UTTetudiants,-81,2026-04-28 15:16:35
84:b2:61:08:fc:c8:,UTTetudiants,-76,2026-04-28 15:16:35
84:b2:61:08:fc:c8:,UTTetudiants,-81,2026-04-28 15:16:35
84:b2:61:08:fc:c8:,UTTetudiants,-81,2026-04-28 15:16:40
84:b2:61:08:fc:c8:,UTTetudiants,-76,2026-04-28 15:16:40
84:b2:61:08:fc:c8:,UTTetudiants,-81,2026-04-28 15:16:40
84:b2:61:08:fc:c8:,UTTetudiants,-78,2026-04-28 15:16:47
84:b2:61:08:fc:c8:,UTTetudiants,-86,2026-04-28 15:16:47
84:b2:61:08:fc:c8:,UTTetudiants,-78,2026-04-28 15:16:47
84:b2:61:08:fc:c8:,UTTetudiants,-77,2026-04-28 15:16:53
84:b2:61:08:fc:c8:,UTTetudiants,-86,2026-04-28 15:16:53
84:b2:61:08:fc:c8:,UTTetudiants,-77,2026-04-28 15:16:53
84:b2:61:08:fc:c8:,UTTetudiants,-77,2026-04-28 15:16:56
84:b2:61:08:fc:c8:,UTTetudiants,-86,2026-04-28 15:16:56
84:b2:61:08:fc:c8:,UTTetudiants,-77,2026-04-28 15:16:56
84:b2:61:08:fc:c8:,UTTetudiants,-75,2026-04-28 15:16:59
84:b2:61:08:fc:c8:,UTTetudiants,-86,2026-04-28 15:16:59
84:b2:61:08:fc:c8:,UTTetudiants,-75,2026-04-28 15:16:59
84:b2:61:08:fc:c8:,UTTetudiants,-76,2026-04-28 15:17:05
84:b2:61:08:fc:c8:,UTTetudiants,-87,2026-04-28 15:17:05
84:b2:61:08:fc:c8:,UTTetudiants,-76,2026-04-28 15:17:05
84:b2:61:08:fc:c8:,UTTetudiants,-81,2026-04-28 15:17:11
84:b2:61:08:fc:c8:,UTTetudiants,-84,2026-04-28 15:17:11
84:b2:61:08:fc:c8:,UTTetudiants,-81,2026-04-28 15:17:11
84:b2:61:08:fc:c8:,UTTetudiants,-81,2026-04-28 15:17:15
84:b2:61:08:fc:c8:,UTTetudiants,-84,2026-04-28 15:17:15
84:b2:61:08:fc:c8:,UTTetudiants,-81,2026-04-28 15:17:15
84:b2:61:08:fc:c8:,UTTetudiants,-77,2026-04-28 15:17:20
84:b2:61:08:fc:c8:,UTTetudiants,-84,2026-04-28 15:17:20
84:b2:61:08:fc:c8:,UTTetudiants,-77,2026-04-28 15:17:20
84:b2:61:08:fc:c8:,UTTetudiants,-77,2026-04-28 15:17:23
84:b2:61:08:fc:c8:,UTTetudiants,-77,2026-04-28 15:17:23
84:b2:61:08:fc:c8:,UTTetudiants,-77,2026-04-28 15:17:23
84:b2:61:08:fc:c8:,UTTetudiants,-79,2026-04-28 15:17:27
84:b2:61:08:fc:c8:,UTTetudiants,-77,2026-04-28 15:17:27
84:b2:61:08:fc:c8:,UTTetudiants,-79,2026-04-28 15:17:27
84:b2:61:08:fc:c8:,UTTetudiants,-79,2026-04-28 15:17:33
84:b2:61:08:fc:c8:,UTTetudiants,-77,2026-04-28 15:17:33
84:b2:61:08:fc:c8:,UTTetudiants,-79,2026-04-28 15:17:33
84:b2:61:08:fc:c8:,UTTetudiants,-79,2026-04-28 15:17:39
84:b2:61:08:fc:c8:,UTTetudiants,-81,2026-04-28 15:17:39
84:b2:61:08:fc:c8:,UTTetudiants,-79,2026-04-28 15:17:39
84:b2:61:08:fc:c8:,UTTetudiants,-79,2026-04-28 15:17:42
84:b2:61:08:fc:c8:,UTTetudiants,-81,2026-04-28 15:17:42
84:b2:61:08:fc:c8:,UTTetudiants,-79,2026-04-28 15:17:42
84:b2:61:08:fc:c8:,UTTetudiants,-76,2026-04-28 15:17:46
84:b2:61:08:fc:c8:,UTTetudiants,-81,2026-04-28 15:17:46
84:b2:61:08:fc:c8:,UTTetudiants,-76,2026-04-28 15:17:46
84:b2:61:08:fc:c8:,UTTetudiants,-73,2026-04-28 15:17:50
84:b2:61:08:fc:c8:,UTTetudiants,-81,2026-04-28 15:17:50
84:b2:61:08:fc:c8:,UTTetudiants,-73,2026-04-28 15:17:50
84:b2:61:08:fc:c8:,UTTetudiants,-73,2026-04-28 15:17:56
84:b2:61:08:fc:c8:,UTTetudiants,-85,2026-04-28 15:17:56
84:b2:61:08:fc:c8:,UTTetudiants,-73,2026-04-28 15:17:56
84:b2:61:08:fc:c8:,UTTetudiants,-73,2026-04-28 15:17:59
84:b2:61:08:fc:c8:,UTTetudiants,-85,2026-04-28 15:17:59
84:b2:61:08:fc:c8:,UTTetudiants,-73,2026-04-28 15:17:59
84:b2:61:08:fc:c8:,UTTetudiants,-74,2026-04-28 15:18:03
84:b2:61:08:fc:c8:,UTTetudiants,-85,2026-04-28 15:18:03
84:b2:61:08:fc:c8:,UTTetudiants,-74,2026-04-28 15:18:03
84:b2:61:08:fc:c8:,UTTetudiants,-72,2026-04-28 15:18:08
84:b2:61:08:fc:c8:,UTTetudiants,-86,2026-04-28 15:18:08
84:b2:61:08:fc:c8:,UTTetudiants,-72,2026-04-28 15:18:08
84:b2:61:08:fc:c8:,UTTetudiants,-72,2026-04-28 15:18:13
84:b2:61:08:fc:c8:,UTTetudiants,-81,2026-04-28 15:18:13
84:b2:61:08:fc:c8:,UTTetudiants,-72,2026-04-28 15:18:13
84:b2:61:08:fc:c8:,UTTetudiants,-70,2026-04-28 15:18:19
84:b2:61:08:fc:c8:,UTTetudiants,-81,2026-04-28 15:18:19
84:b2:61:08:fc:c8:,UTTetudiants,-70,2026-04-28 15:18:19
84:b2:61:08:fc:c8:,UTTetudiants,-70,2026-04-28 15:18:23
84:b2:61:08:fc:c8:,UTTetudiants,-80,2026-04-28 15:18:23
84:b2:61:08:fc:c8:,UTTetudiants,-70,2026-04-28 15:18:23
84:b2:61:08:fc:c8:,UTTetudiants,-76,2026-04-28 15:18:28
84:b2:61:08:fc:c8:,UTTetudiants,-81,2026-04-28 15:18:28
84:b2:61:08:fc:c8:,UTTetudiants,-76,2026-04-28 15:18:28
84:b2:61:08:fc:c7:,UTTetudiants,-80,2026-04-28 15:14:14
84:b2:61:08:fc:c7:,UTTetudiants,-68,2026-04-28 15:14:14
84:b2:61:08:fc:c7:,UTTetudiants,-80,2026-04-28 15:14:14
84:b2:61:08:fc:c7:,UTTetudiants,-73,2026-04-28 15:14:18
84:b2:61:08:fc:c7:,UTTetudiants,-68,2026-04-28 15:14:18
84:b2:61:08:fc:c7:,UTTetudiants,-73,2026-04-28 15:14:18
84:b2:61:08:fc:c7:,UTTetudiants,-73,2026-04-28 15:14:22
84:b2:61:08:fc:c7:,UTTetudiants,-72,2026-04-28 15:14:22
84:b2:61:08:fc:c7:,UTTetudiants,-73,2026-04-28 15:14:22
84:b2:61:08:fc:c7:,UTTetudiants,-82,2026-04-28 15:14:27
84:b2:61:08:fc:c7:,UTTetudiants,-69,2026-04-28 15:14:27
84:b2:61:08:fc:c7:,UTTetudiants,-82,2026-04-28 15:14:27
84:b2:61:08:fc:c7:,UTTetudiants,-83,2026-04-28 15:14:31
84:b2:61:08:fc:c7:,UTTetudiants,-69,2026-04-28 15:14:31
84:b2:61:08:fc:c7:,UTTetudiants,-83,2026-04-28 15:14:31
84:b2:61:08:fc:c7:,UTTetudiants,-83,2026-04-28 15:14:35
84:b2:61:08:fc:c7:,UTTetudiants,-76,2026-04-28 15:14:35
84:b2:61:08:fc:c7:,UTTetudiants,-83,2026-04-28 15:14:35
84:b2:61:08:fc:c7:,UTTetudiants,-83,2026-04-28 15:14:39
84:b2:61:08:fc:c7:,UTTetudiants,-73,2026-04-28 15:14:39
84:b2:61:08:fc:c7:,UTTetudiants,-83,2026-04-28 15:14:39
84:b2:61:08:fc:c7:,UTTetudiants,-78,2026-04-28 15:14:44
84:b2:61:08:fc:c7:,UTTetudiants,-71,2026-04-28 15:14:44
84:b2:61:08:fc:c7:,UTTetudiants,-78,2026-04-28 15:14:44
84:b2:61:08:fc:c7:,UTTetudiants,-85,2026-04-28 15:14:48
84:b2:61:08:fc:c7:,UTTetudiants,-69,2026-04-28 15:14:48
84:b2:61:08:fc:c7:,UTTetudiants,-85,2026-04-28 15:14:48
84:b2:61:08:fc:c7:,UTTetudiants,-81,2026-04-28 15:14:53
84:b2:61:08:fc:c7:,UTTetudiants,-69,2026-04-28 15:14:53
84:b2:61:08:fc:c7:,UTTetudiants,-81,2026-04-28 15:14:53
84:b2:61:08:fc:c7:,UTTetudiants,-78,2026-04-28 15:14:57
84:b2:61:08:fc:c7:,UTTetudiants,-69,2026-04-28 15:14:57
84:b2:61:08:fc:c7:,UTTetudiants,-78,2026-04-28 15:14:57
84:b2:61:08:fc:c7:,UTTetudiants,-78,2026-04-28 15:15:02
84:b2:61:08:fc:c7:,UTTetudiants,-71,2026-04-28 15:15:02
84:b2:61:08:fc:c7:,UTTetudiants,-78,2026-04-28 15:15:02
84:b2:61:08:fc:c7:,UTTetudiants,-78,2026-04-28 15:15:08
84:b2:61:08:fc:c7:,UTTetudiants,-71,2026-04-28 15:15:08
84:b2:61:08:fc:c7:,UTTetudiants,-78,2026-04-28 15:15:08
84:b2:61:08:fc:c7:,UTTetudiants,-82,2026-04-28 15:15:12
84:b2:61:08:fc:c7:,UTTetudiants,-71,2026-04-28 15:15:12
84:b2:61:08:fc:c7:,UTTetudiants,-82,2026-04-28 15:15:12
84:b2:61:08:fc:c7:,UTTetudiants,-82,2026-04-28 15:15:19
84:b2:61:08:fc:c7:,UTTetudiants,-80,2026-04-28 15:15:19
84:b2:61:08:fc:c7:,UTTetudiants,-82,2026-04-28 15:15:19
84:b2:61:08:fc:c7:,UTTetudiants,-76,2026-04-28 15:15:28
84:b2:61:08:fc:c7:,UTTetudiants,-74,2026-04-28 15:15:28
84:b2:61:08:fc:c7:,UTTetudiants,-76,2026-04-28 15:15:28
84:b2:61:08:fc:c7:,UTTetudiants,-76,2026-04-28 15:15:31
84:b2:61:08:fc:c7:,UTTetudiants,-74,2026-04-28 15:15:31
84:b2:61:08:fc:c7:,UTTetudiants,-76,2026-04-28 15:15:31
84:b2:61:08:fc:c7:,UTTetudiants,-76,2026-04-28 15:15:34
84:b2:61:08:fc:c7:,UTTetudiants,-78,2026-04-28 15:15:34
84:b2:61:08:fc:c7:,UTTetudiants,-76,2026-04-28 15:15:34
84:b2:61:08:fc:c7:,UTTetudiants,-81,2026-04-28 15:15:44
84:b2:61:08:fc:c7:,UTTetudiants,-72,2026-04-28 15:15:44
84:b2:61:08:fc:c7:,UTTetudiants,-81,2026-04-28 15:15:44
84:b2:61:08:fc:c7:,UTTetudiants,-78,2026-04-28 15:15:48
84:b2:61:08:fc:c7:,UTTetudiants,-72,2026-04-28 15:15:48
84:b2:61:08:fc:c7:,UTTetudiants,-78,2026-04-28 15:15:48
84:b2:61:08:fc:c7:,UTTetudiants,-78,2026-04-28 15:15:51
84:b2:61:08:fc:c7:,UTTetudiants,-74,2026-04-28 15:15:51
84:b2:61:08:fc:c7:,UTTetudiants,-78,2026-04-28 15:15:51
84:b2:61:08:fc:c7:,UTTetudiants,-81,2026-04-28 15:15:57
84:b2:61:08:fc:c7:,UTTetudiants,-75,2026-04-28 15:15:57
84:b2:61:08:fc:c7:,UTTetudiants,-81,2026-04-28 15:15:57
84:b2:61:08:fc:c7:,UTTetudiants,-88,2026-04-28 15:16:00
84:b2:61:08:fc:c7:,UTTetudiants,-75,2026-04-28 15:16:00
84:b2:61:08:fc:c7:,UTTetudiants,-88,2026-04-28 15:16:00
84:b2:61:08:fc:c7:,UTTetudiants,-86,2026-04-28 15:16:07
84:b2:61:08:fc:c7:,UTTetudiants,-74,2026-04-28 15:16:07
84:b2:61:08:fc:c7:,UTTetudiants,-86,2026-04-28 15:16:07
84:b2:61:08:fc:c7:,UTTetudiants,-82,2026-04-28 15:16:10
84:b2:61:08:fc:c7:,UTTetudiants,-74,2026-04-28 15:16:10
84:b2:61:08:fc:c7:,UTTetudiants,-82,2026-04-28 15:16:10
84:b2:61:08:fc:c7:,UTTetudiants,-82,2026-04-28 15:16:14
84:b2:61:08:fc:c7:,UTTetudiants,-75,2026-04-28 15:16:14
84:b2:61:08:fc:c7:,UTTetudiants,-82,2026-04-28 15:16:14
84:b2:61:08:fc:c7:,UTTetudiants,-87,2026-04-28 15:16:23
84:b2:61:08:fc:c7:,UTTetudiants,-77,2026-04-28 15:16:23
84:b2:61:08:fc:c7:,UTTetudiants,-87,2026-04-28 15:16:23
84:b2:61:08:fc:c7:,UTTetudiants,-76,2026-04-28 15:16:27
84:b2:61:08:fc:c7:,UTTetudiants,-77,2026-04-28 15:16:27
84:b2:61:08:fc:c7:,UTTetudiants,-76,2026-04-28 15:16:27
84:b2:61:08:fc:c7:,UTTetudiants,-76,2026-04-28 15:16:30
84:b2:61:08:fc:c7:,UTTetudiants,-81,2026-04-28 15:16:30
84:b2:61:08:fc:c7:,UTTetudiants,-76,2026-04-28 15:16:30
84:b2:61:08:fc:c7:,UTTetudiants,-76,2026-04-28 15:16:35
84:b2:61:08:fc:c7:,UTTetudiants,-81,2026-04-28 15:16:35
84:b2:61:08:fc:c7:,UTTetudiants,-76,2026-04-28 15:16:35
84:b2:61:08:fc:c7:,UTTetudiants,-76,2026-04-28 15:16:40
84:b2:61:08:fc:c7:,UTTetudiants,-81,2026-04-28 15:16:40
84:b2:61:08:fc:c7:,UTTetudiants,-76,2026-04-28 15:16:40
84:b2:61:08:fc:c7:,UTTetudiants,-83,2026-04-28 15:16:47
84:b2:61:08:fc:c7:,UTTetudiants,-81,2026-04-28 15:16:47
84:b2:61:08:fc:c7:,UTTetudiants,-83,2026-04-28 15:16:47
84:b2:61:08:fc:c7:,UTTetudiants,-83,2026-04-28 15:16:53
84:b2:61:08:fc:c7:,UTTetudiants,-77,2026-04-28 15:16:53
84:b2:61:08:fc:c7:,UTTetudiants,-83,2026-04-28 15:16:53
84:b2:61:08:fc:c7:,UTTetudiants,-86,2026-04-28 15:16:56
84:b2:61:08:fc:c7:,UTTetudiants,-77,2026-04-28 15:16:56
84:b2:61:08:fc:c7:,UTTetudiants,-86,2026-04-28 15:16:56
84:b2:61:08:fc:c7:,UTTetudiants,-86,2026-04-28 15:16:59
84:b2:61:08:fc:c7:,UTTetudiants,-74,2026-04-28 15:16:59
84:b2:61:08:fc:c7:,UTTetudiants,-86,2026-04-28 15:16:59
84:b2:61:08:fc:c7:,UTTetudiants,-86,2026-04-28 15:17:05
84:b2:61:08:fc:c7:,UTTetudiants,-76,2026-04-28 15:17:05
84:b2:61:08:fc:c7:,UTTetudiants,-86,2026-04-28 15:17:05
84:b2:61:08:fc:c7:,UTTetudiants,-84,2026-04-28 15:17:11
84:b2:61:08:fc:c7:,UTTetudiants,-80,2026-04-28 15:17:11
84:b2:61:08:fc:c7:,UTTetudiants,-84,2026-04-28 15:17:11
84:b2:61:08:fc:c7:,UTTetudiants,-83,2026-04-28 15:17:15
84:b2:61:08:fc:c7:,UTTetudiants,-80,2026-04-28 15:17:15
84:b2:61:08:fc:c7:,UTTetudiants,-83,2026-04-28 15:17:15
84:b2:61:08:fc:c7:,UTTetudiants,-83,2026-04-28 15:17:20
84:b2:61:08:fc:c7:,UTTetudiants,-77,2026-04-28 15:17:20
84:b2:61:08:fc:c7:,UTTetudiants,-83,2026-04-28 15:17:20
84:b2:61:08:fc:c7:,UTTetudiants,-78,2026-04-28 15:17:23
84:b2:61:08:fc:c7:,UTTetudiants,-77,2026-04-28 15:17:23
84:b2:61:08:fc:c7:,UTTetudiants,-78,2026-04-28 15:17:23
84:b2:61:08:fc:c7:,UTTetudiants,-78,2026-04-28 15:17:27
84:b2:61:08:fc:c7:,UTTetudiants,-79,2026-04-28 15:17:27
84:b2:61:08:fc:c7:,UTTetudiants,-78,2026-04-28 15:17:27
84:b2:61:08:fc:c7:,UTTetudiants,-78,2026-04-28 15:17:33
84:b2:61:08:fc:c7:,UTTetudiants,-80,2026-04-28 15:17:33
84:b2:61:08:fc:c7:,UTTetudiants,-78,2026-04-28 15:17:33
84:b2:61:08:fc:c7:,UTTetudiants,-82,2026-04-28 15:17:39
84:b2:61:08:fc:c7:,UTTetudiants,-78,2026-04-28 15:17:39
84:b2:61:08:fc:c7:,UTTetudiants,-82,2026-04-28 15:17:39
84:b2:61:08:fc:c7:,UTTetudiants,-82,2026-04-28 15:17:42
84:b2:61:08:fc:c7:,UTTetudiants,-78,2026-04-28 15:17:42
84:b2:61:08:fc:c7:,UTTetudiants,-82,2026-04-28 15:17:42
84:b2:61:08:fc:c7:,UTTetudiants,-82,2026-04-28 15:17:46
84:b2:61:08:fc:c7:,UTTetudiants,-76,2026-04-28 15:17:46
84:b2:61:08:fc:c7:,UTTetudiants,-82,2026-04-28 15:17:46
84:b2:61:08:fc:c7:,UTTetudiants,-80,2026-04-28 15:17:50
84:b2:61:08:fc:c7:,UTTetudiants,-76,2026-04-28 15:17:50
84:b2:61:08:fc:c7:,UTTetudiants,-80,2026-04-28 15:17:50
84:b2:61:08:fc:c7:,UTTetudiants,-83,2026-04-28 15:17:56
84:b2:61:08:fc:c7:,UTTetudiants,-76,2026-04-28 15:17:56
84:b2:61:08:fc:c7:,UTTetudiants,-83,2026-04-28 15:17:56
84:b2:61:08:fc:c7:,UTTetudiants,-83,2026-04-28 15:17:59
84:b2:61:08:fc:c7:,UTTetudiants,-73,2026-04-28 15:17:59
84:b2:61:08:fc:c7:,UTTetudiants,-83,2026-04-28 15:17:59
84:b2:61:08:fc:c7:,UTTetudiants,-83,2026-04-28 15:18:03
84:b2:61:08:fc:c7:,UTTetudiants,-74,2026-04-28 15:18:03
84:b2:61:08:fc:c7:,UTTetudiants,-83,2026-04-28 15:18:03
84:b2:61:08:fc:c7:,UTTetudiants,-84,2026-04-28 15:18:08
84:b2:61:08:fc:c7:,UTTetudiants,-71,2026-04-28 15:18:08
84:b2:61:08:fc:c7:,UTTetudiants,-84,2026-04-28 15:18:08
84:b2:61:08:fc:c7:,UTTetudiants,-82,2026-04-28 15:18:13
84:b2:61:08:fc:c7:,UTTetudiants,-71,2026-04-28 15:18:13
84:b2:61:08:fc:c7:,UTTetudiants,-82,2026-04-28 15:18:13
84:b2:61:08:fc:c7:,UTTetudiants,-81,2026-04-28 15:18:19
84:b2:61:08:fc:c7:,UTTetudiants,-70,2026-04-28 15:18:19
84:b2:61:08:fc:c7:,UTTetudiants,-81,2026-04-28 15:18:19
84:b2:61:08:fc:c7:,UTTetudiants,-79,2026-04-28 15:18:23
84:b2:61:08:fc:c7:,UTTetudiants,-70,2026-04-28 15:18:23
84:b2:61:08:fc:c7:,UTTetudiants,-79,2026-04-28 15:18:23
84:b2:61:08:fc:c7:,UTTetudiants,-80,2026-04-28 15:18:28
84:b2:61:08:fc:c7:,UTTetudiants,-76,2026-04-28 15:18:28
84:b2:61:08:fc:c7:,UTTetudiants,-80,2026-04-28 15:18:28
84:b2:61:1f:b5:37:,UTTetudiants,-79,2026-04-28 15:14:14
84:b2:61:1f:b5:37:,UTTetudiants,-79,2026-04-28 15:14:14
84:b2:61:1f:b5:37:,UTTetudiants,-79,2026-04-28 15:14:18
84:b2:61:1f:b5:37:,UTTetudiants,-79,2026-04-28 15:14:18
84:b2:61:1f:b5:37:,UTTetudiants,-79,2026-04-28 15:14:22
84:b2:61:1f:b5:37:,UTTetudiants,-79,2026-04-28 15:14:22
84:b2:61:1f:b5:37:,UTTetudiants,-79,2026-04-28 15:14:27
84:b2:61:1f:b5:37:,UTTetudiants,-79,2026-04-28 15:14:27
84:b2:61:1f:b5:37:,UTTetudiants,-79,2026-04-28 15:14:31
84:b2:61:1f:b5:37:,UTTetudiants,-79,2026-04-28 15:14:31
84:b2:61:1f:b5:37:,UTTetudiants,-79,2026-04-28 15:14:35
84:b2:61:1f:b5:37:,UTTetudiants,-79,2026-04-28 15:14:35
84:b2:61:1f:b5:37:,UTTetudiants,-79,2026-04-28 15:14:39
84:b2:61:1f:b5:37:,UTTetudiants,-79,2026-04-28 15:14:39
84:b2:61:1f:b5:37:,UTTetudiants,-84,2026-04-28 15:14:44
84:b2:61:1f:b5:37:,UTTetudiants,-84,2026-04-28 15:14:44
84:b2:61:1f:b5:37:,UTTetudiants,-84,2026-04-28 15:14:48
84:b2:61:1f:b5:37:,UTTetudiants,-84,2026-04-28 15:14:48
84:b2:61:1f:b5:37:,UTTetudiants,-84,2026-04-28 15:14:53
84:b2:61:1f:b5:37:,UTTetudiants,-84,2026-04-28 15:14:53
84:b2:61:1f:b5:37:,UTTetudiants,-84,2026-04-28 15:14:57
84:b2:61:1f:b5:37:,UTTetudiants,-84,2026-04-28 15:14:57
84:b2:61:1f:b5:37:,UTTetudiants,-84,2026-04-28 15:15:02
84:b2:61:1f:b5:37:,UTTetudiants,-84,2026-04-28 15:15:02
84:b2:61:1f:b5:37:,UTTetudiants,-84,2026-04-28 15:15:08
84:b2:61:1f:b5:37:,UTTetudiants,-84,2026-04-28 15:15:08
84:b2:61:1f:b5:37:,UTTetudiants,-84,2026-04-28 15:15:12
84:b2:61:1f:b5:37:,UTTetudiants,-84,2026-04-28 15:15:12
84:b2:61:1f:b5:37:,UTTetudiants,-84,2026-04-28 15:15:19
84:b2:61:1f:b5:37:,UTTetudiants,-84,2026-04-28 15:15:19
84:b2:61:1f:b5:37:,UTTetudiants,-84,2026-04-28 15:15:28
84:b2:61:1f:b5:37:,UTTetudiants,-84,2026-04-28 15:15:28
84:b2:61:1f:b5:37:,UTTetudiants,-84,2026-04-28 15:15:31
84:b2:61:1f:b5:37:,UTTetudiants,-84,2026-04-28 15:15:31
84:b2:61:1f:b5:37:,UTTetudiants,-84,2026-04-28 15:15:34
84:b2:61:1f:b5:37:,UTTetudiants,-84,2026-04-28 15:15:34
84:b2:61:1f:b5:37:,UTTetudiants,-84,2026-04-28 15:15:44
84:b2:61:1f:b5:37:,UTTetudiants,-84,2026-04-28 15:15:44
84:b2:61:1f:b5:37:,UTTetudiants,-84,2026-04-28 15:15:48
84:b2:61:1f:b5:37:,UTTetudiants,-84,2026-04-28 15:15:48
84:b2:61:1f:b5:37:,UTTetudiants,-84,2026-04-28 15:15:51
84:b2:61:1f:b5:37:,UTTetudiants,-84,2026-04-28 15:15:51
84:b2:61:1f:b5:37:,UTTetudiants,-84,2026-04-28 15:15:57
84:b2:61:1f:b5:37:,UTTetudiants,-84,2026-04-28 15:15:57
84:b2:61:1f:b5:37:,UTTetudiants,-84,2026-04-28 15:16:00
84:b2:61:1f:b5:37:,UTTetudiants,-84,2026-04-28 15:16:00
84:b2:61:1f:b5:37:,UTTetudiants,-84,2026-04-28 15:16:07
84:b2:61:1f:b5:37:,UTTetudiants,-84,2026-04-28 15:16:07
84:b2:61:1f:b5:37:,UTTetudiants,-84,2026-04-28 15:16:10
84:b2:61:1f:b5:37:,UTTetudiants,-84,2026-04-28 15:16:10
84:b2:61:1f:b5:37:,UTTetudiants,-84,2026-04-28 15:16:14
84:b2:61:1f:b5:37:,UTTetudiants,-84,2026-04-28 15:16:14
84:b2:61:1f:b5:37:,UTTetudiants,-84,2026-04-28 15:16:23
84:b2:61:1f:b5:37:,UTTetudiants,-84,2026-04-28 15:16:23
84:b2:61:1f:b5:37:,UTTetudiants,-84,2026-04-28 15:16:27
84:b2:61:1f:b5:37:,UTTetudiants,-84,2026-04-28 15:16:27
84:b2:61:1f:b5:37:,UTTetudiants,-84,2026-04-28 15:16:30
84:b2:61:1f:b5:37:,UTTetudiants,-84,2026-04-28 15:16:30
84:b2:61:1f:b5:37:,UTTetudiants,-84,2026-04-28 15:16:35
84:b2:61:1f:b5:37:,UTTetudiants,-84,2026-04-28 15:16:35
84:b2:61:1f:b5:37:,UTTetudiants,-84,2026-04-28 15:16:40
84:b2:61:1f:b5:37:,UTTetudiants,-84,2026-04-28 15:16:40
84:b2:61:1f:b5:37:,UTTetudiants,-85,2026-04-28 15:18:13
84:b2:61:1f:b5:37:,UTTetudiants,-85,2026-04-28 15:18:13
84:b2:61:1f:b5:37:,UTTetudiants,-85,2026-04-28 15:18:19
84:b2:61:1f:b5:37:,UTTetudiants,-85,2026-04-28 15:18:19
84:b2:61:1f:b5:37:,UTTetudiants,-85,2026-04-28 15:18:23
84:b2:61:1f:b5:37:,UTTetudiants,-85,2026-04-28 15:18:23
84:b2:61:1f:b5:37:,UTTetudiants,-85,2026-04-28 15:18:28
84:b2:61:1f:b5:37:,UTTetudiants,-85,2026-04-28 15:18:28
70:61:7b:e9:ac:28:,UTTetudiants,-53,2026-04-28 15:14:14
70:61:7b:e9:ac:28:,UTTetudiants,-52,2026-04-28 15:14:14
70:61:7b:e9:ac:28:,UTTetudiants,-53,2026-04-28 15:14:14
70:61:7b:e9:ac:28:,UTTetudiants,-53,2026-04-28 15:14:18
70:61:7b:e9:ac:28:,UTTetudiants,-46,2026-04-28 15:14:18
70:61:7b:e9:ac:28:,UTTetudiants,-53,2026-04-28 15:14:18
70:61:7b:e9:ac:28:,UTTetudiants,-60,2026-04-28 15:14:22
70:61:7b:e9:ac:28:,UTTetudiants,-46,2026-04-28 15:14:22
70:61:7b:e9:ac:28:,UTTetudiants,-60,2026-04-28 15:14:22
70:61:7b:e9:ac:28:,UTTetudiants,-47,2026-04-28 15:14:27
70:61:7b:e9:ac:28:,UTTetudiants,-51,2026-04-28 15:14:27
70:61:7b:e9:ac:28:,UTTetudiants,-47,2026-04-28 15:14:27
70:61:7b:e9:ac:28:,UTTetudiants,-47,2026-04-28 15:14:31
70:61:7b:e9:ac:28:,UTTetudiants,-52,2026-04-28 15:14:31
70:61:7b:e9:ac:28:,UTTetudiants,-47,2026-04-28 15:14:31
70:61:7b:e9:ac:28:,UTTetudiants,-50,2026-04-28 15:14:35
70:61:7b:e9:ac:28:,UTTetudiants,-52,2026-04-28 15:14:35
70:61:7b:e9:ac:28:,UTTetudiants,-50,2026-04-28 15:14:35
70:61:7b:e9:ac:28:,UTTetudiants,-56,2026-04-28 15:14:39
70:61:7b:e9:ac:28:,UTTetudiants,-56,2026-04-28 15:14:39
70:61:7b:e9:ac:28:,UTTetudiants,-56,2026-04-28 15:14:39
70:61:7b:e9:ac:28:,UTTetudiants,-45,2026-04-28 15:14:44
70:61:7b:e9:ac:28:,UTTetudiants,-47,2026-04-28 15:14:44
70:61:7b:e9:ac:28:,UTTetudiants,-45,2026-04-28 15:14:44
70:61:7b:e9:ac:28:,UTTetudiants,-47,2026-04-28 15:14:48
70:61:7b:e9:ac:28:,UTTetudiants,-48,2026-04-28 15:14:48
70:61:7b:e9:ac:28:,UTTetudiants,-47,2026-04-28 15:14:48
70:61:7b:e9:ac:28:,UTTetudiants,-48,2026-04-28 15:14:53
70:61:7b:e9:ac:28:,UTTetudiants,-48,2026-04-28 15:14:53
70:61:7b:e9:ac:28:,UTTetudiants,-48,2026-04-28 15:14:53
70:61:7b:e9:ac:28:,UTTetudiants,-46,2026-04-28 15:14:57
70:61:7b:e9:ac:28:,UTTetudiants,-53,2026-04-28 15:14:57
70:61:7b:e9:ac:28:,UTTetudiants,-46,2026-04-28 15:14:57
70:61:7b:e9:ac:28:,UTTetudiants,-48,2026-04-28 15:15:02
70:61:7b:e9:ac:28:,UTTetudiants,-46,2026-04-28 15:15:02
70:61:7b:e9:ac:28:,UTTetudiants,-48,2026-04-28 15:15:02
70:61:7b:e9:ac:28:,UTTetudiants,-48,2026-04-28 15:15:08
70:61:7b:e9:ac:28:,UTTetudiants,-63,2026-04-28 15:15:08
70:61:7b:e9:ac:28:,UTTetudiants,-48,2026-04-28 15:15:08
70:61:7b:e9:ac:28:,UTTetudiants,-46,2026-04-28 15:15:12
70:61:7b:e9:ac:28:,UTTetudiants,-63,2026-04-28 15:15:12
70:61:7b:e9:ac:28:,UTTetudiants,-46,2026-04-28 15:15:12
70:61:7b:e9:ac:28:,UTTetudiants,-47,2026-04-28 15:15:19
70:61:7b:e9:ac:28:,UTTetudiants,-62,2026-04-28 15:15:19
70:61:7b:e9:ac:28:,UTTetudiants,-47,2026-04-28 15:15:19
70:61:7b:e9:ac:28:,UTTetudiants,-52,2026-04-28 15:15:28
70:61:7b:e9:ac:28:,UTTetudiants,-58,2026-04-28 15:15:28
70:61:7b:e9:ac:28:,UTTetudiants,-52,2026-04-28 15:15:28
70:61:7b:e9:ac:28:,UTTetudiants,-49,2026-04-28 15:15:31
70:61:7b:e9:ac:28:,UTTetudiants,-58,2026-04-28 15:15:31
70:61:7b:e9:ac:28:,UTTetudiants,-49,2026-04-28 15:15:31
70:61:7b:e9:ac:28:,UTTetudiants,-49,2026-04-28 15:15:34
70:61:7b:e9:ac:28:,UTTetudiants,-58,2026-04-28 15:15:34
70:61:7b:e9:ac:28:,UTTetudiants,-49,2026-04-28 15:15:34
70:61:7b:e9:ac:28:,UTTetudiants,-49,2026-04-28 15:15:44
70:61:7b:e9:ac:28:,UTTetudiants,-42,2026-04-28 15:15:44
70:61:7b:e9:ac:28:,UTTetudiants,-49,2026-04-28 15:15:44
70:61:7b:e9:ac:28:,UTTetudiants,-47,2026-04-28 15:15:48
70:61:7b:e9:ac:28:,UTTetudiants,-42,2026-04-28 15:15:48
70:61:7b:e9:ac:28:,UTTetudiants,-47,2026-04-28 15:15:48
70:61:7b:e9:ac:28:,UTTetudiants,-50,2026-04-28 15:15:51
70:61:7b:e9:ac:28:,UTTetudiants,-42,2026-04-28 15:15:51
70:61:7b:e9:ac:28:,UTTetudiants,-50,2026-04-28 15:15:51
70:61:7b:e9:ac:28:,UTTetudiants,-44,2026-04-28 15:15:57
70:61:7b:e9:ac:28:,UTTetudiants,-49,2026-04-28 15:15:57
70:61:7b:e9:ac:28:,UTTetudiants,-44,2026-04-28 15:15:57
70:61:7b:e9:ac:28:,UTTetudiants,-47,2026-04-28 15:16:00
70:61:7b:e9:ac:28:,UTTetudiants,-49,2026-04-28 15:16:00
70:61:7b:e9:ac:28:,UTTetudiants,-47,2026-04-28 15:16:00
70:61:7b:e9:ac:28:,UTTetudiants,-44,2026-04-28 15:16:07
70:61:7b:e9:ac:28:,UTTetudiants,-55,2026-04-28 15:16:07
70:61:7b:e9:ac:28:,UTTetudiants,-44,2026-04-28 15:16:07
70:61:7b:e9:ac:28:,UTTetudiants,-48,2026-04-28 15:16:10
70:61:7b:e9:ac:28:,UTTetudiants,-52,2026-04-28 15:16:10
70:61:7b:e9:ac:28:,UTTetudiants,-48,2026-04-28 15:16:10
70:61:7b:e9:ac:28:,UTTetudiants,-49,2026-04-28 15:16:14
70:61:7b:e9:ac:28:,UTTetudiants,-59,2026-04-28 15:16:14
70:61:7b:e9:ac:28:,UTTetudiants,-49,2026-04-28 15:16:14
70:61:7b:e9:ac:28:,UTTetudiants,-54,2026-04-28 15:16:23
70:61:7b:e9:ac:28:,UTTetudiants,-59,2026-04-28 15:16:23
70:61:7b:e9:ac:28:,UTTetudiants,-54,2026-04-28 15:16:23
70:61:7b:e9:ac:28:,UTTetudiants,-48,2026-04-28 15:16:27
70:61:7b:e9:ac:28:,UTTetudiants,-52,2026-04-28 15:16:27
70:61:7b:e9:ac:28:,UTTetudiants,-48,2026-04-28 15:16:27
70:61:7b:e9:ac:28:,UTTetudiants,-48,2026-04-28 15:16:30
70:61:7b:e9:ac:28:,UTTetudiants,-52,2026-04-28 15:16:30
70:61:7b:e9:ac:28:,UTTetudiants,-48,2026-04-28 15:16:30
70:61:7b:e9:ac:28:,UTTetudiants,-44,2026-04-28 15:16:35
70:61:7b:e9:ac:28:,UTTetudiants,-60,2026-04-28 15:16:35
70:61:7b:e9:ac:28:,UTTetudiants,-44,2026-04-28 15:16:35
70:61:7b:e9:ac:28:,UTTetudiants,-46,2026-04-28 15:16:40
70:61:7b:e9:ac:28:,UTTetudiants,-54,2026-04-28 15:16:40
70:61:7b:e9:ac:28:,UTTetudiants,-46,2026-04-28 15:16:40
70:61:7b:e9:ac:28:,UTTetudiants,-42,2026-04-28 15:16:47
70:61:7b:e9:ac:28:,UTTetudiants,-64,2026-04-28 15:16:47
70:61:7b:e9:ac:28:,UTTetudiants,-42,2026-04-28 15:16:47
70:61:7b:e9:ac:28:,UTTetudiants,-48,2026-04-28 15:16:53
70:61:7b:e9:ac:28:,UTTetudiants,-52,2026-04-28 15:16:53
70:61:7b:e9:ac:28:,UTTetudiants,-48,2026-04-28 15:16:53
70:61:7b:e9:ac:28:,UTTetudiants,-50,2026-04-28 15:16:56
70:61:7b:e9:ac:28:,UTTetudiants,-58,2026-04-28 15:16:56
70:61:7b:e9:ac:28:,UTTetudiants,-50,2026-04-28 15:16:56
70:61:7b:e9:ac:28:,UTTetudiants,-50,2026-04-28 15:16:59
70:61:7b:e9:ac:28:,UTTetudiants,-58,2026-04-28 15:16:59
70:61:7b:e9:ac:28:,UTTetudiants,-50,2026-04-28 15:16:59
70:61:7b:e9:ac:28:,UTTetudiants,-50,2026-04-28 15:17:05
70:61:7b:e9:ac:28:,UTTetudiants,-62,2026-04-28 15:17:05
70:61:7b:e9:ac:28:,UTTetudiants,-50,2026-04-28 15:17:05
70:61:7b:e9:ac:28:,UTTetudiants,-50,2026-04-28 15:17:11
70:61:7b:e9:ac:28:,UTTetudiants,-55,2026-04-28 15:17:11
70:61:7b:e9:ac:28:,UTTetudiants,-50,2026-04-28 15:17:11
70:61:7b:e9:ac:28:,UTTetudiants,-53,2026-04-28 15:17:15
70:61:7b:e9:ac:28:,UTTetudiants,-57,2026-04-28 15:17:15
70:61:7b:e9:ac:28:,UTTetudiants,-53,2026-04-28 15:17:15
70:61:7b:e9:ac:28:,UTTetudiants,-50,2026-04-28 15:17:20
70:61:7b:e9:ac:28:,UTTetudiants,-55,2026-04-28 15:17:20
70:61:7b:e9:ac:28:,UTTetudiants,-50,2026-04-28 15:17:20
70:61:7b:e9:ac:28:,UTTetudiants,-50,2026-04-28 15:17:23
70:61:7b:e9:ac:28:,UTTetudiants,-56,2026-04-28 15:17:23
70:61:7b:e9:ac:28:,UTTetudiants,-50,2026-04-28 15:17:23
70:61:7b:e9:ac:28:,UTTetudiants,-52,2026-04-28 15:17:27
70:61:7b:e9:ac:28:,UTTetudiants,-56,2026-04-28 15:17:27
70:61:7b:e9:ac:28:,UTTetudiants,-52,2026-04-28 15:17:27
70:61:7b:e9:ac:28:,UTTetudiants,-52,2026-04-28 15:17:33
70:61:7b:e9:ac:28:,UTTetudiants,-65,2026-04-28 15:17:33
70:61:7b:e9:ac:28:,UTTetudiants,-52,2026-04-28 15:17:33
70:61:7b:e9:ac:28:,UTTetudiants,-51,2026-04-28 15:17:39
70:61:7b:e9:ac:28:,UTTetudiants,-53,2026-04-28 15:17:39
70:61:7b:e9:ac:28:,UTTetudiants,-51,2026-04-28 15:17:39
70:61:7b:e9:ac:28:,UTTetudiants,-48,2026-04-28 15:17:42
70:61:7b:e9:ac:28:,UTTetudiants,-52,2026-04-28 15:17:42
70:61:7b:e9:ac:28:,UTTetudiants,-48,2026-04-28 15:17:42
70:61:7b:e9:ac:28:,UTTetudiants,-48,2026-04-28 15:17:46
70:61:7b:e9:ac:28:,UTTetudiants,-52,2026-04-28 15:17:46
70:61:7b:e9:ac:28:,UTTetudiants,-48,2026-04-28 15:17:46
70:61:7b:e9:ac:28:,UTTetudiants,-48,2026-04-28 15:17:50
70:61:7b:e9:ac:28:,UTTetudiants,-40,2026-04-28 15:17:50
70:61:7b:e9:ac:28:,UTTetudiants,-48,2026-04-28 15:17:50
70:61:7b:e9:ac:28:,UTTetudiants,-52,2026-04-28 15:17:56
70:61:7b:e9:ac:28:,UTTetudiants,-53,2026-04-28 15:17:56
70:61:7b:e9:ac:28:,UTTetudiants,-52,2026-04-28 15:17:56
70:61:7b:e9:ac:28:,UTTetudiants,-49,2026-04-28 15:17:59
70:61:7b:e9:ac:28:,UTTetudiants,-53,2026-04-28 15:17:59
70:61:7b:e9:ac:28:,UTTetudiants,-49,2026-04-28 15:17:59
70:61:7b:e9:ac:28:,UTTetudiants,-53,2026-04-28 15:18:03
70:61:7b:e9:ac:28:,UTTetudiants,-59,2026-04-28 15:18:03
70:61:7b:e9:ac:28:,UTTetudiants,-53,2026-04-28 15:18:03
70:61:7b:e9:ac:28:,UTTetudiants,-47,2026-04-28 15:18:08
70:61:7b:e9:ac:28:,UTTetudiants,-62,2026-04-28 15:18:08
70:61:7b:e9:ac:28:,UTTetudiants,-47,2026-04-28 15:18:08
70:61:7b:e9:ac:28:,UTTetudiants,-47,2026-04-28 15:18:13
70:61:7b:e9:ac:28:,UTTetudiants,-51,2026-04-28 15:18:13
70:61:7b:e9:ac:28:,UTTetudiants,-47,2026-04-28 15:18:13
70:61:7b:e9:ac:28:,UTTetudiants,-47,2026-04-28 15:18:19
70:61:7b:e9:ac:28:,UTTetudiants,-52,2026-04-28 15:18:19
70:61:7b:e9:ac:28:,UTTetudiants,-47,2026-04-28 15:18:19
70:61:7b:e9:ac:28:,UTTetudiants,-47,2026-04-28 15:18:23
70:61:7b:e9:ac:28:,UTTetudiants,-56,2026-04-28 15:18:23
70:61:7b:e9:ac:28:,UTTetudiants,-47,2026-04-28 15:18:23
70:61:7b:e9:ac:28:,UTTetudiants,-54,2026-04-28 15:18:28
70:61:7b:e9:ac:28:,UTTetudiants,-47,2026-04-28 15:18:28
70:61:7b:e9:ac:28:,UTTetudiants,-54,2026-04-28 15:18:28
84:b2:61:08:fc:c1:,UTT,-84,2026-04-28 15:14:14
84:b2:61:08:fc:c1:,UTT,-73,2026-04-28 15:14:18
84:b2:61:08:fc:c1:,UTT,-73,2026-04-28 15:14:22
84:b2:61:08:fc:c1:,UTT,-83,2026-04-28 15:14:27
84:b2:61:08:fc:c1:,UTT,-82,2026-04-28 15:14:31
84:b2:61:08:fc:c1:,UTT,-82,2026-04-28 15:14:35
84:b2:61:08:fc:c1:,UTT,-84,2026-04-28 15:14:39
84:b2:61:08:fc:c1:,UTT,-78,2026-04-28 15:14:44
84:b2:61:08:fc:c1:,UTT,-78,2026-04-28 15:14:48
84:b2:61:08:fc:c1:,UTT,-78,2026-04-28 15:14:53
84:b2:61:08:fc:c1:,UTT,-77,2026-04-28 15:14:57
84:b2:61:08:fc:c1:,UTT,-77,2026-04-28 15:15:02
84:b2:61:08:fc:c1:,UTT,-77,2026-04-28 15:15:08
84:b2:61:08:fc:c1:,UTT,-82,2026-04-28 15:15:12
84:b2:61:08:fc:c1:,UTT,-82,2026-04-28 15:15:19
84:b2:61:08:fc:c1:,UTT,-76,2026-04-28 15:15:28
84:b2:61:08:fc:c1:,UTT,-76,2026-04-28 15:15:31
84:b2:61:08:fc:c1:,UTT,-76,2026-04-28 15:15:34
84:b2:61:08:fc:c1:,UTT,-79,2026-04-28 15:15:44
84:b2:61:08:fc:c1:,UTT,-80,2026-04-28 15:15:48
84:b2:61:08:fc:c1:,UTT,-80,2026-04-28 15:15:51
84:b2:61:08:fc:c1:,UTT,-83,2026-04-28 15:15:57
84:b2:61:08:fc:c1:,UTT,-85,2026-04-28 15:16:00
84:b2:61:08:fc:c1:,UTT,-86,2026-04-28 15:16:07
84:b2:61:08:fc:c1:,UTT,-82,2026-04-28 15:16:10
84:b2:61:08:fc:c1:,UTT,-82,2026-04-28 15:16:14
84:b2:61:08:fc:c1:,UTT,-86,2026-04-28 15:16:23
84:b2:61:08:fc:c1:,UTT,-76,2026-04-28 15:16:27
84:b2:61:08:fc:c1:,UTT,-76,2026-04-28 15:16:30
84:b2:61:08:fc:c1:,UTT,-76,2026-04-28 15:16:35
84:b2:61:08:fc:c1:,UTT,-76,2026-04-28 15:16:40
84:b2:61:08:fc:c1:,UTT,-76,2026-04-28 15:16:47
84:b2:61:08:fc:c1:,UTT,-86,2026-04-28 15:16:53
84:b2:61:08:fc:c1:,UTT,-87,2026-04-28 15:16:56
84:b2:61:08:fc:c1:,UTT,-87,2026-04-28 15:16:59
84:b2:61:08:fc:c1:,UTT,-87,2026-04-28 15:17:05
84:b2:61:08:fc:c1:,UTT,-85,2026-04-28 15:17:11
84:b2:61:08:fc:c1:,UTT,-84,2026-04-28 15:17:15
84:b2:61:08:fc:c1:,UTT,-84,2026-04-28 15:17:20
84:b2:61:08:fc:c1:,UTT,-77,2026-04-28 15:17:23
84:b2:61:08:fc:c1:,UTT,-77,2026-04-28 15:17:27
84:b2:61:08:fc:c1:,UTT,-77,2026-04-28 15:17:33
84:b2:61:08:fc:c1:,UTT,-82,2026-04-28 15:17:39
84:b2:61:08:fc:c1:,UTT,-82,2026-04-28 15:17:42
84:b2:61:08:fc:c1:,UTT,-82,2026-04-28 15:17:46
84:b2:61:08:fc:c1:,UTT,-80,2026-04-28 15:17:50
84:b2:61:08:fc:c1:,UTT,-84,2026-04-28 15:17:56
84:b2:61:08:fc:c1:,UTT,-84,2026-04-28 15:17:59
84:b2:61:08:fc:c1:,UTT,-84,2026-04-28 15:18:03
84:b2:61:08:fc:c1:,UTT,-84,2026-04-28 15:18:08
84:b2:61:08:fc:c1:,UTT,-81,2026-04-28 15:18:13
84:b2:61:08:fc:c1:,UTT,-81,2026-04-28 15:18:19
84:b2:61:08:fc:c1:,UTT,-79,2026-04-28 15:18:23
84:b2:61:08:fc:c1:,UTT,-80,2026-04-28 15:18:28
70:61:7b:e9:ac:2e:,UTT,-53,2026-04-28 15:14:14
70:61:7b:e9:ac:2e:,UTT,-53,2026-04-28 15:14:18
70:61:7b:e9:ac:2e:,UTT,-60,2026-04-28 15:14:22
70:61:7b:e9:ac:2e:,UTT,-47,2026-04-28 15:14:27
70:61:7b:e9:ac:2e:,UTT,-47,2026-04-28 15:14:31
70:61:7b:e9:ac:2e:,UTT,-49,2026-04-28 15:14:35
70:61:7b:e9:ac:2e:,UTT,-56,2026-04-28 15:14:39
70:61:7b:e9:ac:2e:,UTT,-44,2026-04-28 15:14:44
70:61:7b:e9:ac:2e:,UTT,-47,2026-04-28 15:14:48
70:61:7b:e9:ac:2e:,UTT,-47,2026-04-28 15:14:53
70:61:7b:e9:ac:2e:,UTT,-51,2026-04-28 15:14:57
70:61:7b:e9:ac:2e:,UTT,-45,2026-04-28 15:15:02
70:61:7b:e9:ac:2e:,UTT,-46,2026-04-28 15:15:08
70:61:7b:e9:ac:2e:,UTT,-45,2026-04-28 15:15:12
70:61:7b:e9:ac:2e:,UTT,-50,2026-04-28 15:15:19
70:61:7b:e9:ac:2e:,UTT,-54,2026-04-28 15:15:28
70:61:7b:e9:ac:2e:,UTT,-53,2026-04-28 15:15:31
70:61:7b:e9:ac:2e:,UTT,-53,2026-04-28 15:15:34
70:61:7b:e9:ac:2e:,UTT,-45,2026-04-28 15:15:44
70:61:7b:e9:ac:2e:,UTT,-45,2026-04-28 15:15:48
70:61:7b:e9:ac:2e:,UTT,-45,2026-04-28 15:15:51
70:61:7b:e9:ac:2e:,UTT,-41,2026-04-28 15:15:57
70:61:7b:e9:ac:2e:,UTT,-41,2026-04-28 15:16:00
70:61:7b:e9:ac:2e:,UTT,-54,2026-04-28 15:16:07
70:61:7b:e9:ac:2e:,UTT,-48,2026-04-28 15:16:10
70:61:7b:e9:ac:2e:,UTT,-47,2026-04-28 15:16:14
70:61:7b:e9:ac:2e:,UTT,-55,2026-04-28 15:16:23
70:61:7b:e9:ac:2e:,UTT,-48,2026-04-28 15:16:27
70:61:7b:e9:ac:2e:,UTT,-48,2026-04-28 15:16:30
70:61:7b:e9:ac:2e:,UTT,-46,2026-04-28 15:16:35
70:61:7b:e9:ac:2e:,UTT,-49,2026-04-28 15:16:40
70:61:7b:e9:ac:2e:,UTT,-46,2026-04-28 15:16:47
70:61:7b:e9:ac:2e:,UTT,-51,2026-04-28 15:16:53
70:61:7b:e9:ac:2e:,UTT,-45,2026-04-28 15:16:56
70:61:7b:e9:ac:2e:,UTT,-45,2026-04-28 15:16:59
70:61:7b:e9:ac:2e:,UTT,-52,2026-04-28 15:17:05
70:61:7b:e9:ac:2e:,UTT,-53,2026-04-28 15:17:11
70:61:7b:e9:ac:2e:,UTT,-54,2026-04-28 15:17:15
70:61:7b:e9:ac:2e:,UTT,-52,2026-04-28 15:17:20
70:61:7b:e9:ac:2e:,UTT,-55,2026-04-28 15:17:23
70:61:7b:e9:ac:2e:,UTT,-55,2026-04-28 15:17:27
70:61:7b:e9:ac:2e:,UTT,-53,2026-04-28 15:17:33
70:61:7b:e9:ac:2e:,UTT,-53,2026-04-28 15:17:39
70:61:7b:e9:ac:2e:,UTT,-46,2026-04-28 15:17:42
70:61:7b:e9:ac:2e:,UTT,-46,2026-04-28 15:17:46
70:61:7b:e9:ac:2e:,UTT,-50,2026-04-28 15:17:50
70:61:7b:e9:ac:2e:,UTT,-50,2026-04-28 15:17:56
70:61:7b:e9:ac:2e:,UTT,-50,2026-04-28 15:17:59
70:61:7b:e9:ac:2e:,UTT,-51,2026-04-28 15:18:03
70:61:7b:e9:ac:2e:,UTT,-48,2026-04-28 15:18:08
70:61:7b:e9:ac:2e:,UTT,-46,2026-04-28 15:18:13
70:61:7b:e9:ac:2e:,UTT,-49,2026-04-28 15:18:19
70:61:7b:e9:ac:2e:,UTT,-50,2026-04-28 15:18:23
70:61:7b:e9:ac:2e:,UTT,-51,2026-04-28 15:18:28
f8:6b:d9:5e:10:c1:,UTT,-78,2026-04-28 15:14:14
f8:6b:d9:5e:10:c1:,UTT,-78,2026-04-28 15:14:18
f8:6b:d9:5e:10:c1:,UTT,-78,2026-04-28 15:14:22
f8:6b:d9:5e:10:c1:,UTT,-78,2026-04-28 15:14:27
f8:6b:d9:5e:10:c1:,UTT,-78,2026-04-28 15:14:31
f8:6b:d9:5e:10:c1:,UTT,-78,2026-04-28 15:14:35
f8:6b:d9:5e:10:c1:,UTT,-78,2026-04-28 15:14:39
f8:6b:d9:5e:10:c1:,UTT,-78,2026-04-28 15:14:44
f8:6b:d9:5e:10:c1:,UTT,-78,2026-04-28 15:14:48
f8:6b:d9:5e:10:c1:,UTT,-78,2026-04-28 15:14:53
f8:6b:d9:5e:10:c1:,UTT,-78,2026-04-28 15:14:57
f8:6b:d9:5e:10:c1:,UTT,-78,2026-04-28 15:15:02
f8:6b:d9:5e:10:c1:,UTT,-78,2026-04-28 15:15:08
f8:6b:d9:5e:10:c1:,UTT,-78,2026-04-28 15:15:12
f8:6b:d9:5e:10:c1:,UTT,-78,2026-04-28 15:15:19
f8:6b:d9:5e:10:c1:,UTT,-78,2026-04-28 15:15:28
f8:6b:d9:5e:10:c1:,UTT,-78,2026-04-28 15:15:31
f8:6b:d9:5e:10:c1:,UTT,-78,2026-04-28 15:15:34
84:b2:61:08:fc:ce:,UTT,-67,2026-04-28 15:14:14
84:b2:61:08:fc:ce:,UTT,-67,2026-04-28 15:14:18
84:b2:61:08:fc:ce:,UTT,-72,2026-04-28 15:14:22
84:b2:61:08:fc:ce:,UTT,-68,2026-04-28 15:14:27
84:b2:61:08:fc:ce:,UTT,-68,2026-04-28 15:14:31
84:b2:61:08:fc:ce:,UTT,-76,2026-04-28 15:14:35
84:b2:61:08:fc:ce:,UTT,-73,2026-04-28 15:14:39
84:b2:61:08:fc:ce:,UTT,-70,2026-04-28 15:14:44
84:b2:61:08:fc:ce:,UTT,-69,2026-04-28 15:14:48
84:b2:61:08:fc:ce:,UTT,-69,2026-04-28 15:14:53
84:b2:61:08:fc:ce:,UTT,-69,2026-04-28 15:14:57
84:b2:61:08:fc:ce:,UTT,-70,2026-04-28 15:15:02
84:b2:61:08:fc:ce:,UTT,-77,2026-04-28 15:15:08
84:b2:61:08:fc:ce:,UTT,-77,2026-04-28 15:15:12
84:b2:61:08:fc:ce:,UTT,-79,2026-04-28 15:15:19
84:b2:61:08:fc:ce:,UTT,-75,2026-04-28 15:15:28
84:b2:61:08:fc:ce:,UTT,-75,2026-04-28 15:15:31
84:b2:61:08:fc:ce:,UTT,-79,2026-04-28 15:15:34
84:b2:61:08:fc:ce:,UTT,-72,2026-04-28 15:15:44
84:b2:61:08:fc:ce:,UTT,-72,2026-04-28 15:15:48
84:b2:61:08:fc:ce:,UTT,-74,2026-04-28 15:15:51
84:b2:61:08:fc:ce:,UTT,-75,2026-04-28 15:15:57
84:b2:61:08:fc:ce:,UTT,-75,2026-04-28 15:16:00
84:b2:61:08:fc:ce:,UTT,-73,2026-04-28 15:16:07
84:b2:61:08:fc:ce:,UTT,-73,2026-04-28 15:16:10
84:b2:61:08:fc:ce:,UTT,-75,2026-04-28 15:16:14
84:b2:61:08:fc:ce:,UTT,-76,2026-04-28 15:16:23
84:b2:61:08:fc:ce:,UTT,-76,2026-04-28 15:16:27
84:b2:61:08:fc:ce:,UTT,-80,2026-04-28 15:16:30
84:b2:61:08:fc:ce:,UTT,-80,2026-04-28 15:16:35
84:b2:61:08:fc:ce:,UTT,-80,2026-04-28 15:16:40
84:b2:61:08:fc:ce:,UTT,-79,2026-04-28 15:16:47
84:b2:61:08:fc:ce:,UTT,-77,2026-04-28 15:16:53
84:b2:61:08:fc:ce:,UTT,-77,2026-04-28 15:16:56
84:b2:61:08:fc:ce:,UTT,-75,2026-04-28 15:16:59
84:b2:61:08:fc:ce:,UTT,-77,2026-04-28 15:17:05
84:b2:61:08:fc:ce:,UTT,-81,2026-04-28 15:17:11
84:b2:61:08:fc:ce:,UTT,-81,2026-04-28 15:17:15
84:b2:61:08:fc:ce:,UTT,-77,2026-04-28 15:17:20
84:b2:61:08:fc:ce:,UTT,-77,2026-04-28 15:17:23
84:b2:61:08:fc:ce:,UTT,-78,2026-04-28 15:17:27
84:b2:61:08:fc:ce:,UTT,-78,2026-04-28 15:17:33
84:b2:61:08:fc:ce:,UTT,-79,2026-04-28 15:17:39
84:b2:61:08:fc:ce:,UTT,-79,2026-04-28 15:17:42
84:b2:61:08:fc:ce:,UTT,-76,2026-04-28 15:17:46
84:b2:61:08:fc:ce:,UTT,-76,2026-04-28 15:17:50
84:b2:61:08:fc:ce:,UTT,-76,2026-04-28 15:17:56
84:b2:61:08:fc:ce:,UTT,-73,2026-04-28 15:17:59
84:b2:61:08:fc:ce:,UTT,-74,2026-04-28 15:18:03
84:b2:61:08:fc:ce:,UTT,-71,2026-04-28 15:18:08
84:b2:61:08:fc:ce:,UTT,-71,2026-04-28 15:18:13
84:b2:61:08:fc:ce:,UTT,-70,2026-04-28 15:18:19
84:b2:61:08:fc:ce:,UTT,-70,2026-04-28 15:18:23
84:b2:61:08:fc:ce:,UTT,-76,2026-04-28 15:18:28
70:61:7b:e9:ac:21:,UTT,-52,2026-04-28 15:14:14
70:61:7b:e9:ac:21:,UTT,-47,2026-04-28 15:14:18
70:61:7b:e9:ac:21:,UTT,-47,2026-04-28 15:14:22
70:61:7b:e9:ac:21:,UTT,-51,2026-04-28 15:14:27
70:61:7b:e9:ac:21:,UTT,-54,2026-04-28 15:14:31
70:61:7b:e9:ac:21:,UTT,-54,2026-04-28 15:14:35
70:61:7b:e9:ac:21:,UTT,-56,2026-04-28 15:14:39
70:61:7b:e9:ac:21:,UTT,-47,2026-04-28 15:14:44
70:61:7b:e9:ac:21:,UTT,-48,2026-04-28 15:14:48
70:61:7b:e9:ac:21:,UTT,-48,2026-04-28 15:14:53
70:61:7b:e9:ac:21:,UTT,-48,2026-04-28 15:14:57
70:61:7b:e9:ac:21:,UTT,-48,2026-04-28 15:15:02
70:61:7b:e9:ac:21:,UTT,-48,2026-04-28 15:15:08
70:61:7b:e9:ac:21:,UTT,-57,2026-04-28 15:15:12
70:61:7b:e9:ac:21:,UTT,-57,2026-04-28 15:15:19
70:61:7b:e9:ac:21:,UTT,-57,2026-04-28 15:15:28
70:61:7b:e9:ac:21:,UTT,-55,2026-04-28 15:15:31
70:61:7b:e9:ac:21:,UTT,-55,2026-04-28 15:15:34
70:61:7b:e9:ac:21:,UTT,-55,2026-04-28 15:15:44
70:61:7b:e9:ac:21:,UTT,-66,2026-04-28 15:15:48
70:61:7b:e9:ac:21:,UTT,-66,2026-04-28 15:15:51
70:61:7b:e9:ac:21:,UTT,-66,2026-04-28 15:15:57
70:61:7b:e9:ac:21:,UTT,-66,2026-04-28 15:16:00
70:61:7b:e9:ac:21:,UTT,-53,2026-04-28 15:16:07
70:61:7b:e9:ac:21:,UTT,-51,2026-04-28 15:16:10
70:61:7b:e9:ac:21:,UTT,-57,2026-04-28 15:16:14
70:61:7b:e9:ac:21:,UTT,-58,2026-04-28 15:16:23
70:61:7b:e9:ac:21:,UTT,-52,2026-04-28 15:16:27
70:61:7b:e9:ac:21:,UTT,-52,2026-04-28 15:16:30
70:61:7b:e9:ac:21:,UTT,-59,2026-04-28 15:16:35
70:61:7b:e9:ac:21:,UTT,-55,2026-04-28 15:16:40
70:61:7b:e9:ac:21:,UTT,-62,2026-04-28 15:16:47
70:61:7b:e9:ac:21:,UTT,-52,2026-04-28 15:16:53
70:61:7b:e9:ac:21:,UTT,-58,2026-04-28 15:16:56
70:61:7b:e9:ac:21:,UTT,-58,2026-04-28 15:16:59
70:61:7b:e9:ac:21:,UTT,-62,2026-04-28 15:17:05
70:61:7b:e9:ac:21:,UTT,-55,2026-04-28 15:17:11
70:61:7b:e9:ac:21:,UTT,-56,2026-04-28 15:17:15
70:61:7b:e9:ac:21:,UTT,-53,2026-04-28 15:17:20
70:61:7b:e9:ac:21:,UTT,-54,2026-04-28 15:17:23
70:61:7b:e9:ac:21:,UTT,-54,2026-04-28 15:17:27
70:61:7b:e9:ac:21:,UTT,-62,2026-04-28 15:17:33
70:61:7b:e9:ac:21:,UTT,-55,2026-04-28 15:17:39
70:61:7b:e9:ac:21:,UTT,-53,2026-04-28 15:17:42
70:61:7b:e9:ac:21:,UTT,-53,2026-04-28 15:17:46
70:61:7b:e9:ac:21:,UTT,-39,2026-04-28 15:17:50
70:61:7b:e9:ac:21:,UTT,-53,2026-04-28 15:17:56
70:61:7b:e9:ac:21:,UTT,-53,2026-04-28 15:17:59
70:61:7b:e9:ac:21:,UTT,-58,2026-04-28 15:18:03
70:61:7b:e9:ac:21:,UTT,-60,2026-04-28 15:18:08
70:61:7b:e9:ac:21:,UTT,-52,2026-04-28 15:18:13
70:61:7b:e9:ac:21:,UTT,-52,2026-04-28 15:18:19
70:61:7b:e9:ac:21:,UTT,-56,2026-04-28 15:18:23
70:61:7b:e9:ac:21:,UTT,-46,2026-04-28 15:18:28
84:b2:61:1f:b5:31:,UTT,-79,2026-04-28 15:14:14
84:b2:61:1f:b5:31:,UTT,-79,2026-04-28 15:14:18
84:b2:61:1f:b5:31:,UTT,-79,2026-04-28 15:14:22
84:b2:61:1f:b5:31:,UTT,-79,2026-04-28 15:14:27
84:b2:61:1f:b5:31:,UTT,-79,2026-04-28 15:14:31
84:b2:61:1f:b5:31:,UTT,-79,2026-04-28 15:14:35
84:b2:61:1f:b5:31:,UTT,-79,2026-04-28 15:14:39
84:b2:61:1f:b5:31:,UTT,-79,2026-04-28 15:14:44
84:b2:61:1f:b5:31:,UTT,-79,2026-04-28 15:14:48
84:b2:61:1f:b5:31:,UTT,-79,2026-04-28 15:14:53
84:b2:61:1f:b5:31:,UTT,-79,2026-04-28 15:14:57
84:b2:61:1f:b5:31:,UTT,-79,2026-04-28 15:15:02
84:b2:61:1f:b5:31:,UTT,-79,2026-04-28 15:15:08
84:b2:61:1f:b5:31:,UTT,-79,2026-04-28 15:15:12
84:b2:61:1f:b5:31:,UTT,-79,2026-04-28 15:15:19
84:b2:61:1f:b5:31:,UTT,-79,2026-04-28 15:15:28
84:b2:61:1f:b5:31:,UTT,-79,2026-04-28 15:15:31
84:b2:61:1f:b5:31:,UTT,-79,2026-04-28 15:15:34
84:b2:61:1f:b5:31:,UTT,-79,2026-04-28 15:15:44
84:b2:61:1f:b5:31:,UTT,-79,2026-04-28 15:15:48
84:b2:61:1f:b5:31:,UTT,-79,2026-04-28 15:15:51
84:b2:61:1f:b5:31:,UTT,-79,2026-04-28 15:15:57
84:b2:61:1f:b5:31:,UTT,-79,2026-04-28 15:16:00
84:b2:61:1f:b5:31:,UTT,-84,2026-04-28 15:18:13
84:b2:61:1f:b5:31:,UTT,-84,2026-04-28 15:18:19
84:b2:61:1f:b5:31:,UTT,-84,2026-04-28 15:18:23
84:b2:61:1f:b5:31:,UTT,-84,2026-04-28 15:18:28
f8:6b:d9:5e:10:ce:,UTT,-57,2026-04-28 15:14:14
f8:6b:d9:5e:10:ce:,UTT,-57,2026-04-28 15:14:18
f8:6b:d9:5e:10:ce:,UTT,-57,2026-04-28 15:14:22
f8:6b:d9:5e:10:ce:,UTT,-57,2026-04-28 15:14:27
f8:6b:d9:5e:10:ce:,UTT,-57,2026-04-28 15:14:31
f8:6b:d9:5e:10:ce:,UTT,-57,2026-04-28 15:14:35
f8:6b:d9:5e:10:ce:,UTT,-57,2026-04-28 15:14:39
f8:6b:d9:5e:10:ce:,UTT,-86,2026-04-28 15:14:44
f8:6b:d9:5e:10:ce:,UTT,-86,2026-04-28 15:14:48
f8:6b:d9:5e:10:ce:,UTT,-86,2026-04-28 15:14:53
f8:6b:d9:5e:10:ce:,UTT,-86,2026-04-28 15:14:57
f8:6b:d9:5e:10:ce:,UTT,-86,2026-04-28 15:15:02
f8:6b:d9:5e:10:ce:,UTT,-86,2026-04-28 15:15:08
f8:6b:d9:5e:10:ce:,UTT,-86,2026-04-28 15:15:12
f8:6b:d9:5e:10:ce:,UTT,-86,2026-04-28 15:15:19
f8:6b:d9:5e:10:ce:,UTT,-86,2026-04-28 15:15:28
f8:6b:d9:5e:10:ce:,UTT,-86,2026-04-28 15:15:31
f8:6b:d9:5e:10:ce:,UTT,-86,2026-04-28 15:15:34
f8:6b:d9:5e:10:ce:,UTT,-86,2026-04-28 15:15:44
f8:6b:d9:5e:10:ce:,UTT,-86,2026-04-28 15:15:48
f8:6b:d9:5e:10:ce:,UTT,-86,2026-04-28 15:15:51
f8:6b:d9:5e:10:ce:,UTT,-86,2026-04-28 15:15:57
f8:6b:d9:5e:10:ce:,UTT,-86,2026-04-28 15:16:00
f8:6b:d9:5e:10:ce:,UTT,-86,2026-04-28 15:16:07
f8:6b:d9:5e:10:ce:,UTT,-86,2026-04-28 15:16:10
f8:6b:d9:5e:10:ce:,UTT,-86,2026-04-28 15:16:14
f8:6b:d9:5e:10:ce:,UTT,-86,2026-04-28 15:16:23
f8:6b:d9:5e:10:ce:,UTT,-86,2026-04-28 15:16:27
f8:6b:d9:5e:10:ce:,UTT,-86,2026-04-28 15:16:30
f8:6b:d9:5e:10:ce:,UTT,-86,2026-04-28 15:16:35
f8:6b:d9:5e:10:ce:,UTT,-86,2026-04-28 15:16:40
f8:6b:d9:5e:10:ce:,UTT,-86,2026-04-28 15:18:19
f8:6b:d9:5e:10:ce:,UTT,-86,2026-04-28 15:18:23
f8:6b:d9:5e:10:ce:,UTT,-86,2026-04-28 15:18:28
70:61:7b:e9:ac:2d:,eduroam,-53,2026-04-28 15:14:14
70:61:7b:e9:ac:2d:,eduroam,-53,2026-04-28 15:14:18
70:61:7b:e9:ac:2d:,eduroam,-60,2026-04-28 15:14:22
70:61:7b:e9:ac:2d:,eduroam,-47,2026-04-28 15:14:27
70:61:7b:e9:ac:2d:,eduroam,-47,2026-04-28 15:14:31
70:61:7b:e9:ac:2d:,eduroam,-49,2026-04-28 15:14:35
70:61:7b:e9:ac:2d:,eduroam,-56,2026-04-28 15:14:39
70:61:7b:e9:ac:2d:,eduroam,-44,2026-04-28 15:14:44
70:61:7b:e9:ac:2d:,eduroam,-47,2026-04-28 15:14:48
70:61:7b:e9:ac:2d:,eduroam,-47,2026-04-28 15:14:53
70:61:7b:e9:ac:2d:,eduroam,-50,2026-04-28 15:14:57
70:61:7b:e9:ac:2d:,eduroam,-45,2026-04-28 15:15:02
70:61:7b:e9:ac:2d:,eduroam,-46,2026-04-28 15:15:08
70:61:7b:e9:ac:2d:,eduroam,-45,2026-04-28 15:15:12
70:61:7b:e9:ac:2d:,eduroam,-50,2026-04-28 15:15:19
70:61:7b:e9:ac:2d:,eduroam,-54,2026-04-28 15:15:28
70:61:7b:e9:ac:2d:,eduroam,-53,2026-04-28 15:15:31
70:61:7b:e9:ac:2d:,eduroam,-53,2026-04-28 15:15:34
70:61:7b:e9:ac:2d:,eduroam,-45,2026-04-28 15:15:44
70:61:7b:e9:ac:2d:,eduroam,-45,2026-04-28 15:15:48
70:61:7b:e9:ac:2d:,eduroam,-45,2026-04-28 15:15:51
70:61:7b:e9:ac:2d:,eduroam,-41,2026-04-28 15:15:57
70:61:7b:e9:ac:2d:,eduroam,-41,2026-04-28 15:16:00
70:61:7b:e9:ac:2d:,eduroam,-54,2026-04-28 15:16:07
70:61:7b:e9:ac:2d:,eduroam,-48,2026-04-28 15:16:10
70:61:7b:e9:ac:2d:,eduroam,-47,2026-04-28 15:16:14
70:61:7b:e9:ac:2d:,eduroam,-55,2026-04-28 15:16:23
70:61:7b:e9:ac:2d:,eduroam,-49,2026-04-28 15:16:27
70:61:7b:e9:ac:2d:,eduroam,-49,2026-04-28 15:16:30
70:61:7b:e9:ac:2d:,eduroam,-46,2026-04-28 15:16:35
70:61:7b:e9:ac:2d:,eduroam,-49,2026-04-28 15:16:40
70:61:7b:e9:ac:2d:,eduroam,-46,2026-04-28 15:16:47
70:61:7b:e9:ac:2d:,eduroam,-51,2026-04-28 15:16:53
70:61:7b:e9:ac:2d:,eduroam,-45,2026-04-28 15:16:56
70:61:7b:e9:ac:2d:,eduroam,-45,2026-04-28 15:16:59
70:61:7b:e9:ac:2d:,eduroam,-52,2026-04-28 15:17:05
70:61:7b:e9:ac:2d:,eduroam,-53,2026-04-28 15:17:11
70:61:7b:e9:ac:2d:,eduroam,-54,2026-04-28 15:17:15
70:61:7b:e9:ac:2d:,eduroam,-52,2026-04-28 15:17:20
70:61:7b:e9:ac:2d:,eduroam,-56,2026-04-28 15:17:23
70:61:7b:e9:ac:2d:,eduroam,-56,2026-04-28 15:17:27
70:61:7b:e9:ac:2d:,eduroam,-53,2026-04-28 15:17:33
70:61:7b:e9:ac:2d:,eduroam,-53,2026-04-28 15:17:39
70:61:7b:e9:ac:2d:,eduroam,-46,2026-04-28 15:17:42
70:61:7b:e9:ac:2d:,eduroam,-46,2026-04-28 15:17:46
70:61:7b:e9:ac:2d:,eduroam,-50,2026-04-28 15:17:50
70:61:7b:e9:ac:2d:,eduroam,-50,2026-04-28 15:17:56
70:61:7b:e9:ac:2d:,eduroam,-50,2026-04-28 15:17:59
70:61:7b:e9:ac:2d:,eduroam,-51,2026-04-28 15:18:03
70:61:7b:e9:ac:2d:,eduroam,-48,2026-04-28 15:18:08
70:61:7b:e9:ac:2d:,eduroam,-46,2026-04-28 15:18:13
70:61:7b:e9:ac:2d:,eduroam,-49,2026-04-28 15:18:19
70:61:7b:e9:ac:2d:,eduroam,-50,2026-04-28 15:18:23
70:61:7b:e9:ac:2d:,eduroam,-52,2026-04-28 15:18:28
70:61:7b:e9:ac:22:,eduroam,-52,2026-04-28 15:14:14
70:61:7b:e9:ac:22:,eduroam,-46,2026-04-28 15:14:18
70:61:7b:e9:ac:22:,eduroam,-46,2026-04-28 15:14:22
70:61:7b:e9:ac:22:,eduroam,-51,2026-04-28 15:14:27
70:61:7b:e9:ac:22:,eduroam,-54,2026-04-28 15:14:31
70:61:7b:e9:ac:22:,eduroam,-54,2026-04-28 15:14:35
70:61:7b:e9:ac:22:,eduroam,-57,2026-04-28 15:14:39
70:61:7b:e9:ac:22:,eduroam,-46,2026-04-28 15:14:44
70:61:7b:e9:ac:22:,eduroam,-48,2026-04-28 15:14:48
70:61:7b:e9:ac:22:,eduroam,-48,2026-04-28 15:14:53
70:61:7b:e9:ac:22:,eduroam,-48,2026-04-28 15:14:57
70:61:7b:e9:ac:22:,eduroam,-48,2026-04-28 15:15:02
70:61:7b:e9:ac:22:,eduroam,-48,2026-04-28 15:15:08
70:61:7b:e9:ac:22:,eduroam,-57,2026-04-28 15:15:12
70:61:7b:e9:ac:22:,eduroam,-57,2026-04-28 15:15:19
70:61:7b:e9:ac:22:,eduroam,-57,2026-04-28 15:15:28
70:61:7b:e9:ac:22:,eduroam,-57,2026-04-28 15:15:31
70:61:7b:e9:ac:22:,eduroam,-57,2026-04-28 15:15:34
70:61:7b:e9:ac:22:,eduroam,-57,2026-04-28 15:15:44
70:61:7b:e9:ac:22:,eduroam,-67,2026-04-28 15:15:48
70:61:7b:e9:ac:22:,eduroam,-67,2026-04-28 15:15:51
70:61:7b:e9:ac:22:,eduroam,-67,2026-04-28 15:15:57
70:61:7b:e9:ac:22:,eduroam,-67,2026-04-28 15:16:00
70:61:7b:e9:ac:22:,eduroam,-54,2026-04-28 15:16:07
70:61:7b:e9:ac:22:,eduroam,-52,2026-04-28 15:16:10
70:61:7b:e9:ac:22:,eduroam,-58,2026-04-28 15:16:14
70:61:7b:e9:ac:22:,eduroam,-58,2026-04-28 15:16:23
70:61:7b:e9:ac:22:,eduroam,-52,2026-04-28 15:16:27
70:61:7b:e9:ac:22:,eduroam,-52,2026-04-28 15:16:30
70:61:7b:e9:ac:22:,eduroam,-59,2026-04-28 15:16:35
70:61:7b:e9:ac:22:,eduroam,-55,2026-04-28 15:16:40
70:61:7b:e9:ac:22:,eduroam,-64,2026-04-28 15:16:47
70:61:7b:e9:ac:22:,eduroam,-53,2026-04-28 15:16:53
70:61:7b:e9:ac:22:,eduroam,-59,2026-04-28 15:16:56
70:61:7b:e9:ac:22:,eduroam,-59,2026-04-28 15:16:59
70:61:7b:e9:ac:22:,eduroam,-61,2026-04-28 15:17:05
70:61:7b:e9:ac:22:,eduroam,-54,2026-04-28 15:17:11
70:61:7b:e9:ac:22:,eduroam,-56,2026-04-28 15:17:15
70:61:7b:e9:ac:22:,eduroam,-53,2026-04-28 15:17:20
70:61:7b:e9:ac:22:,eduroam,-54,2026-04-28 15:17:23
70:61:7b:e9:ac:22:,eduroam,-54,2026-04-28 15:17:27
70:61:7b:e9:ac:22:,eduroam,-64,2026-04-28 15:17:33
70:61:7b:e9:ac:22:,eduroam,-53,2026-04-28 15:17:39
70:61:7b:e9:ac:22:,eduroam,-53,2026-04-28 15:17:42
70:61:7b:e9:ac:22:,eduroam,-53,2026-04-28 15:17:46
70:61:7b:e9:ac:22:,eduroam,-40,2026-04-28 15:17:50
70:61:7b:e9:ac:22:,eduroam,-54,2026-04-28 15:17:56
70:61:7b:e9:ac:22:,eduroam,-54,2026-04-28 15:17:59
70:61:7b:e9:ac:22:,eduroam,-58,2026-04-28 15:18:03
70:61:7b:e9:ac:22:,eduroam,-61,2026-04-28 15:18:08
70:61:7b:e9:ac:22:,eduroam,-51,2026-04-28 15:18:13
70:61:7b:e9:ac:22:,eduroam,-51,2026-04-28 15:18:19
70:61:7b:e9:ac:22:,eduroam,-56,2026-04-28 15:18:23
70:61:7b:e9:ac:22:,eduroam,-47,2026-04-28 15:18:28
f8:6b:d9:5e:10:c2:,eduroam,-77,2026-04-28 15:14:14
f8:6b:d9:5e:10:c2:,eduroam,-81,2026-04-28 15:14:18
f8:6b:d9:5e:10:c2:,eduroam,-81,2026-04-28 15:14:22
f8:6b:d9:5e:10:c2:,eduroam,-81,2026-04-28 15:14:27
f8:6b:d9:5e:10:c2:,eduroam,-81,2026-04-28 15:14:31
f8:6b:d9:5e:10:c2:,eduroam,-81,2026-04-28 15:14:35
f8:6b:d9:5e:10:c2:,eduroam,-81,2026-04-28 15:14:39
f8:6b:d9:5e:10:c2:,eduroam,-81,2026-04-28 15:14:44
f8:6b:d9:5e:10:c2:,eduroam,-81,2026-04-28 15:14:48
f8:6b:d9:5e:10:c2:,eduroam,-81,2026-04-28 15:14:53
f8:6b:d9:5e:10:c2:,eduroam,-81,2026-04-28 15:14:57
f8:6b:d9:5e:10:c2:,eduroam,-81,2026-04-28 15:15:02
f8:6b:d9:5e:10:c2:,eduroam,-81,2026-04-28 15:15:08
f8:6b:d9:5e:10:c2:,eduroam,-81,2026-04-28 15:15:12
f8:6b:d9:5e:10:c2:,eduroam,-81,2026-04-28 15:15:19
f8:6b:d9:5e:10:c2:,eduroam,-81,2026-04-28 15:15:28
f8:6b:d9:5e:10:c2:,eduroam,-81,2026-04-28 15:15:31
f8:6b:d9:5e:10:c2:,eduroam,-81,2026-04-28 15:15:34
f8:6b:d9:5e:10:c2:,eduroam,-81,2026-04-28 15:15:44
f8:6b:d9:5e:10:c2:,eduroam,-81,2026-04-28 15:15:48
f8:6b:d9:5e:10:c2:,eduroam,-81,2026-04-28 15:15:51
f8:6b:d9:5e:10:c2:,eduroam,-81,2026-04-28 15:15:57
f8:6b:d9:5e:10:c2:,eduroam,-81,2026-04-28 15:16:00
f8:6b:d9:5e:10:c2:,eduroam,-81,2026-04-28 15:16:07
f8:6b:d9:5e:10:c2:,eduroam,-81,2026-04-28 15:16:10
f8:6b:d9:5e:10:c2:,eduroam,-81,2026-04-28 15:16:14
84:b2:61:1f:b5:32:,eduroam,-77,2026-04-28 15:14:14
84:b2:61:1f:b5:32:,eduroam,-77,2026-04-28 15:14:18
84:b2:61:1f:b5:32:,eduroam,-77,2026-04-28 15:14:22
84:b2:61:1f:b5:32:,eduroam,-77,2026-04-28 15:14:27
84:b2:61:1f:b5:32:,eduroam,-77,2026-04-28 15:14:31
84:b2:61:1f:b5:32:,eduroam,-77,2026-04-28 15:14:35
84:b2:61:1f:b5:32:,eduroam,-77,2026-04-28 15:14:39
84:b2:61:1f:b5:32:,eduroam,-77,2026-04-28 15:14:44
84:b2:61:1f:b5:32:,eduroam,-77,2026-04-28 15:14:48
84:b2:61:1f:b5:32:,eduroam,-77,2026-04-28 15:14:53
84:b2:61:1f:b5:32:,eduroam,-77,2026-04-28 15:14:57
84:b2:61:1f:b5:32:,eduroam,-77,2026-04-28 15:15:02
84:b2:61:1f:b5:32:,eduroam,-77,2026-04-28 15:15:08
84:b2:61:1f:b5:32:,eduroam,-77,2026-04-28 15:15:12
84:b2:61:1f:b5:32:,eduroam,-77,2026-04-28 15:15:19
84:b2:61:1f:b5:32:,eduroam,-77,2026-04-28 15:15:28
84:b2:61:1f:b5:32:,eduroam,-77,2026-04-28 15:15:31
84:b2:61:1f:b5:32:,eduroam,-77,2026-04-28 15:15:34
84:b2:61:1f:b5:32:,eduroam,-77,2026-04-28 15:15:44
84:b2:61:1f:b5:32:,eduroam,-77,2026-04-28 15:15:48
84:b2:61:1f:b5:32:,eduroam,-77,2026-04-28 15:15:51
84:b2:61:1f:b5:32:,eduroam,-77,2026-04-28 15:15:57
84:b2:61:1f:b5:32:,eduroam,-77,2026-04-28 15:16:00
84:b2:61:08:fc:cd:,eduroam,-67,2026-04-28 15:14:14
84:b2:61:08:fc:cd:,eduroam,-67,2026-04-28 15:14:18
84:b2:61:08:fc:cd:,eduroam,-72,2026-04-28 15:14:22
84:b2:61:08:fc:cd:,eduroam,-68,2026-04-28 15:14:27
84:b2:61:08:fc:cd:,eduroam,-68,2026-04-28 15:14:31
84:b2:61:08:fc:cd:,eduroam,-76,2026-04-28 15:14:35
84:b2:61:08:fc:cd:,eduroam,-73,2026-04-28 15:14:39
84:b2:61:08:fc:cd:,eduroam,-69,2026-04-28 15:14:44
84:b2:61:08:fc:cd:,eduroam,-69,2026-04-28 15:14:48
84:b2:61:08:fc:cd:,eduroam,-69,2026-04-28 15:14:53
84:b2:61:08:fc:cd:,eduroam,-69,2026-04-28 15:14:57
84:b2:61:08:fc:cd:,eduroam,-69,2026-04-28 15:15:02
84:b2:61:08:fc:cd:,eduroam,-69,2026-04-28 15:15:08
84:b2:61:08:fc:cd:,eduroam,-69,2026-04-28 15:15:12
84:b2:61:08:fc:cd:,eduroam,-79,2026-04-28 15:15:19
84:b2:61:08:fc:cd:,eduroam,-75,2026-04-28 15:15:28
84:b2:61:08:fc:cd:,eduroam,-75,2026-04-28 15:15:31
84:b2:61:08:fc:cd:,eduroam,-78,2026-04-28 15:15:34
84:b2:61:08:fc:cd:,eduroam,-71,2026-04-28 15:15:44
84:b2:61:08:fc:cd:,eduroam,-71,2026-04-28 15:15:48
84:b2:61:08:fc:cd:,eduroam,-73,2026-04-28 15:15:51
84:b2:61:08:fc:cd:,eduroam,-74,2026-04-28 15:15:57
84:b2:61:08:fc:cd:,eduroam,-74,2026-04-28 15:16:00
84:b2:61:08:fc:cd:,eduroam,-74,2026-04-28 15:16:07
84:b2:61:08:fc:cd:,eduroam,-74,2026-04-28 15:16:10
84:b2:61:08:fc:cd:,eduroam,-74,2026-04-28 15:16:14
84:b2:61:08:fc:cd:,eduroam,-76,2026-04-28 15:16:23
84:b2:61:08:fc:cd:,eduroam,-76,2026-04-28 15:16:27
84:b2:61:08:fc:cd:,eduroam,-80,2026-04-28 15:16:30
84:b2:61:08:fc:cd:,eduroam,-80,2026-04-28 15:16:35
84:b2:61:08:fc:cd:,eduroam,-80,2026-04-28 15:16:40
84:b2:61:08:fc:cd:,eduroam,-80,2026-04-28 15:16:47
84:b2:61:08:fc:cd:,eduroam,-76,2026-04-28 15:16:53
84:b2:61:08:fc:cd:,eduroam,-76,2026-04-28 15:16:56
84:b2:61:08:fc:cd:,eduroam,-74,2026-04-28 15:16:59
84:b2:61:08:fc:cd:,eduroam,-76,2026-04-28 15:17:05
84:b2:61:08:fc:cd:,eduroam,-80,2026-04-28 15:17:11
84:b2:61:08:fc:cd:,eduroam,-80,2026-04-28 15:17:15
84:b2:61:08:fc:cd:,eduroam,-77,2026-04-28 15:17:20
84:b2:61:08:fc:cd:,eduroam,-77,2026-04-28 15:17:23
84:b2:61:08:fc:cd:,eduroam,-77,2026-04-28 15:17:27
84:b2:61:08:fc:cd:,eduroam,-78,2026-04-28 15:17:33
84:b2:61:08:fc:cd:,eduroam,-78,2026-04-28 15:17:39
84:b2:61:08:fc:cd:,eduroam,-78,2026-04-28 15:17:42
84:b2:61:08:fc:cd:,eduroam,-76,2026-04-28 15:17:46
84:b2:61:08:fc:cd:,eduroam,-76,2026-04-28 15:17:50
84:b2:61:08:fc:cd:,eduroam,-76,2026-04-28 15:17:56
84:b2:61:08:fc:cd:,eduroam,-73,2026-04-28 15:17:59
84:b2:61:08:fc:cd:,eduroam,-75,2026-04-28 15:18:03
84:b2:61:08:fc:cd:,eduroam,-71,2026-04-28 15:18:08
84:b2:61:08:fc:cd:,eduroam,-71,2026-04-28 15:18:13
84:b2:61:08:fc:cd:,eduroam,-70,2026-04-28 15:18:19
84:b2:61:08:fc:cd:,eduroam,-70,2026-04-28 15:18:23
84:b2:61:08:fc:cd:,eduroam,-76,2026-04-28 15:18:28
f8:6b:d9:5e:10:cd:,eduroam,-57,2026-04-28 15:14:14
f8:6b:d9:5e:10:cd:,eduroam,-57,2026-04-28 15:14:18
f8:6b:d9:5e:10:cd:,eduroam,-57,2026-04-28 15:14:22
f8:6b:d9:5e:10:cd:,eduroam,-57,2026-04-28 15:14:27
f8:6b:d9:5e:10:cd:,eduroam,-57,2026-04-28 15:14:31
f8:6b:d9:5e:10:cd:,eduroam,-57,2026-04-28 15:14:35
f8:6b:d9:5e:10:cd:,eduroam,-57,2026-04-28 15:14:39
f8:6b:d9:5e:10:cd:,eduroam,-86,2026-04-28 15:14:44
f8:6b:d9:5e:10:cd:,eduroam,-86,2026-04-28 15:14:48
f8:6b:d9:5e:10:cd:,eduroam,-86,2026-04-28 15:14:53
f8:6b:d9:5e:10:cd:,eduroam,-86,2026-04-28 15:14:57
f8:6b:d9:5e:10:cd:,eduroam,-86,2026-04-28 15:15:02
f8:6b:d9:5e:10:cd:,eduroam,-86,2026-04-28 15:15:08
f8:6b:d9:5e:10:cd:,eduroam,-86,2026-04-28 15:15:12
f8:6b:d9:5e:10:cd:,eduroam,-86,2026-04-28 15:15:19
f8:6b:d9:5e:10:cd:,eduroam,-86,2026-04-28 15:15:28
f8:6b:d9:5e:10:cd:,eduroam,-86,2026-04-28 15:15:31
f8:6b:d9:5e:10:cd:,eduroam,-86,2026-04-28 15:15:34
f8:6b:d9:5e:10:cd:,eduroam,-86,2026-04-28 15:15:44
f8:6b:d9:5e:10:cd:,eduroam,-86,2026-04-28 15:15:48
f8:6b:d9:5e:10:cd:,eduroam,-86,2026-04-28 15:15:51
f8:6b:d9:5e:10:cd:,eduroam,-86,2026-04-28 15:15:57
f8:6b:d9:5e:10:cd:,eduroam,-86,2026-04-28 15:16:00
f8:6b:d9:5e:10:cd:,eduroam,-86,2026-04-28 15:16:07
f8:6b:d9:5e:10:cd:,eduroam,-86,2026-04-28 15:16:10
f8:6b:d9:5e:10:cd:,eduroam,-86,2026-04-28 15:16:14
f8:6b:d9:5e:10:cd:,eduroam,-86,2026-04-28 15:16:23
f8:6b:d9:5e:10:cd:,eduroam,-86,2026-04-28 15:16:27
f8:6b:d9:5e:10:cd:,eduroam,-86,2026-04-28 15:16:30
f8:6b:d9:5e:10:cd:,eduroam,-86,2026-04-28 15:16:35
f8:6b:d9:5e:10:cd:,eduroam,-86,2026-04-28 15:16:40
f8:6b:d9:5e:10:cd:,eduroam,-87,2026-04-28 15:18:19
f8:6b:d9:5e:10:cd:,eduroam,-87,2026-04-28 15:18:23
f8:6b:d9:5e:10:cd:,eduroam,-87,2026-04-28 15:18:28
84:b2:61:08:fc:c2:,eduroam,-81,2026-04-28 15:14:14
84:b2:61:08:fc:c2:,eduroam,-73,2026-04-28 15:14:18
84:b2:61:08:fc:c2:,eduroam,-73,2026-04-28 15:14:22
84:b2:61:08:fc:c2:,eduroam,-73,2026-04-28 15:14:27
84:b2:61:08:fc:c2:,eduroam,-82,2026-04-28 15:14:31
84:b2:61:08:fc:c2:,eduroam,-82,2026-04-28 15:14:35
84:b2:61:08:fc:c2:,eduroam,-84,2026-04-28 15:14:39
84:b2:61:08:fc:c2:,eduroam,-78,2026-04-28 15:14:44
84:b2:61:08:fc:c2:,eduroam,-84,2026-04-28 15:14:48
84:b2:61:08:fc:c2:,eduroam,-84,2026-04-28 15:14:53
84:b2:61:08:fc:c2:,eduroam,-79,2026-04-28 15:14:57
84:b2:61:08:fc:c2:,eduroam,-79,2026-04-28 15:15:02
84:b2:61:08:fc:c2:,eduroam,-79,2026-04-28 15:15:08
84:b2:61:08:fc:c2:,eduroam,-82,2026-04-28 15:15:12
84:b2:61:08:fc:c2:,eduroam,-82,2026-04-28 15:15:19
84:b2:61:08:fc:c2:,eduroam,-77,2026-04-28 15:15:28
84:b2:61:08:fc:c2:,eduroam,-77,2026-04-28 15:15:31
84:b2:61:08:fc:c2:,eduroam,-77,2026-04-28 15:15:34
84:b2:61:08:fc:c2:,eduroam,-80,2026-04-28 15:15:44
84:b2:61:08:fc:c2:,eduroam,-79,2026-04-28 15:15:48
84:b2:61:08:fc:c2:,eduroam,-79,2026-04-28 15:15:51
84:b2:61:08:fc:c2:,eduroam,-82,2026-04-28 15:15:57
84:b2:61:08:fc:c2:,eduroam,-87,2026-04-28 15:16:00
84:b2:61:08:fc:c2:,eduroam,-85,2026-04-28 15:16:07
84:b2:61:08:fc:c2:,eduroam,-82,2026-04-28 15:16:10
84:b2:61:08:fc:c2:,eduroam,-82,2026-04-28 15:16:14
84:b2:61:08:fc:c2:,eduroam,-86,2026-04-28 15:16:23
84:b2:61:08:fc:c2:,eduroam,-76,2026-04-28 15:16:27
84:b2:61:08:fc:c2:,eduroam,-76,2026-04-28 15:16:30
84:b2:61:08:fc:c2:,eduroam,-76,2026-04-28 15:16:35
84:b2:61:08:fc:c2:,eduroam,-76,2026-04-28 15:16:40
84:b2:61:08:fc:c2:,eduroam,-83,2026-04-28 15:16:47
84:b2:61:08:fc:c2:,eduroam,-85,2026-04-28 15:16:53
84:b2:61:08:fc:c2:,eduroam,-86,2026-04-28 15:16:56
84:b2:61:08:fc:c2:,eduroam,-86,2026-04-28 15:16:59
84:b2:61:08:fc:c2:,eduroam,-86,2026-04-28 15:17:05
84:b2:61:08:fc:c2:,eduroam,-89,2026-04-28 15:17:11
84:b2:61:08:fc:c2:,eduroam,-83,2026-04-28 15:17:15
84:b2:61:08:fc:c2:,eduroam,-83,2026-04-28 15:17:20
84:b2:61:08:fc:c2:,eduroam,-76,2026-04-28 15:17:23
84:b2:61:08:fc:c2:,eduroam,-76,2026-04-28 15:17:27
84:b2:61:08:fc:c2:,eduroam,-76,2026-04-28 15:17:33
84:b2:61:08:fc:c2:,eduroam,-83,2026-04-28 15:17:39
84:b2:61:08:fc:c2:,eduroam,-83,2026-04-28 15:17:42
84:b2:61:08:fc:c2:,eduroam,-83,2026-04-28 15:17:46
84:b2:61:08:fc:c2:,eduroam,-80,2026-04-28 15:17:50
84:b2:61:08:fc:c2:,eduroam,-86,2026-04-28 15:17:56
84:b2:61:08:fc:c2:,eduroam,-86,2026-04-28 15:17:59
84:b2:61:08:fc:c2:,eduroam,-86,2026-04-28 15:18:03
84:b2:61:08:fc:c2:,eduroam,-86,2026-04-28 15:18:08
84:b2:61:08:fc:c2:,eduroam,-83,2026-04-28 15:18:13
84:b2:61:08:fc:c2:,eduroam,-79,2026-04-28 15:18:19
84:b2:61:08:fc:c2:,eduroam,-79,2026-04-28 15:18:23
84:b2:61:08:fc:c2:,eduroam,-81,2026-04-28 15:18:28
f8:6b:d9:5e:10:c8:,UTTpersonnels,-85,2026-04-28 15:14:14
f8:6b:d9:5e:10:c8:,UTTpersonnels,-85,2026-04-28 15:14:18
f8:6b:d9:5e:10:c8:,UTTpersonnels,-85,2026-04-28 15:14:22
f8:6b:d9:5e:10:c8:,UTTpersonnels,-85,2026-04-28 15:14:27
f8:6b:d9:5e:10:c8:,UTTpersonnels,-85,2026-04-28 15:14:31
f8:6b:d9:5e:10:c8:,UTTpersonnels,-85,2026-04-28 15:14:35
f8:6b:d9:5e:10:c8:,UTTpersonnels,-85,2026-04-28 15:14:39
f8:6b:d9:5e:10:c8:,UTTpersonnels,-85,2026-04-28 15:14:44
f8:6b:d9:5e:10:c8:,UTTpersonnels,-84,2026-04-28 15:14:48
f8:6b:d9:5e:10:c8:,UTTpersonnels,-84,2026-04-28 15:14:53
f8:6b:d9:5e:10:c8:,UTTpersonnels,-84,2026-04-28 15:14:57
f8:6b:d9:5e:10:c8:,UTTpersonnels,-84,2026-04-28 15:15:02
f8:6b:d9:5e:10:c8:,UTTpersonnels,-84,2026-04-28 15:15:08
f8:6b:d9:5e:10:c8:,UTTpersonnels,-84,2026-04-28 15:15:12
f8:6b:d9:5e:10:c8:,UTTpersonnels,-84,2026-04-28 15:15:19
f8:6b:d9:5e:10:c8:,UTTpersonnels,-84,2026-04-28 15:15:28
f8:6b:d9:5e:10:c8:,UTTpersonnels,-84,2026-04-28 15:15:31
f8:6b:d9:5e:10:c8:,UTTpersonnels,-84,2026-04-28 15:15:34
f8:6b:d9:5e:10:c8:,UTTpersonnels,-84,2026-04-28 15:15:44
f8:6b:d9:5e:10:c8:,UTTpersonnels,-84,2026-04-28 15:15:48
f8:6b:d9:5e:10:c8:,UTTpersonnels,-84,2026-04-28 15:15:51
f8:6b:d9:5e:10:c8:,UTTpersonnels,-84,2026-04-28 15:15:57
f8:6b:d9:5e:10:c8:,UTTpersonnels,-84,2026-04-28 15:16:00
f8:6b:d9:5e:10:c8:,UTTpersonnels,-84,2026-04-28 15:16:07
f8:6b:d9:5e:10:c8:,UTTpersonnels,-84,2026-04-28 15:16:10
f8:6b:d9:5e:10:c8:,UTTpersonnels,-84,2026-04-28 15:16:14
f8:6b:d9:5e:10:c8:,UTTpersonnels,-84,2026-04-28 15:16:23
f8:6b:d9:5e:10:c8:,UTTpersonnels,-84,2026-04-28 15:16:27
f8:6b:d9:5e:10:c8:,UTTpersonnels,-84,2026-04-28 15:16:30
f8:6b:d9:5e:10:c8:,UTTpersonnels,-84,2026-04-28 15:16:35
f8:6b:d9:5e:10:c8:,UTTpersonnels,-84,2026-04-28 15:16:40
f8:6b:d9:5e:10:c8:,UTTpersonnels,-86,2026-04-28 15:18:19
f8:6b:d9:5e:10:c8:,UTTpersonnels,-86,2026-04-28 15:18:19
f8:6b:d9:5e:10:c8:,UTTpersonnels,-86,2026-04-28 15:18:23
f8:6b:d9:5e:10:c8:,UTTpersonnels,-86,2026-04-28 15:18:23
f8:6b:d9:5e:10:c8:,UTTpersonnels,-86,2026-04-28 15:18:28
f8:6b:d9:5e:10:c8:,UTTpersonnels,-86,2026-04-28 15:18:28
84:b2:61:1f:b5:38:,UTTpersonnels,-80,2026-04-28 15:14:14
84:b2:61:1f:b5:38:,UTTpersonnels,-80,2026-04-28 15:14:18
84:b2:61:1f:b5:38:,UTTpersonnels,-80,2026-04-28 15:14:22
84:b2:61:1f:b5:38:,UTTpersonnels,-80,2026-04-28 15:14:27
84:b2:61:1f:b5:38:,UTTpersonnels,-80,2026-04-28 15:14:31
84:b2:61:1f:b5:38:,UTTpersonnels,-80,2026-04-28 15:14:35
84:b2:61:1f:b5:38:,UTTpersonnels,-80,2026-04-28 15:14:39
84:b2:61:1f:b5:38:,UTTpersonnels,-80,2026-04-28 15:14:44
84:b2:61:1f:b5:38:,UTTpersonnels,-80,2026-04-28 15:14:48
84:b2:61:1f:b5:38:,UTTpersonnels,-80,2026-04-28 15:14:53
84:b2:61:1f:b5:38:,UTTpersonnels,-80,2026-04-28 15:14:57
84:b2:61:1f:b5:38:,UTTpersonnels,-80,2026-04-28 15:15:02
84:b2:61:1f:b5:38:,UTTpersonnels,-80,2026-04-28 15:15:08
84:b2:61:1f:b5:38:,UTTpersonnels,-80,2026-04-28 15:15:12
84:b2:61:1f:b5:38:,UTTpersonnels,-80,2026-04-28 15:15:19
84:b2:61:1f:b5:38:,UTTpersonnels,-80,2026-04-28 15:15:28
84:b2:61:1f:b5:38:,UTTpersonnels,-80,2026-04-28 15:15:31
84:b2:61:1f:b5:38:,UTTpersonnels,-80,2026-04-28 15:15:34
84:b2:61:1f:b5:38:,UTTpersonnels,-80,2026-04-28 15:15:44
84:b2:61:1f:b5:38:,UTTpersonnels,-80,2026-04-28 15:15:48
84:b2:61:1f:b5:38:,UTTpersonnels,-80,2026-04-28 15:15:51
84:b2:61:1f:b5:38:,UTTpersonnels,-80,2026-04-28 15:15:57
84:b2:61:1f:b5:38:,UTTpersonnels,-80,2026-04-28 15:16:00
84:b2:61:1f:b5:38:,UTTpersonnels,-87,2026-04-28 15:18:03
84:b2:61:1f:b5:38:,UTTpersonnels,-87,2026-04-28 15:18:08
84:b2:61:1f:b5:38:,UTTpersonnels,-87,2026-04-28 15:18:13
84:b2:61:1f:b5:38:,UTTpersonnels,-87,2026-04-28 15:18:19
84:b2:61:1f:b5:38:,UTTpersonnels,-87,2026-04-28 15:18:23
84:b2:61:1f:b5:38:,UTTpersonnels,-87,2026-04-28 15:18:28
84:b2:61:08:fc:ca:,Hidden,-83,2026-04-28 15:14:14
84:b2:61:08:fc:ca:,Hidden,-73,2026-04-28 15:14:18
84:b2:61:08:fc:ca:,Hidden,-73,2026-04-28 15:14:22
84:b2:61:08:fc:ca:,Hidden,-73,2026-04-28 15:14:27
84:b2:61:08:fc:ca:,Hidden,-73,2026-04-28 15:14:31
84:b2:61:08:fc:ca:,Hidden,-73,2026-04-28 15:14:35
84:b2:61:08:fc:ca:,Hidden,-73,2026-04-28 15:14:39
84:b2:61:08:fc:ca:,Hidden,-73,2026-04-28 15:14:44
84:b2:61:08:fc:ca:,Hidden,-73,2026-04-28 15:14:48
84:b2:61:08:fc:ca:,Hidden,-81,2026-04-28 15:14:53
84:b2:61:08:fc:ca:,Hidden,-81,2026-04-28 15:14:57
84:b2:61:08:fc:ca:,Hidden,-81,2026-04-28 15:15:02
84:b2:61:08:fc:ca:,Hidden,-81,2026-04-28 15:15:08
84:b2:61:08:fc:ca:,Hidden,-81,2026-04-28 15:15:12
84:b2:61:08:fc:ca:,Hidden,-81,2026-04-28 15:15:19
84:b2:61:08:fc:ca:,Hidden,-81,2026-04-28 15:15:28
84:b2:61:08:fc:ca:,Hidden,-81,2026-04-28 15:15:31
84:b2:61:08:fc:ca:,Hidden,-81,2026-04-28 15:15:34
84:b2:61:08:fc:ca:,Hidden,-81,2026-04-28 15:15:44
84:b2:61:08:fc:ca:,Hidden,-81,2026-04-28 15:15:48
84:b2:61:08:fc:ca:,Hidden,-81,2026-04-28 15:15:51
84:b2:61:08:fc:ca:,Hidden,-83,2026-04-28 15:15:57
84:b2:61:08:fc:ca:,Hidden,-83,2026-04-28 15:16:00
84:b2:61:08:fc:ca:,Hidden,-83,2026-04-28 15:16:07
84:b2:61:08:fc:ca:,Hidden,-83,2026-04-28 15:16:10
84:b2:61:08:fc:ca:,Hidden,-83,2026-04-28 15:16:14
84:b2:61:08:fc:ca:,Hidden,-85,2026-04-28 15:16:23
84:b2:61:08:fc:ca:,Hidden,-74,2026-04-28 15:16:27
84:b2:61:08:fc:ca:,Hidden,-74,2026-04-28 15:16:30
84:b2:61:08:fc:ca:,Hidden,-74,2026-04-28 15:16:35
84:b2:61:08:fc:ca:,Hidden,-74,2026-04-28 15:16:40
84:b2:61:08:fc:ca:,Hidden,-74,2026-04-28 15:16:47
84:b2:61:08:fc:ca:,Hidden,-74,2026-04-28 15:16:53
84:b2:61:08:fc:ca:,Hidden,-74,2026-04-28 15:16:56
84:b2:61:08:fc:ca:,Hidden,-74,2026-04-28 15:16:59
84:b2:61:08:fc:ca:,Hidden,-74,2026-04-28 15:17:05
84:b2:61:08:fc:ca:,Hidden,-74,2026-04-28 15:17:11
84:b2:61:08:fc:ca:,Hidden,-74,2026-04-28 15:17:15
84:b2:61:08:fc:ca:,Hidden,-74,2026-04-28 15:17:20
84:b2:61:08:fc:ca:,Hidden,-78,2026-04-28 15:17:23
84:b2:61:08:fc:ca:,Hidden,-78,2026-04-28 15:17:27
84:b2:61:08:fc:ca:,Hidden,-78,2026-04-28 15:17:33
84:b2:61:08:fc:ca:,Hidden,-78,2026-04-28 15:17:39
84:b2:61:08:fc:ca:,Hidden,-78,2026-04-28 15:17:42
84:b2:61:08:fc:ca:,Hidden,-78,2026-04-28 15:17:46
84:b2:61:08:fc:ca:,Hidden,-78,2026-04-28 15:17:50
84:b2:61:08:fc:ca:,Hidden,-84,2026-04-28 15:17:56
84:b2:61:08:fc:ca:,Hidden,-84,2026-04-28 15:17:59
84:b2:61:08:fc:ca:,Hidden,-86,2026-04-28 15:18:03
84:b2:61:08:fc:ca:,Hidden,-86,2026-04-28 15:18:08
84:b2:61:08:fc:ca:,Hidden,-86,2026-04-28 15:18:13
84:b2:61:08:fc:ca:,Hidden,-86,2026-04-28 15:18:19
84:b2:61:08:fc:ca:,Hidden,-86,2026-04-28 15:18:23
84:b2:61:08:fc:ca:,Hidden,-86,2026-04-28 15:18:28
70:61:7b:e9:ac:2a:,Hidden,-52,2026-04-28 15:14:14
70:61:7b:e9:ac:2a:,Hidden,-44,2026-04-28 15:14:18
70:61:7b:e9:ac:2a:,Hidden,-44,2026-04-28 15:14:22
70:61:7b:e9:ac:2a:,Hidden,-44,2026-04-28 15:14:27
70:61:7b:e9:ac:2a:,Hidden,-51,2026-04-28 15:14:31
70:61:7b:e9:ac:2a:,Hidden,-51,2026-04-28 15:14:35
70:61:7b:e9:ac:2a:,Hidden,-51,2026-04-28 15:14:39
70:61:7b:e9:ac:2a:,Hidden,-51,2026-04-28 15:14:44
70:61:7b:e9:ac:2a:,Hidden,-48,2026-04-28 15:14:48
70:61:7b:e9:ac:2a:,Hidden,-59,2026-04-28 15:14:53
70:61:7b:e9:ac:2a:,Hidden,-52,2026-04-28 15:14:57
70:61:7b:e9:ac:2a:,Hidden,-44,2026-04-28 15:15:02
70:61:7b:e9:ac:2a:,Hidden,-64,2026-04-28 15:15:08
70:61:7b:e9:ac:2a:,Hidden,-64,2026-04-28 15:15:12
70:61:7b:e9:ac:2a:,Hidden,-64,2026-04-28 15:15:19
70:61:7b:e9:ac:2a:,Hidden,-64,2026-04-28 15:15:28
70:61:7b:e9:ac:2a:,Hidden,-64,2026-04-28 15:15:31
70:61:7b:e9:ac:2a:,Hidden,-64,2026-04-28 15:15:34
70:61:7b:e9:ac:2a:,Hidden,-64,2026-04-28 15:15:44
70:61:7b:e9:ac:2a:,Hidden,-64,2026-04-28 15:15:48
70:61:7b:e9:ac:2a:,Hidden,-64,2026-04-28 15:15:51
70:61:7b:e9:ac:2a:,Hidden,-64,2026-04-28 15:15:57
70:61:7b:e9:ac:2a:,Hidden,-64,2026-04-28 15:16:00
70:61:7b:e9:ac:2a:,Hidden,-64,2026-04-28 15:16:07
70:61:7b:e9:ac:2a:,Hidden,-51,2026-04-28 15:16:10
70:61:7b:e9:ac:2a:,Hidden,-56,2026-04-28 15:16:14
70:61:7b:e9:ac:2a:,Hidden,-60,2026-04-28 15:16:23
70:61:7b:e9:ac:2a:,Hidden,-60,2026-04-28 15:16:27
70:61:7b:e9:ac:2a:,Hidden,-60,2026-04-28 15:16:30
70:61:7b:e9:ac:2a:,Hidden,-59,2026-04-28 15:16:35
70:61:7b:e9:ac:2a:,Hidden,-59,2026-04-28 15:16:40
70:61:7b:e9:ac:2a:,Hidden,-66,2026-04-28 15:16:47
70:61:7b:e9:ac:2a:,Hidden,-53,2026-04-28 15:16:53
70:61:7b:e9:ac:2a:,Hidden,-53,2026-04-28 15:16:56
70:61:7b:e9:ac:2a:,Hidden,-53,2026-04-28 15:16:59
70:61:7b:e9:ac:2a:,Hidden,-61,2026-04-28 15:17:05
70:61:7b:e9:ac:2a:,Hidden,-61,2026-04-28 15:17:11
70:61:7b:e9:ac:2a:,Hidden,-61,2026-04-28 15:17:15
70:61:7b:e9:ac:2a:,Hidden,-55,2026-04-28 15:17:20
70:61:7b:e9:ac:2a:,Hidden,-55,2026-04-28 15:17:23
70:61:7b:e9:ac:2a:,Hidden,-55,2026-04-28 15:17:27
70:61:7b:e9:ac:2a:,Hidden,-66,2026-04-28 15:17:33
70:61:7b:e9:ac:2a:,Hidden,-53,2026-04-28 15:17:39
70:61:7b:e9:ac:2a:,Hidden,-53,2026-04-28 15:17:42
70:61:7b:e9:ac:2a:,Hidden,-53,2026-04-28 15:17:46
70:61:7b:e9:ac:2a:,Hidden,-39,2026-04-28 15:17:50
70:61:7b:e9:ac:2a:,Hidden,-39,2026-04-28 15:17:56
70:61:7b:e9:ac:2a:,Hidden,-39,2026-04-28 15:17:59
70:61:7b:e9:ac:2a:,Hidden,-58,2026-04-28 15:18:03
70:61:7b:e9:ac:2a:,Hidden,-58,2026-04-28 15:18:08
70:61:7b:e9:ac:2a:,Hidden,-58,2026-04-28 15:18:13
70:61:7b:e9:ac:2a:,Hidden,-58,2026-04-28 15:18:19
70:61:7b:e9:ac:2a:,Hidden,-58,2026-04-28 15:18:23
70:61:7b:e9:ac:2a:,Hidden,-58,2026-04-28 15:18:28
f8:6b:d9:5e:10:ca:,Hidden,-83,2026-04-28 15:14:14
f8:6b:d9:5e:10:ca:,Hidden,-84,2026-04-28 15:14:18
f8:6b:d9:5e:10:ca:,Hidden,-84,2026-04-28 15:14:22
f8:6b:d9:5e:10:ca:,Hidden,-84,2026-04-28 15:14:27
f8:6b:d9:5e:10:ca:,Hidden,-84,2026-04-28 15:14:31
f8:6b:d9:5e:10:ca:,Hidden,-84,2026-04-28 15:14:35
f8:6b:d9:5e:10:ca:,Hidden,-84,2026-04-28 15:14:39
f8:6b:d9:5e:10:ca:,Hidden,-84,2026-04-28 15:14:44
f8:6b:d9:5e:10:ca:,Hidden,-84,2026-04-28 15:14:48
f8:6b:d9:5e:10:ca:,Hidden,-84,2026-04-28 15:14:53
f8:6b:d9:5e:10:ca:,Hidden,-84,2026-04-28 15:14:57
f8:6b:d9:5e:10:ca:,Hidden,-84,2026-04-28 15:15:02
f8:6b:d9:5e:10:ca:,Hidden,-84,2026-04-28 15:15:08
f8:6b:d9:5e:10:ca:,Hidden,-84,2026-04-28 15:15:12
f8:6b:d9:5e:10:ca:,Hidden,-84,2026-04-28 15:15:19
f8:6b:d9:5e:10:ca:,Hidden,-84,2026-04-28 15:15:28
f8:6b:d9:5e:10:ca:,Hidden,-84,2026-04-28 15:15:31
f8:6b:d9:5e:10:ca:,Hidden,-84,2026-04-28 15:15:34
f8:6b:d9:5e:10:ca:,Hidden,-84,2026-04-28 15:15:44
f8:6b:d9:5e:10:ca:,Hidden,-84,2026-04-28 15:15:48
f8:6b:d9:5e:10:ca:,Hidden,-84,2026-04-28 15:15:51
f8:6b:d9:5e:10:ca:,Hidden,-84,2026-04-28 15:15:57
f8:6b:d9:5e:10:ca:,Hidden,-84,2026-04-28 15:16:00
f8:6b:d9:5e:10:ca:,Hidden,-84,2026-04-28 15:16:07
f8:6b:d9:5e:10:ca:,Hidden,-84,2026-04-28 15:16:10
f8:6b:d9:5e:10:ca:,Hidden,-84,2026-04-28 15:16:14
f8:6b:d9:5e:10:c5:,Hidden,-56,2026-04-28 15:14:14
f8:6b:d9:5e:10:c5:,Hidden,-56,2026-04-28 15:14:18
f8:6b:d9:5e:10:c5:,Hidden,-56,2026-04-28 15:14:22
f8:6b:d9:5e:10:c5:,Hidden,-56,2026-04-28 15:14:27
f8:6b:d9:5e:10:c5:,Hidden,-56,2026-04-28 15:14:31
f8:6b:d9:5e:10:c5:,Hidden,-56,2026-04-28 15:14:35
f8:6b:d9:5e:10:c5:,Hidden,-56,2026-04-28 15:14:39
f8:6b:d9:5e:10:c5:,Hidden,-85,2026-04-28 15:14:44
f8:6b:d9:5e:10:c5:,Hidden,-85,2026-04-28 15:14:48
f8:6b:d9:5e:10:c5:,Hidden,-85,2026-04-28 15:14:53
f8:6b:d9:5e:10:c5:,Hidden,-85,2026-04-28 15:14:57
f8:6b:d9:5e:10:c5:,Hidden,-85,2026-04-28 15:15:02
f8:6b:d9:5e:10:c5:,Hidden,-85,2026-04-28 15:15:08
f8:6b:d9:5e:10:c5:,Hidden,-85,2026-04-28 15:15:12
f8:6b:d9:5e:10:c5:,Hidden,-85,2026-04-28 15:15:19
f8:6b:d9:5e:10:c5:,Hidden,-85,2026-04-28 15:15:28
f8:6b:d9:5e:10:c5:,Hidden,-85,2026-04-28 15:15:31
f8:6b:d9:5e:10:c5:,Hidden,-85,2026-04-28 15:15:34
f8:6b:d9:5e:10:c5:,Hidden,-85,2026-04-28 15:15:44
f8:6b:d9:5e:10:c5:,Hidden,-85,2026-04-28 15:15:48
f8:6b:d9:5e:10:c5:,Hidden,-85,2026-04-28 15:15:51
f8:6b:d9:5e:10:c5:,Hidden,-85,2026-04-28 15:15:57
f8:6b:d9:5e:10:c5:,Hidden,-85,2026-04-28 15:16:00
f8:6b:d9:5e:10:c5:,Hidden,-85,2026-04-28 15:16:07
f8:6b:d9:5e:10:c5:,Hidden,-85,2026-04-28 15:16:10
f8:6b:d9:5e:10:c5:,Hidden,-85,2026-04-28 15:16:14
f8:6b:d9:5e:10:c5:,Hidden,-85,2026-04-28 15:16:23
f8:6b:d9:5e:10:c5:,Hidden,-85,2026-04-28 15:16:27
f8:6b:d9:5e:10:c5:,Hidden,-85,2026-04-28 15:16:30
f8:6b:d9:5e:10:c5:,Hidden,-85,2026-04-28 15:16:35
f8:6b:d9:5e:10:c5:,Hidden,-85,2026-04-28 15:16:40
84:b2:61:08:fc:c5:,Hidden,-72,2026-04-28 15:14:14
84:b2:61:08:fc:c5:,Hidden,-72,2026-04-28 15:14:18
84:b2:61:08:fc:c5:,Hidden,-72,2026-04-28 15:14:22
84:b2:61:08:fc:c5:,Hidden,-68,2026-04-28 15:14:27
84:b2:61:08:fc:c5:,Hidden,-68,2026-04-28 15:14:31
84:b2:61:08:fc:c5:,Hidden,-68,2026-04-28 15:14:35
84:b2:61:08:fc:c5:,Hidden,-68,2026-04-28 15:14:39
84:b2:61:08:fc:c5:,Hidden,-68,2026-04-28 15:14:44
84:b2:61:08:fc:c5:,Hidden,-68,2026-04-28 15:14:48
84:b2:61:08:fc:c5:,Hidden,-68,2026-04-28 15:14:53
84:b2:61:08:fc:c5:,Hidden,-68,2026-04-28 15:14:57
84:b2:61:08:fc:c5:,Hidden,-69,2026-04-28 15:15:02
84:b2:61:08:fc:c5:,Hidden,-69,2026-04-28 15:15:08
84:b2:61:08:fc:c5:,Hidden,-69,2026-04-28 15:15:12
84:b2:61:08:fc:c5:,Hidden,-69,2026-04-28 15:15:19
84:b2:61:08:fc:c5:,Hidden,-69,2026-04-28 15:15:28
84:b2:61:08:fc:c5:,Hidden,-69,2026-04-28 15:15:31
84:b2:61:08:fc:c5:,Hidden,-69,2026-04-28 15:15:34
84:b2:61:08:fc:c5:,Hidden,-69,2026-04-28 15:15:44
84:b2:61:08:fc:c5:,Hidden,-69,2026-04-28 15:15:48
84:b2:61:08:fc:c5:,Hidden,-69,2026-04-28 15:15:51
84:b2:61:08:fc:c5:,Hidden,-72,2026-04-28 15:15:57
84:b2:61:08:fc:c5:,Hidden,-72,2026-04-28 15:16:00
84:b2:61:08:fc:c5:,Hidden,-74,2026-04-28 15:16:07
84:b2:61:08:fc:c5:,Hidden,-74,2026-04-28 15:16:10
84:b2:61:08:fc:c5:,Hidden,-69,2026-04-28 15:16:14
84:b2:61:08:fc:c5:,Hidden,-77,2026-04-28 15:16:23
84:b2:61:08:fc:c5:,Hidden,-77,2026-04-28 15:16:27
84:b2:61:08:fc:c5:,Hidden,-80,2026-04-28 15:16:30
84:b2:61:08:fc:c5:,Hidden,-80,2026-04-28 15:16:35
84:b2:61:08:fc:c5:,Hidden,-80,2026-04-28 15:16:40
84:b2:61:08:fc:c5:,Hidden,-80,2026-04-28 15:16:47
84:b2:61:08:fc:c5:,Hidden,-80,2026-04-28 15:16:53
84:b2:61:08:fc:c5:,Hidden,-80,2026-04-28 15:16:56
84:b2:61:08:fc:c5:,Hidden,-80,2026-04-28 15:16:59
84:b2:61:08:fc:c5:,Hidden,-76,2026-04-28 15:17:05
84:b2:61:08:fc:c5:,Hidden,-76,2026-04-28 15:17:11
84:b2:61:08:fc:c5:,Hidden,-76,2026-04-28 15:17:15
84:b2:61:08:fc:c5:,Hidden,-77,2026-04-28 15:17:20
84:b2:61:08:fc:c5:,Hidden,-77,2026-04-28 15:17:23
84:b2:61:08:fc:c5:,Hidden,-78,2026-04-28 15:17:27
84:b2:61:08:fc:c5:,Hidden,-78,2026-04-28 15:17:33
84:b2:61:08:fc:c5:,Hidden,-78,2026-04-28 15:17:39
84:b2:61:08:fc:c5:,Hidden,-78,2026-04-28 15:17:42
84:b2:61:08:fc:c5:,Hidden,-78,2026-04-28 15:17:46
84:b2:61:08:fc:c5:,Hidden,-78,2026-04-28 15:17:50
84:b2:61:08:fc:c5:,Hidden,-78,2026-04-28 15:17:56
84:b2:61:08:fc:c5:,Hidden,-72,2026-04-28 15:17:59
84:b2:61:08:fc:c5:,Hidden,-75,2026-04-28 15:18:03
84:b2:61:08:fc:c5:,Hidden,-75,2026-04-28 15:18:08
84:b2:61:08:fc:c5:,Hidden,-75,2026-04-28 15:18:13
84:b2:61:08:fc:c5:,Hidden,-75,2026-04-28 15:18:19
84:b2:61:08:fc:c5:,Hidden,-75,2026-04-28 15:18:23
84:b2:61:08:fc:c5:,Hidden,-75,2026-04-28 15:18:28
84:b2:61:1f:b5:3a:,Hidden,-82,2026-04-28 15:14:14
84:b2:61:1f:b5:3a:,Hidden,-82,2026-04-28 15:14:18
84:b2:61:1f:b5:3a:,Hidden,-82,2026-04-28 15:14:22
84:b2:61:1f:b5:3a:,Hidden,-82,2026-04-28 15:14:27
84:b2:61:1f:b5:3a:,Hidden,-82,2026-04-28 15:14:31
84:b2:61:1f:b5:3a:,Hidden,-82,2026-04-28 15:14:35
84:b2:61:1f:b5:3a:,Hidden,-82,2026-04-28 15:14:39
84:b2:61:1f:b5:3a:,Hidden,-82,2026-04-28 15:14:44
84:b2:61:1f:b5:3a:,Hidden,-82,2026-04-28 15:14:48
84:b2:61:1f:b5:3a:,Hidden,-82,2026-04-28 15:14:53
84:b2:61:1f:b5:3a:,Hidden,-82,2026-04-28 15:14:57
84:b2:61:1f:b5:3a:,Hidden,-82,2026-04-28 15:15:02
84:b2:61:1f:b5:3a:,Hidden,-82,2026-04-28 15:15:08
f8:6b:d9:5e:10:cb:,form_cyber,-55,2026-04-28 15:14:14
f8:6b:d9:5e:10:cb:,form_cyber,-55,2026-04-28 15:14:18
f8:6b:d9:5e:10:cb:,form_cyber,-55,2026-04-28 15:14:22
f8:6b:d9:5e:10:cb:,form_cyber,-55,2026-04-28 15:14:27
f8:6b:d9:5e:10:cb:,form_cyber,-55,2026-04-28 15:14:31
f8:6b:d9:5e:10:cb:,form_cyber,-55,2026-04-28 15:14:35
f8:6b:d9:5e:10:cb:,form_cyber,-55,2026-04-28 15:14:39
f8:6b:d9:5e:10:cb:,form_cyber,-86,2026-04-28 15:14:44
f8:6b:d9:5e:10:cb:,form_cyber,-86,2026-04-28 15:14:48
f8:6b:d9:5e:10:cb:,form_cyber,-86,2026-04-28 15:14:53
f8:6b:d9:5e:10:cb:,form_cyber,-86,2026-04-28 15:14:57
f8:6b:d9:5e:10:cb:,form_cyber,-86,2026-04-28 15:15:02
f8:6b:d9:5e:10:cb:,form_cyber,-86,2026-04-28 15:15:08
f8:6b:d9:5e:10:cb:,form_cyber,-86,2026-04-28 15:15:12
f8:6b:d9:5e:10:cb:,form_cyber,-86,2026-04-28 15:15:19
f8:6b:d9:5e:10:cb:,form_cyber,-86,2026-04-28 15:15:28
f8:6b:d9:5e:10:cb:,form_cyber,-86,2026-04-28 15:15:31
f8:6b:d9:5e:10:cb:,form_cyber,-86,2026-04-28 15:15:34
f8:6b:d9:5e:10:cb:,form_cyber,-86,2026-04-28 15:15:44
f8:6b:d9:5e:10:cb:,form_cyber,-86,2026-04-28 15:15:48
f8:6b:d9:5e:10:cb:,form_cyber,-86,2026-04-28 15:15:51
f8:6b:d9:5e:10:cb:,form_cyber,-86,2026-04-28 15:15:57
f8:6b:d9:5e:10:cb:,form_cyber,-86,2026-04-28 15:16:00
f8:6b:d9:5e:10:cb:,form_cyber,-86,2026-04-28 15:16:07
f8:6b:d9:5e:10:cb:,form_cyber,-86,2026-04-28 15:16:10
f8:6b:d9:5e:10:cb:,form_cyber,-86,2026-04-28 15:16:14
f8:6b:d9:5e:10:cb:,form_cyber,-86,2026-04-28 15:16:23
f8:6b:d9:5e:10:cb:,form_cyber,-86,2026-04-28 15:16:27
f8:6b:d9:5e:10:cb:,form_cyber,-86,2026-04-28 15:16:30
f8:6b:d9:5e:10:cb:,form_cyber,-86,2026-04-28 15:16:35
f8:6b:d9:5e:10:cb:,form_cyber,-86,2026-04-28 15:16:40
f8:6b:d9:5e:10:cb:,form_cyber,-86,2026-04-28 15:18:19
f8:6b:d9:5e:10:cb:,form_cyber,-86,2026-04-28 15:18:23
f8:6b:d9:5e:10:cb:,form_cyber,-86,2026-04-28 15:18:28
f8:6b:d9:5e:10:c4:,form_cyber,-86,2026-04-28 15:14:14
f8:6b:d9:5e:10:c4:,form_cyber,-82,2026-04-28 15:14:18
f8:6b:d9:5e:10:c4:,form_cyber,-82,2026-04-28 15:14:22
f8:6b:d9:5e:10:c4:,form_cyber,-82,2026-04-28 15:14:27
f8:6b:d9:5e:10:c4:,form_cyber,-82,2026-04-28 15:14:31
f8:6b:d9:5e:10:c4:,form_cyber,-82,2026-04-28 15:14:35
f8:6b:d9:5e:10:c4:,form_cyber,-82,2026-04-28 15:14:39
f8:6b:d9:5e:10:c4:,form_cyber,-82,2026-04-28 15:14:44
f8:6b:d9:5e:10:c4:,form_cyber,-82,2026-04-28 15:14:48
f8:6b:d9:5e:10:c4:,form_cyber,-82,2026-04-28 15:14:53
f8:6b:d9:5e:10:c4:,form_cyber,-82,2026-04-28 15:14:57
f8:6b:d9:5e:10:c4:,form_cyber,-82,2026-04-28 15:15:02
f8:6b:d9:5e:10:c4:,form_cyber,-82,2026-04-28 15:15:08
f8:6b:d9:5e:10:c4:,form_cyber,-82,2026-04-28 15:15:12
f8:6b:d9:5e:10:c4:,form_cyber,-82,2026-04-28 15:15:19
f8:6b:d9:5e:10:c4:,form_cyber,-82,2026-04-28 15:15:28
f8:6b:d9:5e:10:c4:,form_cyber,-82,2026-04-28 15:15:31
f8:6b:d9:5e:10:c4:,form_cyber,-82,2026-04-28 15:15:34
f8:6b:d9:5e:10:c4:,form_cyber,-82,2026-04-28 15:15:44
f8:6b:d9:5e:10:c4:,form_cyber,-82,2026-04-28 15:15:48
f8:6b:d9:5e:10:c4:,form_cyber,-82,2026-04-28 15:15:51
f8:6b:d9:5e:10:c4:,form_cyber,-82,2026-04-28 15:15:57
f8:6b:d9:5e:10:c4:,form_cyber,-82,2026-04-28 15:16:00
f8:6b:d9:5e:10:c4:,form_cyber,-82,2026-04-28 15:16:07
f8:6b:d9:5e:10:c4:,form_cyber,-82,2026-04-28 15:16:10
f8:6b:d9:5e:10:c4:,form_cyber,-82,2026-04-28 15:16:14
84:b2:61:08:fc:cb:,form_cyber,-68,2026-04-28 15:14:14
84:b2:61:08:fc:cb:,form_cyber,-68,2026-04-28 15:14:18
84:b2:61:08:fc:cb:,form_cyber,-72,2026-04-28 15:14:22
84:b2:61:08:fc:cb:,form_cyber,-68,2026-04-28 15:14:27
84:b2:61:08:fc:cb:,form_cyber,-68,2026-04-28 15:14:31
84:b2:61:08:fc:cb:,form_cyber,-76,2026-04-28 15:14:35
84:b2:61:08:fc:cb:,form_cyber,-73,2026-04-28 15:14:39
84:b2:61:08:fc:cb:,form_cyber,-71,2026-04-28 15:14:44
84:b2:61:08:fc:cb:,form_cyber,-69,2026-04-28 15:14:48
84:b2:61:08:fc:cb:,form_cyber,-69,2026-04-28 15:14:53
84:b2:61:08:fc:cb:,form_cyber,-69,2026-04-28 15:14:57
84:b2:61:08:fc:cb:,form_cyber,-70,2026-04-28 15:15:02
84:b2:61:08:fc:cb:,form_cyber,-70,2026-04-28 15:15:08
84:b2:61:08:fc:cb:,form_cyber,-70,2026-04-28 15:15:12
84:b2:61:08:fc:cb:,form_cyber,-79,2026-04-28 15:15:19
84:b2:61:08:fc:cb:,form_cyber,-74,2026-04-28 15:15:28
84:b2:61:08:fc:cb:,form_cyber,-74,2026-04-28 15:15:31
84:b2:61:08:fc:cb:,form_cyber,-79,2026-04-28 15:15:34
84:b2:61:08:fc:cb:,form_cyber,-72,2026-04-28 15:15:44
84:b2:61:08:fc:cb:,form_cyber,-72,2026-04-28 15:15:48
84:b2:61:08:fc:cb:,form_cyber,-74,2026-04-28 15:15:51
84:b2:61:08:fc:cb:,form_cyber,-75,2026-04-28 15:15:57
84:b2:61:08:fc:cb:,form_cyber,-75,2026-04-28 15:16:00
84:b2:61:08:fc:cb:,form_cyber,-74,2026-04-28 15:16:07
84:b2:61:08:fc:cb:,form_cyber,-74,2026-04-28 15:16:10
84:b2:61:08:fc:cb:,form_cyber,-74,2026-04-28 15:16:14
84:b2:61:08:fc:cb:,form_cyber,-77,2026-04-28 15:16:23
84:b2:61:08:fc:cb:,form_cyber,-77,2026-04-28 15:16:27
84:b2:61:08:fc:cb:,form_cyber,-80,2026-04-28 15:16:30
84:b2:61:08:fc:cb:,form_cyber,-81,2026-04-28 15:16:35
84:b2:61:08:fc:cb:,form_cyber,-81,2026-04-28 15:16:40
84:b2:61:08:fc:cb:,form_cyber,-81,2026-04-28 15:16:47
84:b2:61:08:fc:cb:,form_cyber,-76,2026-04-28 15:16:53
84:b2:61:08:fc:cb:,form_cyber,-76,2026-04-28 15:16:56
84:b2:61:08:fc:cb:,form_cyber,-74,2026-04-28 15:16:59
84:b2:61:08:fc:cb:,form_cyber,-76,2026-04-28 15:17:05
84:b2:61:08:fc:cb:,form_cyber,-79,2026-04-28 15:17:11
84:b2:61:08:fc:cb:,form_cyber,-79,2026-04-28 15:17:15
84:b2:61:08:fc:cb:,form_cyber,-77,2026-04-28 15:17:20
84:b2:61:08:fc:cb:,form_cyber,-77,2026-04-28 15:17:23
84:b2:61:08:fc:cb:,form_cyber,-78,2026-04-28 15:17:27
84:b2:61:08:fc:cb:,form_cyber,-79,2026-04-28 15:17:33
84:b2:61:08:fc:cb:,form_cyber,-78,2026-04-28 15:17:39
84:b2:61:08:fc:cb:,form_cyber,-78,2026-04-28 15:17:42
84:b2:61:08:fc:cb:,form_cyber,-76,2026-04-28 15:17:46
84:b2:61:08:fc:cb:,form_cyber,-76,2026-04-28 15:17:50
84:b2:61:08:fc:cb:,form_cyber,-76,2026-04-28 15:17:56
84:b2:61:08:fc:cb:,form_cyber,-72,2026-04-28 15:17:59
84:b2:61:08:fc:cb:,form_cyber,-74,2026-04-28 15:18:03
84:b2:61:08:fc:cb:,form_cyber,-71,2026-04-28 15:18:08
84:b2:61:08:fc:cb:,form_cyber,-71,2026-04-28 15:18:13
84:b2:61:08:fc:cb:,form_cyber,-69,2026-04-28 15:18:19
84:b2:61:08:fc:cb:,form_cyber,-69,2026-04-28 15:18:23
84:b2:61:08:fc:cb:,form_cyber,-75,2026-04-28 15:18:28
84:b2:61:08:fc:c4:,form_cyber,-82,2026-04-28 15:14:14
84:b2:61:08:fc:c4:,form_cyber,-73,2026-04-28 15:14:18
84:b2:61:08:fc:c4:,form_cyber,-73,2026-04-28 15:14:22
84:b2:61:08:fc:c4:,form_cyber,-82,2026-04-28 15:14:27
84:b2:61:08:fc:c4:,form_cyber,-83,2026-04-28 15:14:31
84:b2:61:08:fc:c4:,form_cyber,-83,2026-04-28 15:14:35
84:b2:61:08:fc:c4:,form_cyber,-84,2026-04-28 15:14:39
84:b2:61:08:fc:c4:,form_cyber,-78,2026-04-28 15:14:44
84:b2:61:08:fc:c4:,form_cyber,-78,2026-04-28 15:14:48
84:b2:61:08:fc:c4:,form_cyber,-78,2026-04-28 15:14:53
84:b2:61:08:fc:c4:,form_cyber,-79,2026-04-28 15:14:57
84:b2:61:08:fc:c4:,form_cyber,-79,2026-04-28 15:15:02
84:b2:61:08:fc:c4:,form_cyber,-79,2026-04-28 15:15:08
84:b2:61:08:fc:c4:,form_cyber,-82,2026-04-28 15:15:12
84:b2:61:08:fc:c4:,form_cyber,-82,2026-04-28 15:15:19
84:b2:61:08:fc:c4:,form_cyber,-77,2026-04-28 15:15:28
84:b2:61:08:fc:c4:,form_cyber,-77,2026-04-28 15:15:31
84:b2:61:08:fc:c4:,form_cyber,-77,2026-04-28 15:15:34
84:b2:61:08:fc:c4:,form_cyber,-79,2026-04-28 15:15:44
84:b2:61:08:fc:c4:,form_cyber,-79,2026-04-28 15:15:48
84:b2:61:08:fc:c4:,form_cyber,-79,2026-04-28 15:15:51
84:b2:61:08:fc:c4:,form_cyber,-81,2026-04-28 15:15:57
84:b2:61:08:fc:c4:,form_cyber,-86,2026-04-28 15:16:00
84:b2:61:08:fc:c4:,form_cyber,-86,2026-04-28 15:16:07
84:b2:61:08:fc:c4:,form_cyber,-82,2026-04-28 15:16:10
84:b2:61:08:fc:c4:,form_cyber,-82,2026-04-28 15:16:14
84:b2:61:08:fc:c4:,form_cyber,-86,2026-04-28 15:16:23
84:b2:61:08:fc:c4:,form_cyber,-76,2026-04-28 15:16:27
84:b2:61:08:fc:c4:,form_cyber,-76,2026-04-28 15:16:30
84:b2:61:08:fc:c4:,form_cyber,-76,2026-04-28 15:16:35
84:b2:61:08:fc:c4:,form_cyber,-76,2026-04-28 15:16:40
84:b2:61:08:fc:c4:,form_cyber,-86,2026-04-28 15:16:47
84:b2:61:08:fc:c4:,form_cyber,-85,2026-04-28 15:16:53
84:b2:61:08:fc:c4:,form_cyber,-86,2026-04-28 15:16:56
84:b2:61:08:fc:c4:,form_cyber,-86,2026-04-28 15:16:59
84:b2:61:08:fc:c4:,form_cyber,-86,2026-04-28 15:17:05
84:b2:61:08:fc:c4:,form_cyber,-86,2026-04-28 15:17:11
84:b2:61:08:fc:c4:,form_cyber,-84,2026-04-28 15:17:15
84:b2:61:08:fc:c4:,form_cyber,-84,2026-04-28 15:17:20
84:b2:61:08:fc:c4:,form_cyber,-77,2026-04-28 15:17:23
84:b2:61:08:fc:c4:,form_cyber,-77,2026-04-28 15:17:27
84:b2:61:08:fc:c4:,form_cyber,-77,2026-04-28 15:17:33
84:b2:61:08:fc:c4:,form_cyber,-81,2026-04-28 15:17:39
84:b2:61:08:fc:c4:,form_cyber,-81,2026-04-28 15:17:42
84:b2:61:08:fc:c4:,form_cyber,-81,2026-04-28 15:17:46
84:b2:61:08:fc:c4:,form_cyber,-80,2026-04-28 15:17:50
84:b2:61:08:fc:c4:,form_cyber,-85,2026-04-28 15:17:56
84:b2:61:08:fc:c4:,form_cyber,-85,2026-04-28 15:17:59
84:b2:61:08:fc:c4:,form_cyber,-85,2026-04-28 15:18:03
84:b2:61:08:fc:c4:,form_cyber,-86,2026-04-28 15:18:08
84:b2:61:08:fc:c4:,form_cyber,-80,2026-04-28 15:18:13
84:b2:61:08:fc:c4:,form_cyber,-80,2026-04-28 15:18:19
84:b2:61:08:fc:c4:,form_cyber,-79,2026-04-28 15:18:23
84:b2:61:08:fc:c4:,form_cyber,-82,2026-04-28 15:18:28
70:61:7b:e9:ac:2b:,form_cyber,-53,2026-04-28 15:14:14
70:61:7b:e9:ac:2b:,form_cyber,-53,2026-04-28 15:14:18
70:61:7b:e9:ac:2b:,form_cyber,-60,2026-04-28 15:14:22
70:61:7b:e9:ac:2b:,form_cyber,-47,2026-04-28 15:14:27
70:61:7b:e9:ac:2b:,form_cyber,-47,2026-04-28 15:14:31
70:61:7b:e9:ac:2b:,form_cyber,-50,2026-04-28 15:14:35
70:61:7b:e9:ac:2b:,form_cyber,-56,2026-04-28 15:14:39
70:61:7b:e9:ac:2b:,form_cyber,-45,2026-04-28 15:14:44
70:61:7b:e9:ac:2b:,form_cyber,-47,2026-04-28 15:14:48
70:61:7b:e9:ac:2b:,form_cyber,-47,2026-04-28 15:14:53
70:61:7b:e9:ac:2b:,form_cyber,-50,2026-04-28 15:14:57
70:61:7b:e9:ac:2b:,form_cyber,-45,2026-04-28 15:15:02
70:61:7b:e9:ac:2b:,form_cyber,-46,2026-04-28 15:15:08
70:61:7b:e9:ac:2b:,form_cyber,-45,2026-04-28 15:15:12
70:61:7b:e9:ac:2b:,form_cyber,-50,2026-04-28 15:15:19
70:61:7b:e9:ac:2b:,form_cyber,-54,2026-04-28 15:15:28
70:61:7b:e9:ac:2b:,form_cyber,-53,2026-04-28 15:15:31
70:61:7b:e9:ac:2b:,form_cyber,-53,2026-04-28 15:15:34
70:61:7b:e9:ac:2b:,form_cyber,-45,2026-04-28 15:15:44
70:61:7b:e9:ac:2b:,form_cyber,-44,2026-04-28 15:15:48
70:61:7b:e9:ac:2b:,form_cyber,-44,2026-04-28 15:15:51
70:61:7b:e9:ac:2b:,form_cyber,-42,2026-04-28 15:15:57
70:61:7b:e9:ac:2b:,form_cyber,-41,2026-04-28 15:16:00
70:61:7b:e9:ac:2b:,form_cyber,-54,2026-04-28 15:16:07
70:61:7b:e9:ac:2b:,form_cyber,-48,2026-04-28 15:16:10
70:61:7b:e9:ac:2b:,form_cyber,-47,2026-04-28 15:16:14
70:61:7b:e9:ac:2b:,form_cyber,-54,2026-04-28 15:16:23
70:61:7b:e9:ac:2b:,form_cyber,-49,2026-04-28 15:16:27
70:61:7b:e9:ac:2b:,form_cyber,-49,2026-04-28 15:16:30
70:61:7b:e9:ac:2b:,form_cyber,-45,2026-04-28 15:16:35
70:61:7b:e9:ac:2b:,form_cyber,-49,2026-04-28 15:16:40
70:61:7b:e9:ac:2b:,form_cyber,-46,2026-04-28 15:16:47
70:61:7b:e9:ac:2b:,form_cyber,-50,2026-04-28 15:16:53
70:61:7b:e9:ac:2b:,form_cyber,-45,2026-04-28 15:16:56
70:61:7b:e9:ac:2b:,form_cyber,-45,2026-04-28 15:16:59
70:61:7b:e9:ac:2b:,form_cyber,-52,2026-04-28 15:17:05
70:61:7b:e9:ac:2b:,form_cyber,-52,2026-04-28 15:17:11
70:61:7b:e9:ac:2b:,form_cyber,-54,2026-04-28 15:17:15
70:61:7b:e9:ac:2b:,form_cyber,-51,2026-04-28 15:17:20
70:61:7b:e9:ac:2b:,form_cyber,-56,2026-04-28 15:17:23
70:61:7b:e9:ac:2b:,form_cyber,-56,2026-04-28 15:17:27
70:61:7b:e9:ac:2b:,form_cyber,-52,2026-04-28 15:17:33
70:61:7b:e9:ac:2b:,form_cyber,-51,2026-04-28 15:17:39
70:61:7b:e9:ac:2b:,form_cyber,-47,2026-04-28 15:17:42
70:61:7b:e9:ac:2b:,form_cyber,-47,2026-04-28 15:17:46
70:61:7b:e9:ac:2b:,form_cyber,-50,2026-04-28 15:17:50
70:61:7b:e9:ac:2b:,form_cyber,-50,2026-04-28 15:17:56
70:61:7b:e9:ac:2b:,form_cyber,-50,2026-04-28 15:17:59
70:61:7b:e9:ac:2b:,form_cyber,-51,2026-04-28 15:18:03
70:61:7b:e9:ac:2b:,form_cyber,-48,2026-04-28 15:18:08
70:61:7b:e9:ac:2b:,form_cyber,-46,2026-04-28 15:18:13
70:61:7b:e9:ac:2b:,form_cyber,-49,2026-04-28 15:18:19
70:61:7b:e9:ac:2b:,form_cyber,-50,2026-04-28 15:18:23
70:61:7b:e9:ac:2b:,form_cyber,-51,2026-04-28 15:18:28
70:61:7b:e9:ac:24:,form_cyber,-52,2026-04-28 15:14:14
70:61:7b:e9:ac:24:,form_cyber,-48,2026-04-28 15:14:18
70:61:7b:e9:ac:24:,form_cyber,-48,2026-04-28 15:14:22
70:61:7b:e9:ac:24:,form_cyber,-50,2026-04-28 15:14:27
70:61:7b:e9:ac:24:,form_cyber,-56,2026-04-28 15:14:31
70:61:7b:e9:ac:24:,form_cyber,-56,2026-04-28 15:14:35
70:61:7b:e9:ac:24:,form_cyber,-57,2026-04-28 15:14:39
70:61:7b:e9:ac:24:,form_cyber,-47,2026-04-28 15:14:44
70:61:7b:e9:ac:24:,form_cyber,-48,2026-04-28 15:14:48
70:61:7b:e9:ac:24:,form_cyber,-48,2026-04-28 15:14:53
70:61:7b:e9:ac:24:,form_cyber,-48,2026-04-28 15:14:57
70:61:7b:e9:ac:24:,form_cyber,-48,2026-04-28 15:15:02
70:61:7b:e9:ac:24:,form_cyber,-48,2026-04-28 15:15:08
70:61:7b:e9:ac:24:,form_cyber,-48,2026-04-28 15:15:12
70:61:7b:e9:ac:24:,form_cyber,-48,2026-04-28 15:15:19
70:61:7b:e9:ac:24:,form_cyber,-48,2026-04-28 15:15:28
70:61:7b:e9:ac:24:,form_cyber,-48,2026-04-28 15:15:31
70:61:7b:e9:ac:24:,form_cyber,-48,2026-04-28 15:15:34
70:61:7b:e9:ac:24:,form_cyber,-48,2026-04-28 15:15:44
70:61:7b:e9:ac:24:,form_cyber,-48,2026-04-28 15:15:48
70:61:7b:e9:ac:24:,form_cyber,-48,2026-04-28 15:15:51
70:61:7b:e9:ac:24:,form_cyber,-48,2026-04-28 15:15:57
70:61:7b:e9:ac:24:,form_cyber,-48,2026-04-28 15:16:00
70:61:7b:e9:ac:24:,form_cyber,-53,2026-04-28 15:16:07
70:61:7b:e9:ac:24:,form_cyber,-51,2026-04-28 15:16:10
70:61:7b:e9:ac:24:,form_cyber,-57,2026-04-28 15:16:14
70:61:7b:e9:ac:24:,form_cyber,-58,2026-04-28 15:16:23
70:61:7b:e9:ac:24:,form_cyber,-53,2026-04-28 15:16:27
70:61:7b:e9:ac:24:,form_cyber,-53,2026-04-28 15:16:30
70:61:7b:e9:ac:24:,form_cyber,-59,2026-04-28 15:16:35
70:61:7b:e9:ac:24:,form_cyber,-55,2026-04-28 15:16:40
70:61:7b:e9:ac:24:,form_cyber,-63,2026-04-28 15:16:47
70:61:7b:e9:ac:24:,form_cyber,-53,2026-04-28 15:16:53
70:61:7b:e9:ac:24:,form_cyber,-58,2026-04-28 15:16:56
70:61:7b:e9:ac:24:,form_cyber,-58,2026-04-28 15:16:59
70:61:7b:e9:ac:24:,form_cyber,-62,2026-04-28 15:17:05
70:61:7b:e9:ac:24:,form_cyber,-54,2026-04-28 15:17:11
70:61:7b:e9:ac:24:,form_cyber,-56,2026-04-28 15:17:15
70:61:7b:e9:ac:24:,form_cyber,-54,2026-04-28 15:17:20
70:61:7b:e9:ac:24:,form_cyber,-55,2026-04-28 15:17:23
70:61:7b:e9:ac:24:,form_cyber,-55,2026-04-28 15:17:27
70:61:7b:e9:ac:24:,form_cyber,-64,2026-04-28 15:17:33
70:61:7b:e9:ac:24:,form_cyber,-54,2026-04-28 15:17:39
70:61:7b:e9:ac:24:,form_cyber,-57,2026-04-28 15:17:42
70:61:7b:e9:ac:24:,form_cyber,-57,2026-04-28 15:17:46
70:61:7b:e9:ac:24:,form_cyber,-40,2026-04-28 15:17:50
70:61:7b:e9:ac:24:,form_cyber,-53,2026-04-28 15:17:56
70:61:7b:e9:ac:24:,form_cyber,-53,2026-04-28 15:17:59
70:61:7b:e9:ac:24:,form_cyber,-58,2026-04-28 15:18:03
70:61:7b:e9:ac:24:,form_cyber,-61,2026-04-28 15:18:08
70:61:7b:e9:ac:24:,form_cyber,-52,2026-04-28 15:18:13
70:61:7b:e9:ac:24:,form_cyber,-53,2026-04-28 15:18:19
70:61:7b:e9:ac:24:,form_cyber,-56,2026-04-28 15:18:23
70:61:7b:e9:ac:24:,form_cyber,-48,2026-04-28 15:18:28
84:b2:61:1f:b5:34:,form_cyber,-79,2026-04-28 15:14:14
84:b2:61:1f:b5:34:,form_cyber,-79,2026-04-28 15:14:18
84:b2:61:1f:b5:34:,form_cyber,-79,2026-04-28 15:14:22
84:b2:61:1f:b5:34:,form_cyber,-79,2026-04-28 15:14:27
84:b2:61:1f:b5:34:,form_cyber,-79,2026-04-28 15:14:31
84:b2:61:1f:b5:34:,form_cyber,-79,2026-04-28 15:14:35
84:b2:61:1f:b5:34:,form_cyber,-79,2026-04-28 15:14:39
84:b2:61:1f:b5:34:,form_cyber,-79,2026-04-28 15:14:44
84:b2:61:1f:b5:34:,form_cyber,-79,2026-04-28 15:14:48
84:b2:61:1f:b5:34:,form_cyber,-79,2026-04-28 15:14:53
84:b2:61:1f:b5:34:,form_cyber,-79,2026-04-28 15:14:57
84:b2:61:1f:b5:34:,form_cyber,-79,2026-04-28 15:15:02
84:b2:61:1f:b5:34:,form_cyber,-79,2026-04-28 15:15:08
84:b2:61:1f:b5:34:,form_cyber,-79,2026-04-28 15:15:12
84:b2:61:1f:b5:34:,form_cyber,-79,2026-04-28 15:15:19
84:b2:61:1f:b5:34:,form_cyber,-79,2026-04-28 15:15:28
84:b2:61:1f:b5:34:,form_cyber,-79,2026-04-28 15:15:31
84:b2:61:1f:b5:34:,form_cyber,-79,2026-04-28 15:15:34
84:b2:61:1f:b5:34:,form_cyber,-79,2026-04-28 15:15:44
84:b2:61:1f:b5:34:,form_cyber,-79,2026-04-28 15:15:48
84:b2:61:1f:b5:34:,form_cyber,-79,2026-04-28 15:15:51
84:b2:61:1f:b5:34:,form_cyber,-79,2026-04-28 15:15:57
84:b2:61:1f:b5:34:,form_cyber,-79,2026-04-28 15:16:00
84:b2:61:1f:b5:34:,form_cyber,-86,2026-04-28 15:18:03
84:b2:61:1f:b5:34:,form_cyber,-86,2026-04-28 15:18:08
84:b2:61:1f:b5:34:,form_cyber,-86,2026-04-28 15:18:13
84:b2:61:1f:b5:34:,form_cyber,-86,2026-04-28 15:18:19
84:b2:61:1f:b5:34:,form_cyber,-86,2026-04-28 15:18:23
84:b2:61:1f:b5:34:,form_cyber,-86,2026-04-28 15:18:28
5e:9a:0d:a3:a3:0f:,Guillaume,-75,2026-04-28 15:14:35
5e:9a:0d:a3:a3:0f:,Guillaume,-75,2026-04-28 15:14:39
5e:9a:0d:a3:a3:0f:,Guillaume,-75,2026-04-28 15:14:44
5e:9a:0d:a3:a3:0f:,Guillaume,-75,2026-04-28 15:14:48
5e:9a:0d:a3:a3:0f:,Guillaume,-75,2026-04-28 15:14:53
5e:9a:0d:a3:a3:0f:,Guillaume,-75,2026-04-28 15:14:57
5e:9a:0d:a3:a3:0f:,Guillaume,-80,2026-04-28 15:15:02
5e:9a:0d:a3:a3:0f:,Guillaume,-76,2026-04-28 15:15:08
5e:9a:0d:a3:a3:0f:,Guillaume,-76,2026-04-28 15:15:12
5e:9a:0d:a3:a3:0f:,Guillaume,-78,2026-04-28 15:15:19
5e:9a:0d:a3:a3:0f:,Guillaume,-77,2026-04-28 15:15:28
5e:9a:0d:a3:a3:0f:,Guillaume,-77,2026-04-28 15:15:31
5e:9a:0d:a3:a3:0f:,Guillaume,-71,2026-04-28 15:15:34
5e:9a:0d:a3:a3:0f:,Guillaume,-75,2026-04-28 15:15:44
5e:9a:0d:a3:a3:0f:,Guillaume,-75,2026-04-28 15:15:48
5e:9a:0d:a3:a3:0f:,Guillaume,-79,2026-04-28 15:15:51
5e:9a:0d:a3:a3:0f:,Guillaume,-78,2026-04-28 15:15:57
5e:9a:0d:a3:a3:0f:,Guillaume,-78,2026-04-28 15:16:00
5e:9a:0d:a3:a3:0f:,Guillaume,-74,2026-04-28 15:16:07
5e:9a:0d:a3:a3:0f:,Guillaume,-74,2026-04-28 15:16:10
5e:9a:0d:a3:a3:0f:,Guillaume,-74,2026-04-28 15:16:14
5e:9a:0d:a3:a3:0f:,Guillaume,-76,2026-04-28 15:16:23
5e:9a:0d:a3:a3:0f:,Guillaume,-76,2026-04-28 15:16:27
5e:9a:0d:a3:a3:0f:,Guillaume,-76,2026-04-28 15:16:30
5e:9a:0d:a3:a3:0f:,Guillaume,-82,2026-04-28 15:16:35
5e:9a:0d:a3:a3:0f:,Guillaume,-82,2026-04-28 15:16:40
5e:9a:0d:a3:a3:0f:,Guillaume,-79,2026-04-28 15:16:47
5e:9a:0d:a3:a3:0f:,Guillaume,-75,2026-04-28 15:16:53
5e:9a:0d:a3:a3:0f:,Guillaume,-75,2026-04-28 15:16:56
5e:9a:0d:a3:a3:0f:,Guillaume,-75,2026-04-28 15:16:59
5e:9a:0d:a3:a3:0f:,Guillaume,-75,2026-04-28 15:17:05
5e:9a:0d:a3:a3:0f:,Guillaume,-85,2026-04-28 15:17:11
5e:9a:0d:a3:a3:0f:,Guillaume,-85,2026-04-28 15:17:15
5e:9a:0d:a3:a3:0f:,Guillaume,-83,2026-04-28 15:17:20
5e:9a:0d:a3:a3:0f:,Guillaume,-83,2026-04-28 15:17:23
5e:9a:0d:a3:a3:0f:,Guillaume,-86,2026-04-28 15:17:27
5e:9a:0d:a3:a3:0f:,Guillaume,-78,2026-04-28 15:17:33
5e:9a:0d:a3:a3:0f:,Guillaume,-66,2026-04-28 15:17:39
5e:9a:0d:a3:a3:0f:,Guillaume,-66,2026-04-28 15:17:42
5e:9a:0d:a3:a3:0f:,Guillaume,-73,2026-04-28 15:17:46
5e:9a:0d:a3:a3:0f:,Guillaume,-74,2026-04-28 15:17:50
5e:9a:0d:a3:a3:0f:,Guillaume,-74,2026-04-28 15:17:56
5e:9a:0d:a3:a3:0f:,Guillaume,-73,2026-04-28 15:17:59
5e:9a:0d:a3:a3:0f:,Guillaume,-77,2026-04-28 15:18:03
5e:9a:0d:a3:a3:0f:,Guillaume,-74,2026-04-28 15:18:08
5e:9a:0d:a3:a3:0f:,Guillaume,-74,2026-04-28 15:18:13
5e:9a:0d:a3:a3:0f:,Guillaume,-85,2026-04-28 15:18:19
5e:9a:0d:a3:a3:0f:,Guillaume,-85,2026-04-28 15:18:23
5e:9a:0d:a3:a3:0f:,Guillaume,-85,2026-04-28 15:18:28
46:f7:2e:78:31:c9:,.,-77,2026-04-28 15:14:57
46:f7:2e:78:31:c9:,.,-73,2026-04-28 15:15:02
46:f7:2e:78:31:c9:,.,-70,2026-04-28 15:15:08
46:f7:2e:78:31:c9:,.,-70,2026-04-28 15:15:12
46:f7:2e:78:31:c9:,.,-76,2026-04-28 15:15:19
46:f7:2e:78:31:c9:,.,-69,2026-04-28 15:15:28
46:f7:2e:78:31:c9:,.,-66,2026-04-28 15:15:31
46:f7:2e:78:31:c9:,.,-66,2026-04-28 15:15:34
46:f7:2e:78:31:c9:,.,-66,2026-04-28 15:15:44
46:f7:2e:78:31:c9:,.,-66,2026-04-28 15:15:48
46:f7:2e:78:31:c9:,.,-66,2026-04-28 15:15:51
46:f7:2e:78:31:c9:,.,-66,2026-04-28 15:15:57
46:f7:2e:78:31:c9:,.,-74,2026-04-28 15:16:00
46:f7:2e:78:31:c9:,.,-58,2026-04-28 15:16:07
46:f7:2e:78:31:c9:,.,-58,2026-04-28 15:16:10
46:f7:2e:78:31:c9:,.,-66,2026-04-28 15:16:14
46:f7:2e:78:31:c9:,.,-69,2026-04-28 15:16:23
46:f7:2e:78:31:c9:,.,-58,2026-04-28 15:16:27
46:f7:2e:78:31:c9:,.,-58,2026-04-28 15:16:30
46:f7:2e:78:31:c9:,.,-67,2026-04-28 15:16:35
46:f7:2e:78:31:c9:,.,-69,2026-04-28 15:16:40
46:f7:2e:78:31:c9:,.,-69,2026-04-28 15:16:47
46:f7:2e:78:31:c9:,.,-69,2026-04-28 15:16:53
46:f7:2e:78:31:c9:,.,-69,2026-04-28 15:16:56
46:f7:2e:78:31:c9:,.,-69,2026-04-28 15:16:59
46:f7:2e:78:31:c9:,.,-69,2026-04-28 15:17:05
46:f7:2e:78:31:c9:,.,-68,2026-04-28 15:17:11
46:f7:2e:78:31:c9:,.,-72,2026-04-28 15:17:15
46:f7:2e:78:31:c9:,.,-70,2026-04-28 15:17:20
46:f7:2e:78:31:c9:,.,-65,2026-04-28 15:17:23
46:f7:2e:78:31:c9:,.,-65,2026-04-28 15:17:27
46:f7:2e:78:31:c9:,.,-69,2026-04-28 15:17:33
46:f7:2e:78:31:c9:,.,-69,2026-04-28 15:17:39
46:f7:2e:78:31:c9:,.,-65,2026-04-28 15:17:42
46:f7:2e:78:31:c9:,.,-65,2026-04-28 15:17:46
46:f7:2e:78:31:c9:,.,-64,2026-04-28 15:17:50
46:f7:2e:78:31:c9:,.,-71,2026-04-28 15:17:56
46:f7:2e:78:31:c9:,.,-71,2026-04-28 15:17:59
46:f7:2e:78:31:c9:,.,-71,2026-04-28 15:18:03
46:f7:2e:78:31:c9:,.,-71,2026-04-28 15:18:08
46:f7:2e:78:31:c9:,.,-59,2026-04-28 15:18:13
46:f7:2e:78:31:c9:,.,-68,2026-04-28 15:18:19
46:f7:2e:78:31:c9:,.,-74,2026-04-28 15:18:23
46:f7:2e:78:31:c9:,.,-70,2026-04-28 15:18:28
46:08:d1:78:31:c9:,.,-86,2026-04-28 15:15:02
46:08:d1:78:31:c9:,.,-87,2026-04-28 15:15:08
46:08:d1:78:31:c9:,.,-91,2026-04-28 15:15:12
46:08:d1:78:31:c9:,.,-85,2026-04-28 15:15:19
46:08:d1:78:31:c9:,.,-84,2026-04-28 15:15:28
46:08:d1:78:31:c9:,.,-85,2026-04-28 15:15:31
46:08:d1:78:31:c9:,.,-85,2026-04-28 15:15:34
46:08:d1:78:31:c9:,.,-86,2026-04-28 15:15:44
46:08:d1:78:31:c9:,.,-86,2026-04-28 15:15:48
46:08:d1:78:31:c9:,.,-86,2026-04-28 15:15:51
46:08:d1:78:31:c9:,.,-86,2026-04-28 15:15:57
46:08:d1:78:31:c9:,.,-83,2026-04-28 15:16:00
46:08:d1:78:31:c9:,.,-88,2026-04-28 15:16:07
46:08:d1:78:31:c9:,.,-88,2026-04-28 15:16:10
46:08:d1:78:31:c9:,.,-89,2026-04-28 15:16:14
46:08:d1:78:31:c9:,.,-86,2026-04-28 15:16:23
46:08:d1:78:31:c9:,.,-86,2026-04-28 15:16:27
46:08:d1:78:31:c9:,.,-86,2026-04-28 15:16:30
46:08:d1:78:31:c9:,.,-87,2026-04-28 15:16:35
46:08:d1:78:31:c9:,.,-85,2026-04-28 15:16:40
46:08:d1:78:31:c9:,.,-86,2026-04-28 15:16:47
46:08:d1:78:31:c9:,.,-86,2026-04-28 15:16:53
46:08:d1:78:31:c9:,.,-84,2026-04-28 15:16:56
46:08:d1:78:31:c9:,.,-84,2026-04-28 15:16:59
46:08:d1:78:31:c9:,.,-84,2026-04-28 15:17:05
46:08:d1:78:31:c9:,.,-87,2026-04-28 15:17:11
46:08:d1:78:31:c9:,.,-86,2026-04-28 15:17:15
46:08:d1:78:31:c9:,.,-86,2026-04-28 15:17:20
46:08:d1:78:31:c9:,.,-85,2026-04-28 15:17:23
46:08:d1:78:31:c9:,.,-85,2026-04-28 15:17:27
46:08:d1:78:31:c9:,.,-88,2026-04-28 15:17:33
46:08:d1:78:31:c9:,.,-82,2026-04-28 15:17:39
46:08:d1:78:31:c9:,.,-80,2026-04-28 15:17:42
46:08:d1:78:31:c9:,.,-80,2026-04-28 15:17:46
46:08:d1:78:31:c9:,.,-86,2026-04-28 15:17:50
46:08:d1:78:31:c9:,.,-81,2026-04-28 15:17:56
46:08:d1:78:31:c9:,.,-81,2026-04-28 15:17:59
46:08:d1:78:31:c9:,.,-81,2026-04-28 15:18:03
46:08:d1:78:31:c9:,.,-89,2026-04-28 15:18:08
46:08:d1:78:31:c9:,.,-85,2026-04-28 15:18:13
46:08:d1:78:31:c9:,.,-82,2026-04-28 15:18:19
46:08:d1:78:31:c9:,.,-87,2026-04-28 15:18:23
46:08:d1:78:31:c9:,.,-84,2026-04-28 15:18:28
70:61:7b:e9:ac:25:,Hidden,-45,2026-04-28 15:15:12
70:61:7b:e9:ac:25:,Hidden,-45,2026-04-28 15:15:19
70:61:7b:e9:ac:25:,Hidden,-45,2026-04-28 15:15:28
70:61:7b:e9:ac:25:,Hidden,-52,2026-04-28 15:15:31
70:61:7b:e9:ac:25:,Hidden,-52,2026-04-28 15:15:34
70:61:7b:e9:ac:25:,Hidden,-52,2026-04-28 15:15:44
70:61:7b:e9:ac:25:,Hidden,-52,2026-04-28 15:15:48
70:61:7b:e9:ac:25:,Hidden,-52,2026-04-28 15:15:51
70:61:7b:e9:ac:25:,Hidden,-52,2026-04-28 15:15:57
70:61:7b:e9:ac:25:,Hidden,-40,2026-04-28 15:16:00
70:61:7b:e9:ac:25:,Hidden,-40,2026-04-28 15:16:07
70:61:7b:e9:ac:25:,Hidden,-40,2026-04-28 15:16:10
70:61:7b:e9:ac:25:,Hidden,-40,2026-04-28 15:16:14
70:61:7b:e9:ac:25:,Hidden,-40,2026-04-28 15:16:23
70:61:7b:e9:ac:25:,Hidden,-40,2026-04-28 15:16:27
70:61:7b:e9:ac:25:,Hidden,-40,2026-04-28 15:16:30
70:61:7b:e9:ac:25:,Hidden,-40,2026-04-28 15:16:35
70:61:7b:e9:ac:25:,Hidden,-40,2026-04-28 15:16:40
70:61:7b:e9:ac:25:,Hidden,-40,2026-04-28 15:16:47
70:61:7b:e9:ac:25:,Hidden,-40,2026-04-28 15:16:53
70:61:7b:e9:ac:25:,Hidden,-40,2026-04-28 15:16:56
70:61:7b:e9:ac:25:,Hidden,-40,2026-04-28 15:16:59
70:61:7b:e9:ac:25:,Hidden,-40,2026-04-28 15:17:05
70:61:7b:e9:ac:25:,Hidden,-40,2026-04-28 15:17:11
70:61:7b:e9:ac:25:,Hidden,-40,2026-04-28 15:17:15
70:61:7b:e9:ac:25:,Hidden,-40,2026-04-28 15:17:20
70:61:7b:e9:ac:25:,Hidden,-55,2026-04-28 15:17:23
70:61:7b:e9:ac:25:,Hidden,-55,2026-04-28 15:17:27
70:61:7b:e9:ac:25:,Hidden,-55,2026-04-28 15:17:33
70:61:7b:e9:ac:25:,Hidden,-55,2026-04-28 15:17:39
70:61:7b:e9:ac:25:,Hidden,-55,2026-04-28 15:17:42
70:61:7b:e9:ac:25:,Hidden,-55,2026-04-28 15:17:46
70:61:7b:e9:ac:25:,Hidden,-55,2026-04-28 15:17:50
70:61:7b:e9:ac:25:,Hidden,-55,2026-04-28 15:17:56
70:61:7b:e9:ac:25:,Hidden,-55,2026-04-28 15:17:59
70:61:7b:e9:ac:25:,Hidden,-55,2026-04-28 15:18:03
70:61:7b:e9:ac:25:,Hidden,-48,2026-04-28 15:18:08
70:61:7b:e9:ac:25:,Hidden,-48,2026-04-28 15:18:13
70:61:7b:e9:ac:25:,Hidden,-48,2026-04-28 15:18:19
70:61:7b:e9:ac:25:,Hidden,-48,2026-04-28 15:18:23
70:61:7b:e9:ac:25:,Hidden,-51,2026-04-28 15:18:28
