BSSID,SSID,RSSI(dBm),Time
70:61:7b:e9:ac:28:,UTTetudiants,-81,2026-04-28 15:09:14
70:61:7b:e9:ac:28:,UTTetudiants,-81,2026-04-28 15:09:14
70:61:7b:e9:ac:28:,UTTetudiants,-81,2026-04-28 15:09:17
70:61:7b:e9:ac:28:,UTTetudiants,-83,2026-04-28 15:09:17
70:61:7b:e9:ac:28:,UTTetudiants,-81,2026-04-28 15:09:17
70:61:7b:e9:ac:28:,UTTetudiants,-84,2026-04-28 15:09:21
70:61:7b:e9:ac:28:,UTTetudiants,-83,2026-04-28 15:09:21
70:61:7b:e9:ac:28:,UTTetudiants,-84,2026-04-28 15:09:21
70:61:7b:e9:ac:28:,UTTetudiants,-84,2026-04-28 15:09:26
70:61:7b:e9:ac:28:,UTTetudiants,-81,2026-04-28 15:09:26
70:61:7b:e9:ac:28:,UTTetudiants,-84,2026-04-28 15:09:26
70:61:7b:e9:ac:28:,UTTetudiants,-87,2026-04-28 15:09:29
70:61:7b:e9:ac:28:,UTTetudiants,-81,2026-04-28 15:09:29
70:61:7b:e9:ac:28:,UTTetudiants,-87,2026-04-28 15:09:29
70:61:7b:e9:ac:28:,UTTetudiants,-87,2026-04-28 15:09:35
70:61:7b:e9:ac:28:,UTTetudiants,-85,2026-04-28 15:09:35
70:61:7b:e9:ac:28:,UTTetudiants,-87,2026-04-28 15:09:35
70:61:7b:e9:ac:28:,UTTetudiants,-87,2026-04-28 15:09:38
70:61:7b:e9:ac:28:,UTTetudiants,-85,2026-04-28 15:09:38
70:61:7b:e9:ac:28:,UTTetudiants,-87,2026-04-28 15:09:38
70:61:7b:e9:ac:28:,UTTetudiants,-87,2026-04-28 15:09:41
70:61:7b:e9:ac:28:,UTTetudiants,-85,2026-04-28 15:09:41
70:61:7b:e9:ac:28:,UTTetudiants,-87,2026-04-28 15:09:41
70:61:7b:e9:ac:28:,UTTetudiants,-87,2026-04-28 15:09:45
70:61:7b:e9:ac:28:,UTTetudiants,-83,2026-04-28 15:09:45
70:61:7b:e9:ac:28:,UTTetudiants,-87,2026-04-28 15:09:45
70:61:7b:e9:ac:28:,UTTetudiants,-87,2026-04-28 15:09:48
70:61:7b:e9:ac:28:,UTTetudiants,-83,2026-04-28 15:09:48
70:61:7b:e9:ac:28:,UTTetudiants,-87,2026-04-28 15:09:48
70:61:7b:e9:ac:28:,UTTetudiants,-87,2026-04-28 15:09:52
70:61:7b:e9:ac:28:,UTTetudiants,-83,2026-04-28 15:09:52
70:61:7b:e9:ac:28:,UTTetudiants,-87,2026-04-28 15:09:52
70:61:7b:e9:ac:28:,UTTetudiants,-87,2026-04-28 15:10:03
70:61:7b:e9:ac:28:,UTTetudiants,-79,2026-04-28 15:10:03
70:61:7b:e9:ac:28:,UTTetudiants,-87,2026-04-28 15:10:03
70:61:7b:e9:ac:28:,UTTetudiants,-87,2026-04-28 15:10:07
70:61:7b:e9:ac:28:,UTTetudiants,-88,2026-04-28 15:10:07
70:61:7b:e9:ac:28:,UTTetudiants,-87,2026-04-28 15:10:07
70:61:7b:e9:ac:28:,UTTetudiants,-87,2026-04-28 15:10:11
70:61:7b:e9:ac:28:,UTTetudiants,-87,2026-04-28 15:10:11
70:61:7b:e9:ac:28:,UTTetudiants,-87,2026-04-28 15:10:11
70:61:7b:e9:ac:28:,UTTetudiants,-87,2026-04-28 15:10:15
70:61:7b:e9:ac:28:,UTTetudiants,-87,2026-04-28 15:10:15
70:61:7b:e9:ac:28:,UTTetudiants,-87,2026-04-28 15:10:15
70:61:7b:e9:ac:28:,UTTetudiants,-87,2026-04-28 15:10:19
70:61:7b:e9:ac:28:,UTTetudiants,-87,2026-04-28 15:10:19
70:61:7b:e9:ac:28:,UTTetudiants,-87,2026-04-28 15:10:19
70:61:7b:e9:ac:28:,UTTetudiants,-87,2026-04-28 15:10:23
70:61:7b:e9:ac:28:,UTTetudiants,-87,2026-04-28 15:10:23
70:61:7b:e9:ac:28:,UTTetudiants,-87,2026-04-28 15:10:23
70:61:7b:e9:ac:28:,UTTetudiants,-87,2026-04-28 15:10:27
70:61:7b:e9:ac:28:,UTTetudiants,-87,2026-04-28 15:10:27
70:61:7b:e9:ac:28:,UTTetudiants,-87,2026-04-28 15:10:27
70:61:7b:e9:ac:28:,UTTetudiants,-87,2026-04-28 15:10:31
70:61:7b:e9:ac:28:,UTTetudiants,-87,2026-04-28 15:10:31
70:61:7b:e9:ac:28:,UTTetudiants,-87,2026-04-28 15:10:31
70:61:7b:e9:ac:28:,UTTetudiants,-87,2026-04-28 15:10:36
70:61:7b:e9:ac:28:,UTTetudiants,-87,2026-04-28 15:10:36
70:61:7b:e9:ac:28:,UTTetudiants,-87,2026-04-28 15:10:36
70:61:7b:e9:ac:28:,UTTetudiants,-87,2026-04-28 15:10:39
70:61:7b:e9:ac:28:,UTTetudiants,-87,2026-04-28 15:10:39
70:61:7b:e9:ac:28:,UTTetudiants,-87,2026-04-28 15:10:39
70:61:7b:e9:ac:28:,UTTetudiants,-87,2026-04-28 15:10:44
70:61:7b:e9:ac:28:,UTTetudiants,-87,2026-04-28 15:10:44
70:61:7b:e9:ac:28:,UTTetudiants,-87,2026-04-28 15:10:44
70:61:7b:e9:ac:28:,UTTetudiants,-87,2026-04-28 15:10:51
70:61:7b:e9:ac:28:,UTTetudiants,-87,2026-04-28 15:10:51
70:61:7b:e9:ac:28:,UTTetudiants,-87,2026-04-28 15:10:51
70:61:7b:e9:ac:28:,UTTetudiants,-87,2026-04-28 15:10:55
70:61:7b:e9:ac:28:,UTTetudiants,-87,2026-04-28 15:10:55
70:61:7b:e9:ac:28:,UTTetudiants,-87,2026-04-28 15:10:55
70:61:7b:e9:ac:28:,UTTetudiants,-87,2026-04-28 15:10:58
70:61:7b:e9:ac:28:,UTTetudiants,-87,2026-04-28 15:10:58
70:61:7b:e9:ac:28:,UTTetudiants,-87,2026-04-28 15:10:58
70:61:7b:e9:ac:28:,UTTetudiants,-87,2026-04-28 15:11:03
70:61:7b:e9:ac:28:,UTTetudiants,-87,2026-04-28 15:11:03
70:61:7b:e9:ac:28:,UTTetudiants,-87,2026-04-28 15:11:03
70:61:7b:e9:ac:28:,UTTetudiants,-87,2026-04-28 15:11:07
70:61:7b:e9:ac:28:,UTTetudiants,-87,2026-04-28 15:11:07
70:61:7b:e9:ac:28:,UTTetudiants,-87,2026-04-28 15:11:07
70:61:7b:e9:ac:28:,UTTetudiants,-87,2026-04-28 15:11:11
70:61:7b:e9:ac:28:,UTTetudiants,-87,2026-04-28 15:11:11
70:61:7b:e9:ac:28:,UTTetudiants,-87,2026-04-28 15:11:11
70:61:7b:e9:ac:28:,UTTetudiants,-87,2026-04-28 15:11:16
70:61:7b:e9:ac:28:,UTTetudiants,-87,2026-04-28 15:11:16
70:61:7b:e9:ac:28:,UTTetudiants,-87,2026-04-28 15:11:16
70:61:7b:e9:ac:28:,UTTetudiants,-87,2026-04-28 15:11:20
70:61:7b:e9:ac:28:,UTTetudiants,-87,2026-04-28 15:11:20
70:61:7b:e9:ac:28:,UTTetudiants,-87,2026-04-28 15:11:20
70:61:7b:e9:ac:28:,UTTetudiants,-87,2026-04-28 15:11:24
70:61:7b:e9:ac:28:,UTTetudiants,-87,2026-04-28 15:11:24
70:61:7b:e9:ac:28:,UTTetudiants,-87,2026-04-28 15:11:24
70:61:7b:e9:ac:28:,UTTetudiants,-87,2026-04-28 15:11:28
70:61:7b:e9:ac:28:,UTTetudiants,-87,2026-04-28 15:11:31
70:61:7b:e9:ac:28:,UTTetudiants,-87,2026-04-28 15:11:36
70:61:7b:e9:ac:28:,UTTetudiants,-87,2026-04-28 15:11:39
70:61:7b:e9:ac:28:,UTTetudiants,-87,2026-04-28 15:11:42
70:61:7b:e9:ac:28:,UTTetudiants,-87,2026-04-28 15:11:47
70:61:7b:e9:ac:28:,UTTetudiants,-87,2026-04-28 15:11:54
70:61:7b:e9:ac:28:,UTTetudiants,-87,2026-04-28 15:11:57
70:61:7b:e9:ac:28:,UTTetudiants,-87,2026-04-28 15:12:00
70:61:7b:e9:ac:28:,UTTetudiants,-87,2026-04-28 15:12:05
70:61:7b:e9:ac:28:,UTTetudiants,-87,2026-04-28 15:12:08
f8:6b:d9:5e:10:c7:,UTTetudiants,-36,2026-04-28 15:09:14
f8:6b:d9:5e:10:c7:,UTTetudiants,-41,2026-04-28 15:09:14
f8:6b:d9:5e:10:c7:,UTTetudiants,-36,2026-04-28 15:09:14
f8:6b:d9:5e:10:c7:,UTTetudiants,-36,2026-04-28 15:09:17
f8:6b:d9:5e:10:c7:,UTTetudiants,-45,2026-04-28 15:09:17
f8:6b:d9:5e:10:c7:,UTTetudiants,-36,2026-04-28 15:09:17
f8:6b:d9:5e:10:c7:,UTTetudiants,-36,2026-04-28 15:09:21
f8:6b:d9:5e:10:c7:,UTTetudiants,-45,2026-04-28 15:09:21
f8:6b:d9:5e:10:c7:,UTTetudiants,-36,2026-04-28 15:09:21
f8:6b:d9:5e:10:c7:,UTTetudiants,-36,2026-04-28 15:09:26
f8:6b:d9:5e:10:c7:,UTTetudiants,-45,2026-04-28 15:09:26
f8:6b:d9:5e:10:c7:,UTTetudiants,-36,2026-04-28 15:09:26
f8:6b:d9:5e:10:c7:,UTTetudiants,-36,2026-04-28 15:09:29
f8:6b:d9:5e:10:c7:,UTTetudiants,-43,2026-04-28 15:09:29
f8:6b:d9:5e:10:c7:,UTTetudiants,-36,2026-04-28 15:09:29
f8:6b:d9:5e:10:c7:,UTTetudiants,-36,2026-04-28 15:09:35
f8:6b:d9:5e:10:c7:,UTTetudiants,-41,2026-04-28 15:09:35
f8:6b:d9:5e:10:c7:,UTTetudiants,-36,2026-04-28 15:09:35
f8:6b:d9:5e:10:c7:,UTTetudiants,-36,2026-04-28 15:09:38
f8:6b:d9:5e:10:c7:,UTTetudiants,-41,2026-04-28 15:09:38
f8:6b:d9:5e:10:c7:,UTTetudiants,-36,2026-04-28 15:09:38
f8:6b:d9:5e:10:c7:,UTTetudiants,-36,2026-04-28 15:09:41
f8:6b:d9:5e:10:c7:,UTTetudiants,-44,2026-04-28 15:09:41
f8:6b:d9:5e:10:c7:,UTTetudiants,-36,2026-04-28 15:09:41
f8:6b:d9:5e:10:c7:,UTTetudiants,-36,2026-04-28 15:09:45
f8:6b:d9:5e:10:c7:,UTTetudiants,-45,2026-04-28 15:09:45
f8:6b:d9:5e:10:c7:,UTTetudiants,-36,2026-04-28 15:09:45
f8:6b:d9:5e:10:c7:,UTTetudiants,-36,2026-04-28 15:09:48
f8:6b:d9:5e:10:c7:,UTTetudiants,-45,2026-04-28 15:09:48
f8:6b:d9:5e:10:c7:,UTTetudiants,-36,2026-04-28 15:09:48
f8:6b:d9:5e:10:c7:,UTTetudiants,-51,2026-04-28 15:09:52
f8:6b:d9:5e:10:c7:,UTTetudiants,-44,2026-04-28 15:09:52
f8:6b:d9:5e:10:c7:,UTTetudiants,-51,2026-04-28 15:09:52
f8:6b:d9:5e:10:c7:,UTTetudiants,-46,2026-04-28 15:10:03
f8:6b:d9:5e:10:c7:,UTTetudiants,-40,2026-04-28 15:10:03
f8:6b:d9:5e:10:c7:,UTTetudiants,-46,2026-04-28 15:10:03
f8:6b:d9:5e:10:c7:,UTTetudiants,-61,2026-04-28 15:10:07
f8:6b:d9:5e:10:c7:,UTTetudiants,-46,2026-04-28 15:10:07
f8:6b:d9:5e:10:c7:,UTTetudiants,-61,2026-04-28 15:10:07
f8:6b:d9:5e:10:c7:,UTTetudiants,-58,2026-04-28 15:10:11
f8:6b:d9:5e:10:c7:,UTTetudiants,-42,2026-04-28 15:10:11
f8:6b:d9:5e:10:c7:,UTTetudiants,-58,2026-04-28 15:10:11
f8:6b:d9:5e:10:c7:,UTTetudiants,-58,2026-04-28 15:10:15
f8:6b:d9:5e:10:c7:,UTTetudiants,-51,2026-04-28 15:10:15
f8:6b:d9:5e:10:c7:,UTTetudiants,-58,2026-04-28 15:10:15
f8:6b:d9:5e:10:c7:,UTTetudiants,-41,2026-04-28 15:10:19
f8:6b:d9:5e:10:c7:,UTTetudiants,-40,2026-04-28 15:10:19
f8:6b:d9:5e:10:c7:,UTTetudiants,-41,2026-04-28 15:10:19
f8:6b:d9:5e:10:c7:,UTTetudiants,-43,2026-04-28 15:10:23
f8:6b:d9:5e:10:c7:,UTTetudiants,-43,2026-04-28 15:10:23
f8:6b:d9:5e:10:c7:,UTTetudiants,-43,2026-04-28 15:10:23
f8:6b:d9:5e:10:c7:,UTTetudiants,-40,2026-04-28 15:10:27
f8:6b:d9:5e:10:c7:,UTTetudiants,-45,2026-04-28 15:10:27
f8:6b:d9:5e:10:c7:,UTTetudiants,-40,2026-04-28 15:10:27
f8:6b:d9:5e:10:c7:,UTTetudiants,-40,2026-04-28 15:10:31
f8:6b:d9:5e:10:c7:,UTTetudiants,-45,2026-04-28 15:10:31
f8:6b:d9:5e:10:c7:,UTTetudiants,-40,2026-04-28 15:10:31
f8:6b:d9:5e:10:c7:,UTTetudiants,-53,2026-04-28 15:10:36
f8:6b:d9:5e:10:c7:,UTTetudiants,-50,2026-04-28 15:10:36
f8:6b:d9:5e:10:c7:,UTTetudiants,-53,2026-04-28 15:10:36
f8:6b:d9:5e:10:c7:,UTTetudiants,-44,2026-04-28 15:10:39
f8:6b:d9:5e:10:c7:,UTTetudiants,-47,2026-04-28 15:10:39
f8:6b:d9:5e:10:c7:,UTTetudiants,-44,2026-04-28 15:10:39
f8:6b:d9:5e:10:c7:,UTTetudiants,-45,2026-04-28 15:10:44
f8:6b:d9:5e:10:c7:,UTTetudiants,-50,2026-04-28 15:10:44
f8:6b:d9:5e:10:c7:,UTTetudiants,-45,2026-04-28 15:10:44
f8:6b:d9:5e:10:c7:,UTTetudiants,-43,2026-04-28 15:10:51
f8:6b:d9:5e:10:c7:,UTTetudiants,-49,2026-04-28 15:10:51
f8:6b:d9:5e:10:c7:,UTTetudiants,-43,2026-04-28 15:10:51
f8:6b:d9:5e:10:c7:,UTTetudiants,-51,2026-04-28 15:10:55
f8:6b:d9:5e:10:c7:,UTTetudiants,-44,2026-04-28 15:10:55
f8:6b:d9:5e:10:c7:,UTTetudiants,-51,2026-04-28 15:10:55
f8:6b:d9:5e:10:c7:,UTTetudiants,-51,2026-04-28 15:10:58
f8:6b:d9:5e:10:c7:,UTTetudiants,-44,2026-04-28 15:10:58
f8:6b:d9:5e:10:c7:,UTTetudiants,-51,2026-04-28 15:10:58
f8:6b:d9:5e:10:c7:,UTTetudiants,-47,2026-04-28 15:11:03
f8:6b:d9:5e:10:c7:,UTTetudiants,-53,2026-04-28 15:11:03
f8:6b:d9:5e:10:c7:,UTTetudiants,-47,2026-04-28 15:11:03
f8:6b:d9:5e:10:c7:,UTTetudiants,-56,2026-04-28 15:11:07
f8:6b:d9:5e:10:c7:,UTTetudiants,-46,2026-04-28 15:11:07
f8:6b:d9:5e:10:c7:,UTTetudiants,-56,2026-04-28 15:11:07
f8:6b:d9:5e:10:c7:,UTTetudiants,-46,2026-04-28 15:11:11
f8:6b:d9:5e:10:c7:,UTTetudiants,-47,2026-04-28 15:11:11
f8:6b:d9:5e:10:c7:,UTTetudiants,-46,2026-04-28 15:11:11
f8:6b:d9:5e:10:c7:,UTTetudiants,-51,2026-04-28 15:11:16
f8:6b:d9:5e:10:c7:,UTTetudiants,-43,2026-04-28 15:11:16
f8:6b:d9:5e:10:c7:,UTTetudiants,-51,2026-04-28 15:11:16
f8:6b:d9:5e:10:c7:,UTTetudiants,-48,2026-04-28 15:11:20
f8:6b:d9:5e:10:c7:,UTTetudiants,-47,2026-04-28 15:11:20
f8:6b:d9:5e:10:c7:,UTTetudiants,-48,2026-04-28 15:11:20
f8:6b:d9:5e:10:c7:,UTTetudiants,-48,2026-04-28 15:11:24
f8:6b:d9:5e:10:c7:,UTTetudiants,-47,2026-04-28 15:11:24
f8:6b:d9:5e:10:c7:,UTTetudiants,-48,2026-04-28 15:11:24
f8:6b:d9:5e:10:c7:,UTTetudiants,-49,2026-04-28 15:11:28
f8:6b:d9:5e:10:c7:,UTTetudiants,-46,2026-04-28 15:11:28
f8:6b:d9:5e:10:c7:,UTTetudiants,-49,2026-04-28 15:11:28
f8:6b:d9:5e:10:c7:,UTTetudiants,-52,2026-04-28 15:11:31
f8:6b:d9:5e:10:c7:,UTTetudiants,-53,2026-04-28 15:11:31
f8:6b:d9:5e:10:c7:,UTTetudiants,-52,2026-04-28 15:11:31
f8:6b:d9:5e:10:c7:,UTTetudiants,-46,2026-04-28 15:11:36
f8:6b:d9:5e:10:c7:,UTTetudiants,-47,2026-04-28 15:11:36
f8:6b:d9:5e:10:c7:,UTTetudiants,-46,2026-04-28 15:11:36
f8:6b:d9:5e:10:c7:,UTTetudiants,-54,2026-04-28 15:11:39
f8:6b:d9:5e:10:c7:,UTTetudiants,-47,2026-04-28 15:11:39
f8:6b:d9:5e:10:c7:,UTTetudiants,-54,2026-04-28 15:11:39
f8:6b:d9:5e:10:c7:,UTTetudiants,-54,2026-04-28 15:11:42
f8:6b:d9:5e:10:c7:,UTTetudiants,-47,2026-04-28 15:11:42
f8:6b:d9:5e:10:c7:,UTTetudiants,-54,2026-04-28 15:11:42
f8:6b:d9:5e:10:c7:,UTTetudiants,-58,2026-04-28 15:11:47
f8:6b:d9:5e:10:c7:,UTTetudiants,-64,2026-04-28 15:11:47
f8:6b:d9:5e:10:c7:,UTTetudiants,-58,2026-04-28 15:11:47
f8:6b:d9:5e:10:c7:,UTTetudiants,-44,2026-04-28 15:11:54
f8:6b:d9:5e:10:c7:,UTTetudiants,-55,2026-04-28 15:11:54
f8:6b:d9:5e:10:c7:,UTTetudiants,-44,2026-04-28 15:11:54
f8:6b:d9:5e:10:c7:,UTTetudiants,-60,2026-04-28 15:11:57
f8:6b:d9:5e:10:c7:,UTTetudiants,-52,2026-04-28 15:11:57
f8:6b:d9:5e:10:c7:,UTTetudiants,-60,2026-04-28 15:11:57
f8:6b:d9:5e:10:c7:,UTTetudiants,-60,2026-04-28 15:12:00
f8:6b:d9:5e:10:c7:,UTTetudiants,-52,2026-04-28 15:12:00
f8:6b:d9:5e:10:c7:,UTTetudiants,-60,2026-04-28 15:12:00
f8:6b:d9:5e:10:c7:,UTTetudiants,-52,2026-04-28 15:12:05
f8:6b:d9:5e:10:c7:,UTTetudiants,-51,2026-04-28 15:12:05
f8:6b:d9:5e:10:c7:,UTTetudiants,-52,2026-04-28 15:12:05
f8:6b:d9:5e:10:c7:,UTTetudiants,-54,2026-04-28 15:12:08
f8:6b:d9:5e:10:c7:,UTTetudiants,-50,2026-04-28 15:12:08
f8:6b:d9:5e:10:c7:,UTTetudiants,-54,2026-04-28 15:12:08
f8:6b:d9:5e:10:c7:,UTTetudiants,-54,2026-04-28 15:12:12
f8:6b:d9:5e:10:c7:,UTTetudiants,-50,2026-04-28 15:12:12
f8:6b:d9:5e:10:c7:,UTTetudiants,-54,2026-04-28 15:12:12
f8:6b:d9:5e:10:c7:,UTTetudiants,-58,2026-04-28 15:12:18
f8:6b:d9:5e:10:c7:,UTTetudiants,-48,2026-04-28 15:12:18
f8:6b:d9:5e:10:c7:,UTTetudiants,-58,2026-04-28 15:12:18
f8:6b:d9:5e:10:c7:,UTTetudiants,-58,2026-04-28 15:12:21
f8:6b:d9:5e:10:c7:,UTTetudiants,-48,2026-04-28 15:12:21
f8:6b:d9:5e:10:c7:,UTTetudiants,-58,2026-04-28 15:12:21
f8:6b:d9:5e:10:c7:,UTTetudiants,-48,2026-04-28 15:12:25
f8:6b:d9:5e:10:c7:,UTTetudiants,-46,2026-04-28 15:12:25
f8:6b:d9:5e:10:c7:,UTTetudiants,-48,2026-04-28 15:12:25
f8:6b:d9:5e:10:c7:,UTTetudiants,-54,2026-04-28 15:12:29
f8:6b:d9:5e:10:c7:,UTTetudiants,-56,2026-04-28 15:12:29
f8:6b:d9:5e:10:c7:,UTTetudiants,-54,2026-04-28 15:12:29
f8:6b:d9:5e:10:c7:,UTTetudiants,-51,2026-04-28 15:12:34
f8:6b:d9:5e:10:c7:,UTTetudiants,-42,2026-04-28 15:12:34
f8:6b:d9:5e:10:c7:,UTTetudiants,-51,2026-04-28 15:12:34
f8:6b:d9:5e:10:c7:,UTTetudiants,-53,2026-04-28 15:12:40
f8:6b:d9:5e:10:c7:,UTTetudiants,-50,2026-04-28 15:12:40
f8:6b:d9:5e:10:c7:,UTTetudiants,-53,2026-04-28 15:12:40
f8:6b:d9:5e:10:c7:,UTTetudiants,-57,2026-04-28 15:12:44
f8:6b:d9:5e:10:c7:,UTTetudiants,-49,2026-04-28 15:12:44
f8:6b:d9:5e:10:c7:,UTTetudiants,-57,2026-04-28 15:12:44
f8:6b:d9:5e:10:c7:,UTTetudiants,-64,2026-04-28 15:12:50
f8:6b:d9:5e:10:c7:,UTTetudiants,-57,2026-04-28 15:12:50
f8:6b:d9:5e:10:c7:,UTTetudiants,-64,2026-04-28 15:12:50
f8:6b:d9:5e:10:c7:,UTTetudiants,-58,2026-04-28 15:12:53
f8:6b:d9:5e:10:c7:,UTTetudiants,-46,2026-04-28 15:12:53
f8:6b:d9:5e:10:c7:,UTTetudiants,-58,2026-04-28 15:12:53
f8:6b:d9:5e:10:c7:,UTTetudiants,-58,2026-04-28 15:12:57
f8:6b:d9:5e:10:c7:,UTTetudiants,-46,2026-04-28 15:12:57
f8:6b:d9:5e:10:c7:,UTTetudiants,-58,2026-04-28 15:12:57
f8:6b:d9:5e:10:c7:,UTTetudiants,-46,2026-04-28 15:13:00
f8:6b:d9:5e:10:c7:,UTTetudiants,-55,2026-04-28 15:13:00
f8:6b:d9:5e:10:c7:,UTTetudiants,-46,2026-04-28 15:13:00
f8:6b:d9:5e:10:c7:,UTTetudiants,-62,2026-04-28 15:13:04
f8:6b:d9:5e:10:c7:,UTTetudiants,-54,2026-04-28 15:13:04
f8:6b:d9:5e:10:c7:,UTTetudiants,-62,2026-04-28 15:13:04
f8:6b:d9:5e:10:c7:,UTTetudiants,-53,2026-04-28 15:13:11
f8:6b:d9:5e:10:c7:,UTTetudiants,-57,2026-04-28 15:13:11
f8:6b:d9:5e:10:c7:,UTTetudiants,-53,2026-04-28 15:13:11
f8:6b:d9:5e:10:c7:,UTTetudiants,-53,2026-04-28 15:13:14
f8:6b:d9:5e:10:c7:,UTTetudiants,-57,2026-04-28 15:13:14
f8:6b:d9:5e:10:c7:,UTTetudiants,-53,2026-04-28 15:13:14
f8:6b:d9:5e:10:c8:,UTTetudiants,-42,2026-04-28 15:09:14
f8:6b:d9:5e:10:c8:,UTTetudiants,-77,2026-04-28 15:09:14
f8:6b:d9:5e:10:c8:,UTTetudiants,-42,2026-04-28 15:09:14
f8:6b:d9:5e:10:c8:,UTTetudiants,-42,2026-04-28 15:09:17
f8:6b:d9:5e:10:c8:,UTTetudiants,-77,2026-04-28 15:09:17
f8:6b:d9:5e:10:c8:,UTTetudiants,-42,2026-04-28 15:09:17
f8:6b:d9:5e:10:c8:,UTTetudiants,-43,2026-04-28 15:09:21
f8:6b:d9:5e:10:c8:,UTTetudiants,-77,2026-04-28 15:09:21
f8:6b:d9:5e:10:c8:,UTTetudiants,-43,2026-04-28 15:09:21
f8:6b:d9:5e:10:c8:,UTTetudiants,-42,2026-04-28 15:09:26
f8:6b:d9:5e:10:c8:,UTTetudiants,-77,2026-04-28 15:09:26
f8:6b:d9:5e:10:c8:,UTTetudiants,-42,2026-04-28 15:09:26
f8:6b:d9:5e:10:c8:,UTTetudiants,-43,2026-04-28 15:09:29
f8:6b:d9:5e:10:c8:,UTTetudiants,-77,2026-04-28 15:09:29
f8:6b:d9:5e:10:c8:,UTTetudiants,-43,2026-04-28 15:09:29
f8:6b:d9:5e:10:c8:,UTTetudiants,-43,2026-04-28 15:09:35
f8:6b:d9:5e:10:c8:,UTTetudiants,-77,2026-04-28 15:09:35
f8:6b:d9:5e:10:c8:,UTTetudiants,-43,2026-04-28 15:09:35
f8:6b:d9:5e:10:c8:,UTTetudiants,-43,2026-04-28 15:09:38
f8:6b:d9:5e:10:c8:,UTTetudiants,-77,2026-04-28 15:09:38
f8:6b:d9:5e:10:c8:,UTTetudiants,-43,2026-04-28 15:09:38
f8:6b:d9:5e:10:c8:,UTTetudiants,-44,2026-04-28 15:09:41
f8:6b:d9:5e:10:c8:,UTTetudiants,-44,2026-04-28 15:09:41
f8:6b:d9:5e:10:c8:,UTTetudiants,-44,2026-04-28 15:09:45
f8:6b:d9:5e:10:c8:,UTTetudiants,-44,2026-04-28 15:09:45
f8:6b:d9:5e:10:c8:,UTTetudiants,-44,2026-04-28 15:09:48
f8:6b:d9:5e:10:c8:,UTTetudiants,-44,2026-04-28 15:09:48
f8:6b:d9:5e:10:c8:,UTTetudiants,-44,2026-04-28 15:09:52
f8:6b:d9:5e:10:c8:,UTTetudiants,-44,2026-04-28 15:09:52
f8:6b:d9:5e:10:c8:,UTTetudiants,-43,2026-04-28 15:10:03
f8:6b:d9:5e:10:c8:,UTTetudiants,-48,2026-04-28 15:10:03
f8:6b:d9:5e:10:c8:,UTTetudiants,-43,2026-04-28 15:10:03
f8:6b:d9:5e:10:c8:,UTTetudiants,-43,2026-04-28 15:10:07
f8:6b:d9:5e:10:c8:,UTTetudiants,-60,2026-04-28 15:10:07
f8:6b:d9:5e:10:c8:,UTTetudiants,-43,2026-04-28 15:10:07
f8:6b:d9:5e:10:c8:,UTTetudiants,-43,2026-04-28 15:10:11
f8:6b:d9:5e:10:c8:,UTTetudiants,-60,2026-04-28 15:10:11
f8:6b:d9:5e:10:c8:,UTTetudiants,-43,2026-04-28 15:10:11
f8:6b:d9:5e:10:c8:,UTTetudiants,-43,2026-04-28 15:10:15
f8:6b:d9:5e:10:c8:,UTTetudiants,-59,2026-04-28 15:10:15
f8:6b:d9:5e:10:c8:,UTTetudiants,-43,2026-04-28 15:10:15
f8:6b:d9:5e:10:c8:,UTTetudiants,-41,2026-04-28 15:10:19
f8:6b:d9:5e:10:c8:,UTTetudiants,-43,2026-04-28 15:10:19
f8:6b:d9:5e:10:c8:,UTTetudiants,-41,2026-04-28 15:10:19
f8:6b:d9:5e:10:c8:,UTTetudiants,-47,2026-04-28 15:10:23
f8:6b:d9:5e:10:c8:,UTTetudiants,-44,2026-04-28 15:10:23
f8:6b:d9:5e:10:c8:,UTTetudiants,-47,2026-04-28 15:10:23
f8:6b:d9:5e:10:c8:,UTTetudiants,-47,2026-04-28 15:10:27
f8:6b:d9:5e:10:c8:,UTTetudiants,-40,2026-04-28 15:10:27
f8:6b:d9:5e:10:c8:,UTTetudiants,-47,2026-04-28 15:10:27
f8:6b:d9:5e:10:c8:,UTTetudiants,-47,2026-04-28 15:10:31
f8:6b:d9:5e:10:c8:,UTTetudiants,-40,2026-04-28 15:10:31
f8:6b:d9:5e:10:c8:,UTTetudiants,-41,2026-04-28 15:10:31
f8:6b:d9:5e:10:c8:,UTTetudiants,-47,2026-04-28 15:10:36
f8:6b:d9:5e:10:c8:,UTTetudiants,-53,2026-04-28 15:10:36
f8:6b:d9:5e:10:c8:,UTTetudiants,-47,2026-04-28 15:10:36
f8:6b:d9:5e:10:c8:,UTTetudiants,-48,2026-04-28 15:10:39
f8:6b:d9:5e:10:c8:,UTTetudiants,-44,2026-04-28 15:10:39
f8:6b:d9:5e:10:c8:,UTTetudiants,-48,2026-04-28 15:10:39
f8:6b:d9:5e:10:c8:,UTTetudiants,-47,2026-04-28 15:10:44
f8:6b:d9:5e:10:c8:,UTTetudiants,-45,2026-04-28 15:10:44
f8:6b:d9:5e:10:c8:,UTTetudiants,-47,2026-04-28 15:10:44
f8:6b:d9:5e:10:c8:,UTTetudiants,-45,2026-04-28 15:10:51
f8:6b:d9:5e:10:c8:,UTTetudiants,-43,2026-04-28 15:10:51
f8:6b:d9:5e:10:c8:,UTTetudiants,-45,2026-04-28 15:10:51
f8:6b:d9:5e:10:c8:,UTTetudiants,-46,2026-04-28 15:10:55
f8:6b:d9:5e:10:c8:,UTTetudiants,-51,2026-04-28 15:10:55
f8:6b:d9:5e:10:c8:,UTTetudiants,-46,2026-04-28 15:10:55
f8:6b:d9:5e:10:c8:,UTTetudiants,-46,2026-04-28 15:10:58
f8:6b:d9:5e:10:c8:,UTTetudiants,-51,2026-04-28 15:10:58
f8:6b:d9:5e:10:c8:,UTTetudiants,-46,2026-04-28 15:10:58
f8:6b:d9:5e:10:c8:,UTTetudiants,-44,2026-04-28 15:11:03
f8:6b:d9:5e:10:c8:,UTTetudiants,-47,2026-04-28 15:11:03
f8:6b:d9:5e:10:c8:,UTTetudiants,-44,2026-04-28 15:11:03
f8:6b:d9:5e:10:c8:,UTTetudiants,-50,2026-04-28 15:11:07
f8:6b:d9:5e:10:c8:,UTTetudiants,-56,2026-04-28 15:11:07
f8:6b:d9:5e:10:c8:,UTTetudiants,-50,2026-04-28 15:11:07
f8:6b:d9:5e:10:c8:,UTTetudiants,-46,2026-04-28 15:11:11
f8:6b:d9:5e:10:c8:,UTTetudiants,-46,2026-04-28 15:11:11
f8:6b:d9:5e:10:c8:,UTTetudiants,-46,2026-04-28 15:11:11
f8:6b:d9:5e:10:c8:,UTTetudiants,-44,2026-04-28 15:11:16
f8:6b:d9:5e:10:c8:,UTTetudiants,-50,2026-04-28 15:11:16
f8:6b:d9:5e:10:c8:,UTTetudiants,-44,2026-04-28 15:11:16
f8:6b:d9:5e:10:c8:,UTTetudiants,-43,2026-04-28 15:11:20
f8:6b:d9:5e:10:c8:,UTTetudiants,-48,2026-04-28 15:11:20
f8:6b:d9:5e:10:c8:,UTTetudiants,-43,2026-04-28 15:11:20
f8:6b:d9:5e:10:c8:,UTTetudiants,-43,2026-04-28 15:11:24
f8:6b:d9:5e:10:c8:,UTTetudiants,-48,2026-04-28 15:11:24
f8:6b:d9:5e:10:c8:,UTTetudiants,-43,2026-04-28 15:11:24
f8:6b:d9:5e:10:c8:,UTTetudiants,-46,2026-04-28 15:11:28
f8:6b:d9:5e:10:c8:,UTTetudiants,-49,2026-04-28 15:11:28
f8:6b:d9:5e:10:c8:,UTTetudiants,-46,2026-04-28 15:11:28
f8:6b:d9:5e:10:c8:,UTTetudiants,-40,2026-04-28 15:11:31
f8:6b:d9:5e:10:c8:,UTTetudiants,-53,2026-04-28 15:11:31
f8:6b:d9:5e:10:c8:,UTTetudiants,-40,2026-04-28 15:11:31
f8:6b:d9:5e:10:c8:,UTTetudiants,-46,2026-04-28 15:11:36
f8:6b:d9:5e:10:c8:,UTTetudiants,-46,2026-04-28 15:11:36
f8:6b:d9:5e:10:c8:,UTTetudiants,-46,2026-04-28 15:11:36
f8:6b:d9:5e:10:c8:,UTTetudiants,-46,2026-04-28 15:11:39
f8:6b:d9:5e:10:c8:,UTTetudiants,-54,2026-04-28 15:11:39
f8:6b:d9:5e:10:c8:,UTTetudiants,-46,2026-04-28 15:11:39
f8:6b:d9:5e:10:c8:,UTTetudiants,-47,2026-04-28 15:11:42
f8:6b:d9:5e:10:c8:,UTTetudiants,-54,2026-04-28 15:11:42
f8:6b:d9:5e:10:c8:,UTTetudiants,-47,2026-04-28 15:11:42
f8:6b:d9:5e:10:c8:,UTTetudiants,-49,2026-04-28 15:11:47
f8:6b:d9:5e:10:c8:,UTTetudiants,-58,2026-04-28 15:11:47
f8:6b:d9:5e:10:c8:,UTTetudiants,-49,2026-04-28 15:11:47
f8:6b:d9:5e:10:c8:,UTTetudiants,-47,2026-04-28 15:11:54
f8:6b:d9:5e:10:c8:,UTTetudiants,-44,2026-04-28 15:11:54
f8:6b:d9:5e:10:c8:,UTTetudiants,-47,2026-04-28 15:11:54
f8:6b:d9:5e:10:c8:,UTTetudiants,-49,2026-04-28 15:11:57
f8:6b:d9:5e:10:c8:,UTTetudiants,-60,2026-04-28 15:11:57
f8:6b:d9:5e:10:c8:,UTTetudiants,-49,2026-04-28 15:11:57
f8:6b:d9:5e:10:c8:,UTTetudiants,-49,2026-04-28 15:12:00
f8:6b:d9:5e:10:c8:,UTTetudiants,-60,2026-04-28 15:12:00
f8:6b:d9:5e:10:c8:,UTTetudiants,-49,2026-04-28 15:12:00
f8:6b:d9:5e:10:c8:,UTTetudiants,-50,2026-04-28 15:12:05
f8:6b:d9:5e:10:c8:,UTTetudiants,-52,2026-04-28 15:12:05
f8:6b:d9:5e:10:c8:,UTTetudiants,-50,2026-04-28 15:12:05
f8:6b:d9:5e:10:c8:,UTTetudiants,-48,2026-04-28 15:12:08
f8:6b:d9:5e:10:c8:,UTTetudiants,-54,2026-04-28 15:12:08
f8:6b:d9:5e:10:c8:,UTTetudiants,-48,2026-04-28 15:12:08
f8:6b:d9:5e:10:c8:,UTTetudiants,-48,2026-04-28 15:12:12
f8:6b:d9:5e:10:c8:,UTTetudiants,-54,2026-04-28 15:12:12
f8:6b:d9:5e:10:c8:,UTTetudiants,-48,2026-04-28 15:12:12
f8:6b:d9:5e:10:c8:,UTTetudiants,-49,2026-04-28 15:12:18
f8:6b:d9:5e:10:c8:,UTTetudiants,-58,2026-04-28 15:12:18
f8:6b:d9:5e:10:c8:,UTTetudiants,-49,2026-04-28 15:12:18
f8:6b:d9:5e:10:c8:,UTTetudiants,-49,2026-04-28 15:12:21
f8:6b:d9:5e:10:c8:,UTTetudiants,-58,2026-04-28 15:12:21
f8:6b:d9:5e:10:c8:,UTTetudiants,-49,2026-04-28 15:12:21
f8:6b:d9:5e:10:c8:,UTTetudiants,-46,2026-04-28 15:12:25
f8:6b:d9:5e:10:c8:,UTTetudiants,-48,2026-04-28 15:12:25
f8:6b:d9:5e:10:c8:,UTTetudiants,-46,2026-04-28 15:12:25
f8:6b:d9:5e:10:c8:,UTTetudiants,-48,2026-04-28 15:12:29
f8:6b:d9:5e:10:c8:,UTTetudiants,-54,2026-04-28 15:12:29
f8:6b:d9:5e:10:c8:,UTTetudiants,-48,2026-04-28 15:12:29
f8:6b:d9:5e:10:c8:,UTTetudiants,-47,2026-04-28 15:12:34
f8:6b:d9:5e:10:c8:,UTTetudiants,-51,2026-04-28 15:12:34
f8:6b:d9:5e:10:c8:,UTTetudiants,-47,2026-04-28 15:12:34
f8:6b:d9:5e:10:c8:,UTTetudiants,-48,2026-04-28 15:12:40
f8:6b:d9:5e:10:c8:,UTTetudiants,-53,2026-04-28 15:12:40
f8:6b:d9:5e:10:c8:,UTTetudiants,-48,2026-04-28 15:12:40
f8:6b:d9:5e:10:c8:,UTTetudiants,-50,2026-04-28 15:12:44
f8:6b:d9:5e:10:c8:,UTTetudiants,-56,2026-04-28 15:12:44
f8:6b:d9:5e:10:c8:,UTTetudiants,-50,2026-04-28 15:12:44
f8:6b:d9:5e:10:c8:,UTTetudiants,-50,2026-04-28 15:12:50
f8:6b:d9:5e:10:c8:,UTTetudiants,-64,2026-04-28 15:12:50
f8:6b:d9:5e:10:c8:,UTTetudiants,-50,2026-04-28 15:12:50
f8:6b:d9:5e:10:c8:,UTTetudiants,-52,2026-04-28 15:12:53
f8:6b:d9:5e:10:c8:,UTTetudiants,-58,2026-04-28 15:12:53
f8:6b:d9:5e:10:c8:,UTTetudiants,-52,2026-04-28 15:12:53
f8:6b:d9:5e:10:c8:,UTTetudiants,-52,2026-04-28 15:12:57
f8:6b:d9:5e:10:c8:,UTTetudiants,-58,2026-04-28 15:12:57
f8:6b:d9:5e:10:c8:,UTTetudiants,-52,2026-04-28 15:12:57
f8:6b:d9:5e:10:c8:,UTTetudiants,-51,2026-04-28 15:13:00
f8:6b:d9:5e:10:c8:,UTTetudiants,-45,2026-04-28 15:13:00
f8:6b:d9:5e:10:c8:,UTTetudiants,-51,2026-04-28 15:13:00
f8:6b:d9:5e:10:c8:,UTTetudiants,-54,2026-04-28 15:13:04
f8:6b:d9:5e:10:c8:,UTTetudiants,-62,2026-04-28 15:13:04
f8:6b:d9:5e:10:c8:,UTTetudiants,-54,2026-04-28 15:13:04
f8:6b:d9:5e:10:c8:,UTTetudiants,-51,2026-04-28 15:13:11
f8:6b:d9:5e:10:c8:,UTTetudiants,-53,2026-04-28 15:13:11
f8:6b:d9:5e:10:c8:,UTTetudiants,-51,2026-04-28 15:13:11
f8:6b:d9:5e:10:c8:,UTTetudiants,-51,2026-04-28 15:13:14
f8:6b:d9:5e:10:c8:,UTTetudiants,-53,2026-04-28 15:13:14
f8:6b:d9:5e:10:c8:,UTTetudiants,-51,2026-04-28 15:13:14
84:b2:61:08:fc:c8:,UTTetudiants,-58,2026-04-28 15:09:14
84:b2:61:08:fc:c8:,UTTetudiants,-77,2026-04-28 15:09:14
84:b2:61:08:fc:c8:,UTTetudiants,-58,2026-04-28 15:09:14
84:b2:61:08:fc:c8:,UTTetudiants,-58,2026-04-28 15:09:17
84:b2:61:08:fc:c8:,UTTetudiants,-69,2026-04-28 15:09:17
84:b2:61:08:fc:c8:,UTTetudiants,-58,2026-04-28 15:09:17
84:b2:61:08:fc:c8:,UTTetudiants,-60,2026-04-28 15:09:21
84:b2:61:08:fc:c8:,UTTetudiants,-71,2026-04-28 15:09:21
84:b2:61:08:fc:c8:,UTTetudiants,-60,2026-04-28 15:09:21
84:b2:61:08:fc:c8:,UTTetudiants,-60,2026-04-28 15:09:26
84:b2:61:08:fc:c8:,UTTetudiants,-65,2026-04-28 15:09:26
84:b2:61:08:fc:c8:,UTTetudiants,-60,2026-04-28 15:09:26
84:b2:61:08:fc:c8:,UTTetudiants,-61,2026-04-28 15:09:29
84:b2:61:08:fc:c8:,UTTetudiants,-74,2026-04-28 15:09:29
84:b2:61:08:fc:c8:,UTTetudiants,-61,2026-04-28 15:09:29
84:b2:61:08:fc:c8:,UTTetudiants,-61,2026-04-28 15:09:35
84:b2:61:08:fc:c8:,UTTetudiants,-64,2026-04-28 15:09:35
84:b2:61:08:fc:c8:,UTTetudiants,-61,2026-04-28 15:09:35
84:b2:61:08:fc:c8:,UTTetudiants,-66,2026-04-28 15:09:38
84:b2:61:08:fc:c8:,UTTetudiants,-64,2026-04-28 15:09:38
84:b2:61:08:fc:c8:,UTTetudiants,-66,2026-04-28 15:09:38
84:b2:61:08:fc:c8:,UTTetudiants,-68,2026-04-28 15:09:41
84:b2:61:08:fc:c8:,UTTetudiants,-79,2026-04-28 15:09:41
84:b2:61:08:fc:c8:,UTTetudiants,-68,2026-04-28 15:09:41
84:b2:61:08:fc:c8:,UTTetudiants,-68,2026-04-28 15:09:45
84:b2:61:08:fc:c8:,UTTetudiants,-65,2026-04-28 15:09:45
84:b2:61:08:fc:c8:,UTTetudiants,-68,2026-04-28 15:09:45
84:b2:61:08:fc:c8:,UTTetudiants,-63,2026-04-28 15:09:48
84:b2:61:08:fc:c8:,UTTetudiants,-65,2026-04-28 15:09:48
84:b2:61:08:fc:c8:,UTTetudiants,-63,2026-04-28 15:09:48
84:b2:61:08:fc:c8:,UTTetudiants,-75,2026-04-28 15:09:52
84:b2:61:08:fc:c8:,UTTetudiants,-84,2026-04-28 15:09:52
84:b2:61:08:fc:c8:,UTTetudiants,-75,2026-04-28 15:09:52
84:b2:61:08:fc:c8:,UTTetudiants,-67,2026-04-28 15:10:03
84:b2:61:08:fc:c8:,UTTetudiants,-70,2026-04-28 15:10:03
84:b2:61:08:fc:c8:,UTTetudiants,-67,2026-04-28 15:10:03
84:b2:61:08:fc:c8:,UTTetudiants,-67,2026-04-28 15:10:07
84:b2:61:08:fc:c8:,UTTetudiants,-81,2026-04-28 15:10:07
84:b2:61:08:fc:c8:,UTTetudiants,-67,2026-04-28 15:10:07
84:b2:61:08:fc:c8:,UTTetudiants,-64,2026-04-28 15:10:11
84:b2:61:08:fc:c8:,UTTetudiants,-74,2026-04-28 15:10:11
84:b2:61:08:fc:c8:,UTTetudiants,-64,2026-04-28 15:10:11
84:b2:61:08:fc:c8:,UTTetudiants,-64,2026-04-28 15:10:15
84:b2:61:08:fc:c8:,UTTetudiants,-83,2026-04-28 15:10:15
84:b2:61:08:fc:c8:,UTTetudiants,-64,2026-04-28 15:10:15
84:b2:61:08:fc:c8:,UTTetudiants,-68,2026-04-28 15:10:19
84:b2:61:08:fc:c8:,UTTetudiants,-68,2026-04-28 15:10:19
84:b2:61:08:fc:c8:,UTTetudiants,-68,2026-04-28 15:10:19
84:b2:61:08:fc:c8:,UTTetudiants,-68,2026-04-28 15:10:23
84:b2:61:08:fc:c8:,UTTetudiants,-76,2026-04-28 15:10:23
84:b2:61:08:fc:c8:,UTTetudiants,-68,2026-04-28 15:10:23
84:b2:61:08:fc:c8:,UTTetudiants,-62,2026-04-28 15:10:27
84:b2:61:08:fc:c8:,UTTetudiants,-79,2026-04-28 15:10:27
84:b2:61:08:fc:c8:,UTTetudiants,-62,2026-04-28 15:10:27
84:b2:61:08:fc:c8:,UTTetudiants,-62,2026-04-28 15:10:31
84:b2:61:08:fc:c8:,UTTetudiants,-79,2026-04-28 15:10:31
84:b2:61:08:fc:c8:,UTTetudiants,-62,2026-04-28 15:10:31
84:b2:61:08:fc:c8:,UTTetudiants,-62,2026-04-28 15:10:36
84:b2:61:08:fc:c8:,UTTetudiants,-87,2026-04-28 15:10:36
84:b2:61:08:fc:c8:,UTTetudiants,-62,2026-04-28 15:10:36
84:b2:61:08:fc:c8:,UTTetudiants,-62,2026-04-28 15:10:39
84:b2:61:08:fc:c8:,UTTetudiants,-77,2026-04-28 15:10:39
84:b2:61:08:fc:c8:,UTTetudiants,-62,2026-04-28 15:10:39
84:b2:61:08:fc:c8:,UTTetudiants,-68,2026-04-28 15:10:44
84:b2:61:08:fc:c8:,UTTetudiants,-78,2026-04-28 15:10:44
84:b2:61:08:fc:c8:,UTTetudiants,-68,2026-04-28 15:10:44
84:b2:61:08:fc:c8:,UTTetudiants,-66,2026-04-28 15:10:51
84:b2:61:08:fc:c8:,UTTetudiants,-67,2026-04-28 15:10:51
84:b2:61:08:fc:c8:,UTTetudiants,-66,2026-04-28 15:10:51
84:b2:61:08:fc:c8:,UTTetudiants,-66,2026-04-28 15:10:55
84:b2:61:08:fc:c8:,UTTetudiants,-87,2026-04-28 15:10:55
84:b2:61:08:fc:c8:,UTTetudiants,-66,2026-04-28 15:10:55
84:b2:61:08:fc:c8:,UTTetudiants,-66,2026-04-28 15:10:58
84:b2:61:08:fc:c8:,UTTetudiants,-87,2026-04-28 15:10:58
84:b2:61:08:fc:c8:,UTTetudiants,-66,2026-04-28 15:10:58
84:b2:61:08:fc:c8:,UTTetudiants,-75,2026-04-28 15:11:03
84:b2:61:08:fc:c8:,UTTetudiants,-74,2026-04-28 15:11:03
84:b2:61:08:fc:c8:,UTTetudiants,-75,2026-04-28 15:11:03
84:b2:61:08:fc:c8:,UTTetudiants,-75,2026-04-28 15:11:07
84:b2:61:08:fc:c8:,UTTetudiants,-78,2026-04-28 15:11:07
84:b2:61:08:fc:c8:,UTTetudiants,-75,2026-04-28 15:11:07
84:b2:61:08:fc:c8:,UTTetudiants,-68,2026-04-28 15:11:11
84:b2:61:08:fc:c8:,UTTetudiants,-76,2026-04-28 15:11:11
84:b2:61:08:fc:c8:,UTTetudiants,-68,2026-04-28 15:11:11
84:b2:61:08:fc:c8:,UTTetudiants,-68,2026-04-28 15:11:16
84:b2:61:08:fc:c8:,UTTetudiants,-79,2026-04-28 15:11:16
84:b2:61:08:fc:c8:,UTTetudiants,-68,2026-04-28 15:11:16
84:b2:61:08:fc:c8:,UTTetudiants,-61,2026-04-28 15:11:20
84:b2:61:08:fc:c8:,UTTetudiants,-73,2026-04-28 15:11:20
84:b2:61:08:fc:c8:,UTTetudiants,-61,2026-04-28 15:11:20
84:b2:61:08:fc:c8:,UTTetudiants,-73,2026-04-28 15:11:24
84:b2:61:08:fc:c8:,UTTetudiants,-73,2026-04-28 15:11:24
84:b2:61:08:fc:c8:,UTTetudiants,-73,2026-04-28 15:11:24
84:b2:61:08:fc:c8:,UTTetudiants,-61,2026-04-28 15:11:28
84:b2:61:08:fc:c8:,UTTetudiants,-74,2026-04-28 15:11:28
84:b2:61:08:fc:c8:,UTTetudiants,-61,2026-04-28 15:11:28
84:b2:61:08:fc:c8:,UTTetudiants,-61,2026-04-28 15:11:31
84:b2:61:08:fc:c8:,UTTetudiants,-71,2026-04-28 15:11:31
84:b2:61:08:fc:c8:,UTTetudiants,-61,2026-04-28 15:11:31
84:b2:61:08:fc:c8:,UTTetudiants,-66,2026-04-28 15:11:36
84:b2:61:08:fc:c8:,UTTetudiants,-85,2026-04-28 15:11:36
84:b2:61:08:fc:c8:,UTTetudiants,-66,2026-04-28 15:11:36
84:b2:61:08:fc:c8:,UTTetudiants,-66,2026-04-28 15:11:39
84:b2:61:08:fc:c8:,UTTetudiants,-83,2026-04-28 15:11:39
84:b2:61:08:fc:c8:,UTTetudiants,-66,2026-04-28 15:11:39
84:b2:61:08:fc:c8:,UTTetudiants,-66,2026-04-28 15:11:42
84:b2:61:08:fc:c8:,UTTetudiants,-83,2026-04-28 15:11:42
84:b2:61:08:fc:c8:,UTTetudiants,-66,2026-04-28 15:11:42
84:b2:61:08:fc:c8:,UTTetudiants,-79,2026-04-28 15:11:47
84:b2:61:08:fc:c8:,UTTetudiants,-85,2026-04-28 15:11:47
84:b2:61:08:fc:c8:,UTTetudiants,-79,2026-04-28 15:11:47
84:b2:61:08:fc:c8:,UTTetudiants,-70,2026-04-28 15:11:54
84:b2:61:08:fc:c8:,UTTetudiants,-71,2026-04-28 15:11:54
84:b2:61:08:fc:c8:,UTTetudiants,-70,2026-04-28 15:11:54
84:b2:61:08:fc:c8:,UTTetudiants,-70,2026-04-28 15:11:57
84:b2:61:08:fc:c8:,UTTetudiants,-78,2026-04-28 15:11:57
84:b2:61:08:fc:c8:,UTTetudiants,-70,2026-04-28 15:11:57
84:b2:61:08:fc:c8:,UTTetudiants,-62,2026-04-28 15:12:00
84:b2:61:08:fc:c8:,UTTetudiants,-78,2026-04-28 15:12:00
84:b2:61:08:fc:c8:,UTTetudiants,-62,2026-04-28 15:12:00
84:b2:61:08:fc:c8:,UTTetudiants,-62,2026-04-28 15:12:05
84:b2:61:08:fc:c8:,UTTetudiants,-78,2026-04-28 15:12:05
84:b2:61:08:fc:c8:,UTTetudiants,-62,2026-04-28 15:12:05
84:b2:61:08:fc:c8:,UTTetudiants,-62,2026-04-28 15:12:08
84:b2:61:08:fc:c8:,UTTetudiants,-80,2026-04-28 15:12:08
84:b2:61:08:fc:c8:,UTTetudiants,-62,2026-04-28 15:12:08
84:b2:61:08:fc:c8:,UTTetudiants,-62,2026-04-28 15:12:12
84:b2:61:08:fc:c8:,UTTetudiants,-80,2026-04-28 15:12:12
84:b2:61:08:fc:c8:,UTTetudiants,-62,2026-04-28 15:12:12
84:b2:61:08:fc:c8:,UTTetudiants,-62,2026-04-28 15:12:18
84:b2:61:08:fc:c8:,UTTetudiants,-80,2026-04-28 15:12:18
84:b2:61:08:fc:c8:,UTTetudiants,-62,2026-04-28 15:12:18
84:b2:61:08:fc:c8:,UTTetudiants,-62,2026-04-28 15:12:21
84:b2:61:08:fc:c8:,UTTetudiants,-80,2026-04-28 15:12:21
84:b2:61:08:fc:c8:,UTTetudiants,-62,2026-04-28 15:12:21
84:b2:61:08:fc:c8:,UTTetudiants,-72,2026-04-28 15:12:25
84:b2:61:08:fc:c8:,UTTetudiants,-84,2026-04-28 15:12:25
84:b2:61:08:fc:c8:,UTTetudiants,-72,2026-04-28 15:12:25
84:b2:61:08:fc:c8:,UTTetudiants,-72,2026-04-28 15:12:29
84:b2:61:08:fc:c8:,UTTetudiants,-79,2026-04-28 15:12:29
84:b2:61:08:fc:c8:,UTTetudiants,-72,2026-04-28 15:12:29
84:b2:61:08:fc:c8:,UTTetudiants,-67,2026-04-28 15:12:34
84:b2:61:08:fc:c8:,UTTetudiants,-84,2026-04-28 15:12:34
84:b2:61:08:fc:c8:,UTTetudiants,-67,2026-04-28 15:12:34
84:b2:61:08:fc:c8:,UTTetudiants,-73,2026-04-28 15:12:40
84:b2:61:08:fc:c8:,UTTetudiants,-72,2026-04-28 15:12:40
84:b2:61:08:fc:c8:,UTTetudiants,-73,2026-04-28 15:12:40
84:b2:61:08:fc:c8:,UTTetudiants,-73,2026-04-28 15:12:44
84:b2:61:08:fc:c8:,UTTetudiants,-72,2026-04-28 15:12:44
84:b2:61:08:fc:c8:,UTTetudiants,-73,2026-04-28 15:12:44
84:b2:61:08:fc:c8:,UTTetudiants,-69,2026-04-28 15:12:50
84:b2:61:08:fc:c8:,UTTetudiants,-71,2026-04-28 15:12:50
84:b2:61:08:fc:c8:,UTTetudiants,-69,2026-04-28 15:12:50
84:b2:61:08:fc:c8:,UTTetudiants,-69,2026-04-28 15:12:53
84:b2:61:08:fc:c8:,UTTetudiants,-87,2026-04-28 15:12:53
84:b2:61:08:fc:c8:,UTTetudiants,-69,2026-04-28 15:12:53
84:b2:61:08:fc:c8:,UTTetudiants,-68,2026-04-28 15:12:57
84:b2:61:08:fc:c8:,UTTetudiants,-87,2026-04-28 15:12:57
84:b2:61:08:fc:c8:,UTTetudiants,-68,2026-04-28 15:12:57
84:b2:61:08:fc:c8:,UTTetudiants,-71,2026-04-28 15:13:00
84:b2:61:08:fc:c8:,UTTetudiants,-69,2026-04-28 15:13:00
84:b2:61:08:fc:c8:,UTTetudiants,-71,2026-04-28 15:13:00
84:b2:61:08:fc:c8:,UTTetudiants,-71,2026-04-28 15:13:04
84:b2:61:08:fc:c8:,UTTetudiants,-85,2026-04-28 15:13:04
84:b2:61:08:fc:c8:,UTTetudiants,-71,2026-04-28 15:13:04
84:b2:61:08:fc:c8:,UTTetudiants,-72,2026-04-28 15:13:11
84:b2:61:08:fc:c8:,UTTetudiants,-78,2026-04-28 15:13:11
84:b2:61:08:fc:c8:,UTTetudiants,-72,2026-04-28 15:13:11
84:b2:61:08:fc:c8:,UTTetudiants,-73,2026-04-28 15:13:14
84:b2:61:08:fc:c8:,UTTetudiants,-78,2026-04-28 15:13:14
84:b2:61:08:fc:c8:,UTTetudiants,-73,2026-04-28 15:13:14
84:b2:61:08:fc:c7:,UTTetudiants,-77,2026-04-28 15:09:14
84:b2:61:08:fc:c7:,UTTetudiants,-58,2026-04-28 15:09:14
84:b2:61:08:fc:c7:,UTTetudiants,-77,2026-04-28 15:09:14
84:b2:61:08:fc:c7:,UTTetudiants,-70,2026-04-28 15:09:17
84:b2:61:08:fc:c7:,UTTetudiants,-58,2026-04-28 15:09:17
84:b2:61:08:fc:c7:,UTTetudiants,-70,2026-04-28 15:09:17
84:b2:61:08:fc:c7:,UTTetudiants,-70,2026-04-28 15:09:21
84:b2:61:08:fc:c7:,UTTetudiants,-57,2026-04-28 15:09:21
84:b2:61:08:fc:c7:,UTTetudiants,-70,2026-04-28 15:09:21
84:b2:61:08:fc:c7:,UTTetudiants,-65,2026-04-28 15:09:26
84:b2:61:08:fc:c7:,UTTetudiants,-57,2026-04-28 15:09:26
84:b2:61:08:fc:c7:,UTTetudiants,-65,2026-04-28 15:09:26
84:b2:61:08:fc:c7:,UTTetudiants,-72,2026-04-28 15:09:29
84:b2:61:08:fc:c7:,UTTetudiants,-60,2026-04-28 15:09:29
84:b2:61:08:fc:c7:,UTTetudiants,-72,2026-04-28 15:09:29
84:b2:61:08:fc:c7:,UTTetudiants,-63,2026-04-28 15:09:35
84:b2:61:08:fc:c7:,UTTetudiants,-60,2026-04-28 15:09:35
84:b2:61:08:fc:c7:,UTTetudiants,-63,2026-04-28 15:09:35
84:b2:61:08:fc:c7:,UTTetudiants,-63,2026-04-28 15:09:38
84:b2:61:08:fc:c7:,UTTetudiants,-66,2026-04-28 15:09:38
84:b2:61:08:fc:c7:,UTTetudiants,-63,2026-04-28 15:09:38
84:b2:61:08:fc:c7:,UTTetudiants,-80,2026-04-28 15:09:41
84:b2:61:08:fc:c7:,UTTetudiants,-70,2026-04-28 15:09:41
84:b2:61:08:fc:c7:,UTTetudiants,-80,2026-04-28 15:09:41
84:b2:61:08:fc:c7:,UTTetudiants,-65,2026-04-28 15:09:45
84:b2:61:08:fc:c7:,UTTetudiants,-70,2026-04-28 15:09:45
84:b2:61:08:fc:c7:,UTTetudiants,-65,2026-04-28 15:09:45
84:b2:61:08:fc:c7:,UTTetudiants,-65,2026-04-28 15:09:48
84:b2:61:08:fc:c7:,UTTetudiants,-63,2026-04-28 15:09:48
84:b2:61:08:fc:c7:,UTTetudiants,-65,2026-04-28 15:09:48
84:b2:61:08:fc:c7:,UTTetudiants,-83,2026-04-28 15:09:52
84:b2:61:08:fc:c7:,UTTetudiants,-75,2026-04-28 15:09:52
84:b2:61:08:fc:c7:,UTTetudiants,-83,2026-04-28 15:09:52
84:b2:61:08:fc:c7:,UTTetudiants,-70,2026-04-28 15:10:03
84:b2:61:08:fc:c7:,UTTetudiants,-67,2026-04-28 15:10:03
84:b2:61:08:fc:c7:,UTTetudiants,-70,2026-04-28 15:10:03
84:b2:61:08:fc:c7:,UTTetudiants,-82,2026-04-28 15:10:07
84:b2:61:08:fc:c7:,UTTetudiants,-67,2026-04-28 15:10:07
84:b2:61:08:fc:c7:,UTTetudiants,-82,2026-04-28 15:10:07
84:b2:61:08:fc:c7:,UTTetudiants,-73,2026-04-28 15:10:11
84:b2:61:08:fc:c7:,UTTetudiants,-65,2026-04-28 15:10:11
84:b2:61:08:fc:c7:,UTTetudiants,-73,2026-04-28 15:10:11
84:b2:61:08:fc:c7:,UTTetudiants,-87,2026-04-28 15:10:15
84:b2:61:08:fc:c7:,UTTetudiants,-65,2026-04-28 15:10:15
84:b2:61:08:fc:c7:,UTTetudiants,-87,2026-04-28 15:10:15
84:b2:61:08:fc:c7:,UTTetudiants,-69,2026-04-28 15:10:19
84:b2:61:08:fc:c7:,UTTetudiants,-68,2026-04-28 15:10:19
84:b2:61:08:fc:c7:,UTTetudiants,-69,2026-04-28 15:10:19
84:b2:61:08:fc:c7:,UTTetudiants,-76,2026-04-28 15:10:23
84:b2:61:08:fc:c7:,UTTetudiants,-68,2026-04-28 15:10:23
84:b2:61:08:fc:c7:,UTTetudiants,-76,2026-04-28 15:10:23
84:b2:61:08:fc:c7:,UTTetudiants,-79,2026-04-28 15:10:27
84:b2:61:08:fc:c7:,UTTetudiants,-62,2026-04-28 15:10:27
84:b2:61:08:fc:c7:,UTTetudiants,-79,2026-04-28 15:10:27
84:b2:61:08:fc:c7:,UTTetudiants,-79,2026-04-28 15:10:31
84:b2:61:08:fc:c7:,UTTetudiants,-62,2026-04-28 15:10:31
84:b2:61:08:fc:c7:,UTTetudiants,-79,2026-04-28 15:10:31
84:b2:61:08:fc:c7:,UTTetudiants,-87,2026-04-28 15:10:36
84:b2:61:08:fc:c7:,UTTetudiants,-62,2026-04-28 15:10:36
84:b2:61:08:fc:c7:,UTTetudiants,-87,2026-04-28 15:10:36
84:b2:61:08:fc:c7:,UTTetudiants,-77,2026-04-28 15:10:39
84:b2:61:08:fc:c7:,UTTetudiants,-62,2026-04-28 15:10:39
84:b2:61:08:fc:c7:,UTTetudiants,-77,2026-04-28 15:10:39
84:b2:61:08:fc:c7:,UTTetudiants,-77,2026-04-28 15:10:44
84:b2:61:08:fc:c7:,UTTetudiants,-68,2026-04-28 15:10:44
84:b2:61:08:fc:c7:,UTTetudiants,-77,2026-04-28 15:10:44
84:b2:61:08:fc:c7:,UTTetudiants,-66,2026-04-28 15:10:51
84:b2:61:08:fc:c7:,UTTetudiants,-67,2026-04-28 15:10:51
84:b2:61:08:fc:c7:,UTTetudiants,-66,2026-04-28 15:10:51
84:b2:61:08:fc:c7:,UTTetudiants,-84,2026-04-28 15:10:55
84:b2:61:08:fc:c7:,UTTetudiants,-67,2026-04-28 15:10:55
84:b2:61:08:fc:c7:,UTTetudiants,-84,2026-04-28 15:10:55
84:b2:61:08:fc:c7:,UTTetudiants,-84,2026-04-28 15:10:58
84:b2:61:08:fc:c7:,UTTetudiants,-67,2026-04-28 15:10:58
84:b2:61:08:fc:c7:,UTTetudiants,-84,2026-04-28 15:10:58
84:b2:61:08:fc:c7:,UTTetudiants,-74,2026-04-28 15:11:03
84:b2:61:08:fc:c7:,UTTetudiants,-75,2026-04-28 15:11:03
84:b2:61:08:fc:c7:,UTTetudiants,-74,2026-04-28 15:11:03
84:b2:61:08:fc:c7:,UTTetudiants,-77,2026-04-28 15:11:07
84:b2:61:08:fc:c7:,UTTetudiants,-75,2026-04-28 15:11:07
84:b2:61:08:fc:c7:,UTTetudiants,-77,2026-04-28 15:11:07
84:b2:61:08:fc:c7:,UTTetudiants,-77,2026-04-28 15:11:11
84:b2:61:08:fc:c7:,UTTetudiants,-68,2026-04-28 15:11:11
84:b2:61:08:fc:c7:,UTTetudiants,-77,2026-04-28 15:11:11
84:b2:61:08:fc:c7:,UTTetudiants,-79,2026-04-28 15:11:16
84:b2:61:08:fc:c7:,UTTetudiants,-68,2026-04-28 15:11:16
84:b2:61:08:fc:c7:,UTTetudiants,-79,2026-04-28 15:11:16
84:b2:61:08:fc:c7:,UTTetudiants,-73,2026-04-28 15:11:20
84:b2:61:08:fc:c7:,UTTetudiants,-61,2026-04-28 15:11:20
84:b2:61:08:fc:c7:,UTTetudiants,-73,2026-04-28 15:11:20
84:b2:61:08:fc:c7:,UTTetudiants,-73,2026-04-28 15:11:24
84:b2:61:08:fc:c7:,UTTetudiants,-73,2026-04-28 15:11:24
84:b2:61:08:fc:c7:,UTTetudiants,-73,2026-04-28 15:11:24
84:b2:61:08:fc:c7:,UTTetudiants,-73,2026-04-28 15:11:28
84:b2:61:08:fc:c7:,UTTetudiants,-61,2026-04-28 15:11:28
84:b2:61:08:fc:c7:,UTTetudiants,-73,2026-04-28 15:11:28
84:b2:61:08:fc:c7:,UTTetudiants,-70,2026-04-28 15:11:31
84:b2:61:08:fc:c7:,UTTetudiants,-61,2026-04-28 15:11:31
84:b2:61:08:fc:c7:,UTTetudiants,-70,2026-04-28 15:11:31
84:b2:61:08:fc:c7:,UTTetudiants,-82,2026-04-28 15:11:36
84:b2:61:08:fc:c7:,UTTetudiants,-68,2026-04-28 15:11:36
84:b2:61:08:fc:c7:,UTTetudiants,-82,2026-04-28 15:11:36
84:b2:61:08:fc:c7:,UTTetudiants,-80,2026-04-28 15:11:39
84:b2:61:08:fc:c7:,UTTetudiants,-68,2026-04-28 15:11:39
84:b2:61:08:fc:c7:,UTTetudiants,-80,2026-04-28 15:11:39
84:b2:61:08:fc:c7:,UTTetudiants,-80,2026-04-28 15:11:42
84:b2:61:08:fc:c7:,UTTetudiants,-68,2026-04-28 15:11:42
84:b2:61:08:fc:c7:,UTTetudiants,-80,2026-04-28 15:11:42
84:b2:61:08:fc:c7:,UTTetudiants,-86,2026-04-28 15:11:47
84:b2:61:08:fc:c7:,UTTetudiants,-79,2026-04-28 15:11:47
84:b2:61:08:fc:c7:,UTTetudiants,-86,2026-04-28 15:11:47
84:b2:61:08:fc:c7:,UTTetudiants,-71,2026-04-28 15:11:54
84:b2:61:08:fc:c7:,UTTetudiants,-73,2026-04-28 15:11:54
84:b2:61:08:fc:c7:,UTTetudiants,-71,2026-04-28 15:11:54
84:b2:61:08:fc:c7:,UTTetudiants,-79,2026-04-28 15:11:57
84:b2:61:08:fc:c7:,UTTetudiants,-73,2026-04-28 15:11:57
84:b2:61:08:fc:c7:,UTTetudiants,-79,2026-04-28 15:11:57
84:b2:61:08:fc:c7:,UTTetudiants,-79,2026-04-28 15:12:00
84:b2:61:08:fc:c7:,UTTetudiants,-62,2026-04-28 15:12:00
84:b2:61:08:fc:c7:,UTTetudiants,-79,2026-04-28 15:12:00
84:b2:61:08:fc:c7:,UTTetudiants,-78,2026-04-28 15:12:05
84:b2:61:08:fc:c7:,UTTetudiants,-62,2026-04-28 15:12:05
84:b2:61:08:fc:c7:,UTTetudiants,-78,2026-04-28 15:12:05
84:b2:61:08:fc:c7:,UTTetudiants,-79,2026-04-28 15:12:08
84:b2:61:08:fc:c7:,UTTetudiants,-62,2026-04-28 15:12:08
84:b2:61:08:fc:c7:,UTTetudiants,-79,2026-04-28 15:12:08
84:b2:61:08:fc:c7:,UTTetudiants,-79,2026-04-28 15:12:12
84:b2:61:08:fc:c7:,UTTetudiants,-62,2026-04-28 15:12:12
84:b2:61:08:fc:c7:,UTTetudiants,-79,2026-04-28 15:12:12
84:b2:61:08:fc:c7:,UTTetudiants,-81,2026-04-28 15:12:18
84:b2:61:08:fc:c7:,UTTetudiants,-62,2026-04-28 15:12:18
84:b2:61:08:fc:c7:,UTTetudiants,-81,2026-04-28 15:12:18
84:b2:61:08:fc:c7:,UTTetudiants,-81,2026-04-28 15:12:21
84:b2:61:08:fc:c7:,UTTetudiants,-74,2026-04-28 15:12:21
84:b2:61:08:fc:c7:,UTTetudiants,-81,2026-04-28 15:12:21
84:b2:61:08:fc:c7:,UTTetudiants,-84,2026-04-28 15:12:25
84:b2:61:08:fc:c7:,UTTetudiants,-72,2026-04-28 15:12:25
84:b2:61:08:fc:c7:,UTTetudiants,-84,2026-04-28 15:12:25
84:b2:61:08:fc:c7:,UTTetudiants,-78,2026-04-28 15:12:29
84:b2:61:08:fc:c7:,UTTetudiants,-72,2026-04-28 15:12:29
84:b2:61:08:fc:c7:,UTTetudiants,-78,2026-04-28 15:12:29
84:b2:61:08:fc:c7:,UTTetudiants,-84,2026-04-28 15:12:34
84:b2:61:08:fc:c7:,UTTetudiants,-67,2026-04-28 15:12:34
84:b2:61:08:fc:c7:,UTTetudiants,-84,2026-04-28 15:12:34
84:b2:61:08:fc:c7:,UTTetudiants,-71,2026-04-28 15:12:40
84:b2:61:08:fc:c7:,UTTetudiants,-72,2026-04-28 15:12:40
84:b2:61:08:fc:c7:,UTTetudiants,-71,2026-04-28 15:12:40
84:b2:61:08:fc:c7:,UTTetudiants,-71,2026-04-28 15:12:44
84:b2:61:08:fc:c7:,UTTetudiants,-72,2026-04-28 15:12:44
84:b2:61:08:fc:c7:,UTTetudiants,-71,2026-04-28 15:12:44
84:b2:61:08:fc:c7:,UTTetudiants,-71,2026-04-28 15:12:50
84:b2:61:08:fc:c7:,UTTetudiants,-69,2026-04-28 15:12:50
84:b2:61:08:fc:c7:,UTTetudiants,-71,2026-04-28 15:12:50
84:b2:61:08:fc:c7:,UTTetudiants,-87,2026-04-28 15:12:53
84:b2:61:08:fc:c7:,UTTetudiants,-69,2026-04-28 15:12:53
84:b2:61:08:fc:c7:,UTTetudiants,-87,2026-04-28 15:12:53
84:b2:61:08:fc:c7:,UTTetudiants,-87,2026-04-28 15:12:57
84:b2:61:08:fc:c7:,UTTetudiants,-68,2026-04-28 15:12:57
84:b2:61:08:fc:c7:,UTTetudiants,-87,2026-04-28 15:12:57
84:b2:61:08:fc:c7:,UTTetudiants,-69,2026-04-28 15:13:00
84:b2:61:08:fc:c7:,UTTetudiants,-71,2026-04-28 15:13:00
84:b2:61:08:fc:c7:,UTTetudiants,-69,2026-04-28 15:13:00
84:b2:61:08:fc:c7:,UTTetudiants,-86,2026-04-28 15:13:04
84:b2:61:08:fc:c7:,UTTetudiants,-71,2026-04-28 15:13:04
84:b2:61:08:fc:c7:,UTTetudiants,-86,2026-04-28 15:13:04
84:b2:61:08:fc:c7:,UTTetudiants,-80,2026-04-28 15:13:11
84:b2:61:08:fc:c7:,UTTetudiants,-71,2026-04-28 15:13:11
84:b2:61:08:fc:c7:,UTTetudiants,-80,2026-04-28 15:13:11
84:b2:61:08:fc:c7:,UTTetudiants,-80,2026-04-28 15:13:14
84:b2:61:08:fc:c7:,UTTetudiants,-72,2026-04-28 15:13:14
84:b2:61:08:fc:c7:,UTTetudiants,-80,2026-04-28 15:13:14
84:b2:61:1f:b5:37:,UTTetudiants,-78,2026-04-28 15:09:14
84:b2:61:1f:b5:37:,UTTetudiants,-81,2026-04-28 15:09:14
84:b2:61:1f:b5:37:,UTTetudiants,-78,2026-04-28 15:09:14
84:b2:61:1f:b5:37:,UTTetudiants,-67,2026-04-28 15:09:17
84:b2:61:1f:b5:37:,UTTetudiants,-81,2026-04-28 15:09:17
84:b2:61:1f:b5:37:,UTTetudiants,-67,2026-04-28 15:09:17
84:b2:61:1f:b5:37:,UTTetudiants,-86,2026-04-28 15:09:21
84:b2:61:1f:b5:37:,UTTetudiants,-81,2026-04-28 15:09:21
84:b2:61:1f:b5:37:,UTTetudiants,-86,2026-04-28 15:09:21
84:b2:61:1f:b5:37:,UTTetudiants,-66,2026-04-28 15:09:26
84:b2:61:1f:b5:37:,UTTetudiants,-81,2026-04-28 15:09:26
84:b2:61:1f:b5:37:,UTTetudiants,-66,2026-04-28 15:09:26
84:b2:61:1f:b5:37:,UTTetudiants,-84,2026-04-28 15:09:29
84:b2:61:1f:b5:37:,UTTetudiants,-79,2026-04-28 15:09:29
84:b2:61:1f:b5:37:,UTTetudiants,-84,2026-04-28 15:09:29
84:b2:61:1f:b5:37:,UTTetudiants,-80,2026-04-28 15:09:35
84:b2:61:1f:b5:37:,UTTetudiants,-79,2026-04-28 15:09:35
84:b2:61:1f:b5:37:,UTTetudiants,-80,2026-04-28 15:09:35
84:b2:61:1f:b5:37:,UTTetudiants,-80,2026-04-28 15:09:38
84:b2:61:1f:b5:37:,UTTetudiants,-79,2026-04-28 15:09:38
84:b2:61:1f:b5:37:,UTTetudiants,-80,2026-04-28 15:09:38
84:b2:61:1f:b5:37:,UTTetudiants,-80,2026-04-28 15:09:41
84:b2:61:1f:b5:37:,UTTetudiants,-83,2026-04-28 15:09:41
84:b2:61:1f:b5:37:,UTTetudiants,-80,2026-04-28 15:09:41
84:b2:61:1f:b5:37:,UTTetudiants,-65,2026-04-28 15:09:45
84:b2:61:1f:b5:37:,UTTetudiants,-83,2026-04-28 15:09:45
84:b2:61:1f:b5:37:,UTTetudiants,-65,2026-04-28 15:09:45
84:b2:61:1f:b5:37:,UTTetudiants,-65,2026-04-28 15:09:48
84:b2:61:1f:b5:37:,UTTetudiants,-85,2026-04-28 15:09:48
84:b2:61:1f:b5:37:,UTTetudiants,-65,2026-04-28 15:09:48
84:b2:61:1f:b5:37:,UTTetudiants,-85,2026-04-28 15:09:52
84:b2:61:1f:b5:37:,UTTetudiants,-85,2026-04-28 15:09:52
84:b2:61:1f:b5:37:,UTTetudiants,-85,2026-04-28 15:09:52
84:b2:61:1f:b5:37:,UTTetudiants,-72,2026-04-28 15:10:03
84:b2:61:1f:b5:37:,UTTetudiants,-85,2026-04-28 15:10:03
84:b2:61:1f:b5:37:,UTTetudiants,-72,2026-04-28 15:10:03
84:b2:61:1f:b5:37:,UTTetudiants,-75,2026-04-28 15:10:07
84:b2:61:1f:b5:37:,UTTetudiants,-85,2026-04-28 15:10:07
84:b2:61:1f:b5:37:,UTTetudiants,-75,2026-04-28 15:10:07
84:b2:61:1f:b5:37:,UTTetudiants,-77,2026-04-28 15:10:11
84:b2:61:1f:b5:37:,UTTetudiants,-85,2026-04-28 15:10:11
84:b2:61:1f:b5:37:,UTTetudiants,-77,2026-04-28 15:10:11
84:b2:61:1f:b5:37:,UTTetudiants,-85,2026-04-28 15:10:15
84:b2:61:1f:b5:37:,UTTetudiants,-85,2026-04-28 15:10:15
84:b2:61:1f:b5:37:,UTTetudiants,-85,2026-04-28 15:10:15
84:b2:61:1f:b5:37:,UTTetudiants,-74,2026-04-28 15:10:19
84:b2:61:1f:b5:37:,UTTetudiants,-85,2026-04-28 15:10:19
84:b2:61:1f:b5:37:,UTTetudiants,-74,2026-04-28 15:10:19
84:b2:61:1f:b5:37:,UTTetudiants,-78,2026-04-28 15:10:23
84:b2:61:1f:b5:37:,UTTetudiants,-85,2026-04-28 15:10:23
84:b2:61:1f:b5:37:,UTTetudiants,-78,2026-04-28 15:10:23
84:b2:61:1f:b5:37:,UTTetudiants,-81,2026-04-28 15:10:27
84:b2:61:1f:b5:37:,UTTetudiants,-83,2026-04-28 15:10:27
84:b2:61:1f:b5:37:,UTTetudiants,-81,2026-04-28 15:10:27
84:b2:61:1f:b5:37:,UTTetudiants,-81,2026-04-28 15:10:31
84:b2:61:1f:b5:37:,UTTetudiants,-83,2026-04-28 15:10:31
84:b2:61:1f:b5:37:,UTTetudiants,-81,2026-04-28 15:10:31
84:b2:61:1f:b5:37:,UTTetudiants,-85,2026-04-28 15:10:36
84:b2:61:1f:b5:37:,UTTetudiants,-83,2026-04-28 15:10:36
84:b2:61:1f:b5:37:,UTTetudiants,-85,2026-04-28 15:10:36
84:b2:61:1f:b5:37:,UTTetudiants,-73,2026-04-28 15:10:39
84:b2:61:1f:b5:37:,UTTetudiants,-83,2026-04-28 15:10:39
84:b2:61:1f:b5:37:,UTTetudiants,-73,2026-04-28 15:10:39
84:b2:61:1f:b5:37:,UTTetudiants,-82,2026-04-28 15:10:44
84:b2:61:1f:b5:37:,UTTetudiants,-83,2026-04-28 15:10:44
84:b2:61:1f:b5:37:,UTTetudiants,-82,2026-04-28 15:10:44
84:b2:61:1f:b5:37:,UTTetudiants,-66,2026-04-28 15:10:51
84:b2:61:1f:b5:37:,UTTetudiants,-83,2026-04-28 15:10:51
84:b2:61:1f:b5:37:,UTTetudiants,-66,2026-04-28 15:10:51
84:b2:61:1f:b5:37:,UTTetudiants,-81,2026-04-28 15:10:55
84:b2:61:1f:b5:37:,UTTetudiants,-83,2026-04-28 15:10:55
84:b2:61:1f:b5:37:,UTTetudiants,-81,2026-04-28 15:10:55
84:b2:61:1f:b5:37:,UTTetudiants,-81,2026-04-28 15:10:58
84:b2:61:1f:b5:37:,UTTetudiants,-83,2026-04-28 15:10:58
84:b2:61:1f:b5:37:,UTTetudiants,-81,2026-04-28 15:10:58
84:b2:61:1f:b5:37:,UTTetudiants,-78,2026-04-28 15:11:03
84:b2:61:1f:b5:37:,UTTetudiants,-83,2026-04-28 15:11:03
84:b2:61:1f:b5:37:,UTTetudiants,-78,2026-04-28 15:11:03
84:b2:61:1f:b5:37:,UTTetudiants,-78,2026-04-28 15:11:07
84:b2:61:1f:b5:37:,UTTetudiants,-83,2026-04-28 15:11:07
84:b2:61:1f:b5:37:,UTTetudiants,-78,2026-04-28 15:11:07
84:b2:61:1f:b5:37:,UTTetudiants,-79,2026-04-28 15:11:11
84:b2:61:1f:b5:37:,UTTetudiants,-83,2026-04-28 15:11:11
84:b2:61:1f:b5:37:,UTTetudiants,-79,2026-04-28 15:11:11
84:b2:61:1f:b5:37:,UTTetudiants,-74,2026-04-28 15:11:16
84:b2:61:1f:b5:37:,UTTetudiants,-83,2026-04-28 15:11:16
84:b2:61:1f:b5:37:,UTTetudiants,-74,2026-04-28 15:11:16
84:b2:61:1f:b5:37:,UTTetudiants,-74,2026-04-28 15:11:20
84:b2:61:1f:b5:37:,UTTetudiants,-83,2026-04-28 15:11:20
84:b2:61:1f:b5:37:,UTTetudiants,-74,2026-04-28 15:11:20
84:b2:61:1f:b5:37:,UTTetudiants,-74,2026-04-28 15:11:24
84:b2:61:1f:b5:37:,UTTetudiants,-83,2026-04-28 15:11:24
84:b2:61:1f:b5:37:,UTTetudiants,-74,2026-04-28 15:11:24
84:b2:61:1f:b5:37:,UTTetudiants,-76,2026-04-28 15:11:28
84:b2:61:1f:b5:37:,UTTetudiants,-83,2026-04-28 15:11:28
84:b2:61:1f:b5:37:,UTTetudiants,-76,2026-04-28 15:11:28
84:b2:61:1f:b5:37:,UTTetudiants,-81,2026-04-28 15:11:31
84:b2:61:1f:b5:37:,UTTetudiants,-83,2026-04-28 15:11:31
84:b2:61:1f:b5:37:,UTTetudiants,-81,2026-04-28 15:11:31
84:b2:61:1f:b5:37:,UTTetudiants,-79,2026-04-28 15:11:36
84:b2:61:1f:b5:37:,UTTetudiants,-83,2026-04-28 15:11:36
84:b2:61:1f:b5:37:,UTTetudiants,-79,2026-04-28 15:11:36
84:b2:61:1f:b5:37:,UTTetudiants,-79,2026-04-28 15:11:39
84:b2:61:1f:b5:37:,UTTetudiants,-83,2026-04-28 15:11:39
84:b2:61:1f:b5:37:,UTTetudiants,-79,2026-04-28 15:11:39
84:b2:61:1f:b5:37:,UTTetudiants,-79,2026-04-28 15:11:42
84:b2:61:1f:b5:37:,UTTetudiants,-83,2026-04-28 15:11:42
84:b2:61:1f:b5:37:,UTTetudiants,-79,2026-04-28 15:11:42
84:b2:61:1f:b5:37:,UTTetudiants,-84,2026-04-28 15:11:47
84:b2:61:1f:b5:37:,UTTetudiants,-83,2026-04-28 15:11:47
84:b2:61:1f:b5:37:,UTTetudiants,-84,2026-04-28 15:11:47
84:b2:61:1f:b5:37:,UTTetudiants,-63,2026-04-28 15:11:54
84:b2:61:1f:b5:37:,UTTetudiants,-83,2026-04-28 15:11:54
84:b2:61:1f:b5:37:,UTTetudiants,-63,2026-04-28 15:11:54
84:b2:61:1f:b5:37:,UTTetudiants,-85,2026-04-28 15:11:57
84:b2:61:1f:b5:37:,UTTetudiants,-83,2026-04-28 15:11:57
84:b2:61:1f:b5:37:,UTTetudiants,-85,2026-04-28 15:11:57
84:b2:61:1f:b5:37:,UTTetudiants,-85,2026-04-28 15:12:00
84:b2:61:1f:b5:37:,UTTetudiants,-80,2026-04-28 15:12:00
84:b2:61:1f:b5:37:,UTTetudiants,-85,2026-04-28 15:12:00
84:b2:61:1f:b5:37:,UTTetudiants,-75,2026-04-28 15:12:05
84:b2:61:1f:b5:37:,UTTetudiants,-80,2026-04-28 15:12:05
84:b2:61:1f:b5:37:,UTTetudiants,-75,2026-04-28 15:12:05
84:b2:61:1f:b5:37:,UTTetudiants,-75,2026-04-28 15:12:08
84:b2:61:1f:b5:37:,UTTetudiants,-80,2026-04-28 15:12:08
84:b2:61:1f:b5:37:,UTTetudiants,-75,2026-04-28 15:12:08
84:b2:61:1f:b5:37:,UTTetudiants,-75,2026-04-28 15:12:12
84:b2:61:1f:b5:37:,UTTetudiants,-80,2026-04-28 15:12:12
84:b2:61:1f:b5:37:,UTTetudiants,-75,2026-04-28 15:12:12
84:b2:61:1f:b5:37:,UTTetudiants,-78,2026-04-28 15:12:18
84:b2:61:1f:b5:37:,UTTetudiants,-80,2026-04-28 15:12:18
84:b2:61:1f:b5:37:,UTTetudiants,-78,2026-04-28 15:12:18
84:b2:61:1f:b5:37:,UTTetudiants,-78,2026-04-28 15:12:21
84:b2:61:1f:b5:37:,UTTetudiants,-80,2026-04-28 15:12:21
84:b2:61:1f:b5:37:,UTTetudiants,-78,2026-04-28 15:12:21
84:b2:61:1f:b5:37:,UTTetudiants,-78,2026-04-28 15:12:25
84:b2:61:1f:b5:37:,UTTetudiants,-80,2026-04-28 15:12:25
84:b2:61:1f:b5:37:,UTTetudiants,-78,2026-04-28 15:12:25
84:b2:61:1f:b5:37:,UTTetudiants,-77,2026-04-28 15:12:29
84:b2:61:1f:b5:37:,UTTetudiants,-80,2026-04-28 15:12:29
84:b2:61:1f:b5:37:,UTTetudiants,-77,2026-04-28 15:12:29
84:b2:61:1f:b5:37:,UTTetudiants,-80,2026-04-28 15:12:34
84:b2:61:1f:b5:37:,UTTetudiants,-80,2026-04-28 15:12:34
84:b2:61:1f:b5:37:,UTTetudiants,-80,2026-04-28 15:12:34
84:b2:61:1f:b5:37:,UTTetudiants,-74,2026-04-28 15:12:40
84:b2:61:1f:b5:37:,UTTetudiants,-80,2026-04-28 15:12:40
84:b2:61:1f:b5:37:,UTTetudiants,-74,2026-04-28 15:12:40
84:b2:61:1f:b5:37:,UTTetudiants,-82,2026-04-28 15:12:44
84:b2:61:1f:b5:37:,UTTetudiants,-80,2026-04-28 15:12:44
84:b2:61:1f:b5:37:,UTTetudiants,-82,2026-04-28 15:12:44
84:b2:61:1f:b5:37:,UTTetudiants,-76,2026-04-28 15:12:50
84:b2:61:1f:b5:37:,UTTetudiants,-80,2026-04-28 15:12:50
84:b2:61:1f:b5:37:,UTTetudiants,-76,2026-04-28 15:12:50
84:b2:61:1f:b5:37:,UTTetudiants,-78,2026-04-28 15:12:53
84:b2:61:1f:b5:37:,UTTetudiants,-80,2026-04-28 15:12:53
84:b2:61:1f:b5:37:,UTTetudiants,-78,2026-04-28 15:12:53
84:b2:61:1f:b5:37:,UTTetudiants,-78,2026-04-28 15:12:57
84:b2:61:1f:b5:37:,UTTetudiants,-80,2026-04-28 15:12:57
84:b2:61:1f:b5:37:,UTTetudiants,-78,2026-04-28 15:12:57
84:b2:61:1f:b5:37:,UTTetudiants,-77,2026-04-28 15:13:00
84:b2:61:1f:b5:37:,UTTetudiants,-80,2026-04-28 15:13:00
84:b2:61:1f:b5:37:,UTTetudiants,-77,2026-04-28 15:13:00
84:b2:61:1f:b5:37:,UTTetudiants,-77,2026-04-28 15:13:04
84:b2:61:1f:b5:37:,UTTetudiants,-80,2026-04-28 15:13:04
84:b2:61:1f:b5:37:,UTTetudiants,-77,2026-04-28 15:13:04
84:b2:61:1f:b5:37:,UTTetudiants,-81,2026-04-28 15:13:11
84:b2:61:1f:b5:37:,UTTetudiants,-80,2026-04-28 15:13:11
84:b2:61:1f:b5:37:,UTTetudiants,-81,2026-04-28 15:13:11
84:b2:61:1f:b5:37:,UTTetudiants,-81,2026-04-28 15:13:14
84:b2:61:1f:b5:37:,UTTetudiants,-80,2026-04-28 15:13:14
84:b2:61:1f:b5:37:,UTTetudiants,-81,2026-04-28 15:13:14
84:b2:61:1f:b5:38:,UTTetudiants,-82,2026-04-28 15:09:14
84:b2:61:1f:b5:38:,UTTetudiants,-78,2026-04-28 15:09:14
84:b2:61:1f:b5:38:,UTTetudiants,-82,2026-04-28 15:09:14
84:b2:61:1f:b5:38:,UTTetudiants,-82,2026-04-28 15:09:17
84:b2:61:1f:b5:38:,UTTetudiants,-67,2026-04-28 15:09:17
84:b2:61:1f:b5:38:,UTTetudiants,-82,2026-04-28 15:09:17
84:b2:61:1f:b5:38:,UTTetudiants,-83,2026-04-28 15:09:21
84:b2:61:1f:b5:38:,UTTetudiants,-86,2026-04-28 15:09:21
84:b2:61:1f:b5:38:,UTTetudiants,-83,2026-04-28 15:09:21
84:b2:61:1f:b5:38:,UTTetudiants,-83,2026-04-28 15:09:26
84:b2:61:1f:b5:38:,UTTetudiants,-67,2026-04-28 15:09:26
84:b2:61:1f:b5:38:,UTTetudiants,-83,2026-04-28 15:09:26
84:b2:61:1f:b5:38:,UTTetudiants,-79,2026-04-28 15:09:29
84:b2:61:1f:b5:38:,UTTetudiants,-84,2026-04-28 15:09:29
84:b2:61:1f:b5:38:,UTTetudiants,-79,2026-04-28 15:09:29
84:b2:61:1f:b5:38:,UTTetudiants,-79,2026-04-28 15:09:35
84:b2:61:1f:b5:38:,UTTetudiants,-81,2026-04-28 15:09:35
84:b2:61:1f:b5:38:,UTTetudiants,-79,2026-04-28 15:09:35
84:b2:61:1f:b5:38:,UTTetudiants,-79,2026-04-28 15:09:38
84:b2:61:1f:b5:38:,UTTetudiants,-81,2026-04-28 15:09:38
84:b2:61:1f:b5:38:,UTTetudiants,-79,2026-04-28 15:09:38
84:b2:61:1f:b5:38:,UTTetudiants,-79,2026-04-28 15:09:41
84:b2:61:1f:b5:38:,UTTetudiants,-80,2026-04-28 15:09:41
84:b2:61:1f:b5:38:,UTTetudiants,-79,2026-04-28 15:09:41
84:b2:61:1f:b5:38:,UTTetudiants,-79,2026-04-28 15:09:45
84:b2:61:1f:b5:38:,UTTetudiants,-65,2026-04-28 15:09:45
84:b2:61:1f:b5:38:,UTTetudiants,-79,2026-04-28 15:09:45
84:b2:61:1f:b5:38:,UTTetudiants,-79,2026-04-28 15:09:48
84:b2:61:1f:b5:38:,UTTetudiants,-65,2026-04-28 15:09:48
84:b2:61:1f:b5:38:,UTTetudiants,-79,2026-04-28 15:09:48
84:b2:61:1f:b5:38:,UTTetudiants,-79,2026-04-28 15:09:52
84:b2:61:1f:b5:38:,UTTetudiants,-85,2026-04-28 15:09:52
84:b2:61:1f:b5:38:,UTTetudiants,-79,2026-04-28 15:09:52
84:b2:61:1f:b5:38:,UTTetudiants,-79,2026-04-28 15:10:03
84:b2:61:1f:b5:38:,UTTetudiants,-72,2026-04-28 15:10:03
84:b2:61:1f:b5:38:,UTTetudiants,-79,2026-04-28 15:10:03
84:b2:61:1f:b5:38:,UTTetudiants,-79,2026-04-28 15:10:07
84:b2:61:1f:b5:38:,UTTetudiants,-74,2026-04-28 15:10:07
84:b2:61:1f:b5:38:,UTTetudiants,-79,2026-04-28 15:10:07
84:b2:61:1f:b5:38:,UTTetudiants,-79,2026-04-28 15:10:11
84:b2:61:1f:b5:38:,UTTetudiants,-76,2026-04-28 15:10:11
84:b2:61:1f:b5:38:,UTTetudiants,-79,2026-04-28 15:10:11
84:b2:61:1f:b5:38:,UTTetudiants,-79,2026-04-28 15:10:15
84:b2:61:1f:b5:38:,UTTetudiants,-84,2026-04-28 15:10:15
84:b2:61:1f:b5:38:,UTTetudiants,-79,2026-04-28 15:10:15
84:b2:61:1f:b5:38:,UTTetudiants,-79,2026-04-28 15:10:19
84:b2:61:1f:b5:38:,UTTetudiants,-74,2026-04-28 15:10:19
84:b2:61:1f:b5:38:,UTTetudiants,-79,2026-04-28 15:10:19
84:b2:61:1f:b5:38:,UTTetudiants,-79,2026-04-28 15:10:23
84:b2:61:1f:b5:38:,UTTetudiants,-80,2026-04-28 15:10:23
84:b2:61:1f:b5:38:,UTTetudiants,-79,2026-04-28 15:10:23
84:b2:61:1f:b5:38:,UTTetudiants,-83,2026-04-28 15:10:27
84:b2:61:1f:b5:38:,UTTetudiants,-82,2026-04-28 15:10:27
84:b2:61:1f:b5:38:,UTTetudiants,-83,2026-04-28 15:10:27
84:b2:61:1f:b5:38:,UTTetudiants,-83,2026-04-28 15:10:31
84:b2:61:1f:b5:38:,UTTetudiants,-82,2026-04-28 15:10:31
84:b2:61:1f:b5:38:,UTTetudiants,-83,2026-04-28 15:10:31
84:b2:61:1f:b5:38:,UTTetudiants,-83,2026-04-28 15:10:36
84:b2:61:1f:b5:38:,UTTetudiants,-86,2026-04-28 15:10:36
84:b2:61:1f:b5:38:,UTTetudiants,-83,2026-04-28 15:10:36
84:b2:61:1f:b5:38:,UTTetudiants,-83,2026-04-28 15:10:39
84:b2:61:1f:b5:38:,UTTetudiants,-75,2026-04-28 15:10:39
84:b2:61:1f:b5:38:,UTTetudiants,-83,2026-04-28 15:10:39
84:b2:61:1f:b5:38:,UTTetudiants,-83,2026-04-28 15:10:44
84:b2:61:1f:b5:38:,UTTetudiants,-82,2026-04-28 15:10:44
84:b2:61:1f:b5:38:,UTTetudiants,-83,2026-04-28 15:10:44
84:b2:61:1f:b5:38:,UTTetudiants,-83,2026-04-28 15:10:51
84:b2:61:1f:b5:38:,UTTetudiants,-66,2026-04-28 15:10:51
84:b2:61:1f:b5:38:,UTTetudiants,-83,2026-04-28 15:10:51
84:b2:61:1f:b5:38:,UTTetudiants,-83,2026-04-28 15:10:55
84:b2:61:1f:b5:38:,UTTetudiants,-80,2026-04-28 15:10:55
84:b2:61:1f:b5:38:,UTTetudiants,-83,2026-04-28 15:10:55
84:b2:61:1f:b5:38:,UTTetudiants,-83,2026-04-28 15:10:58
84:b2:61:1f:b5:38:,UTTetudiants,-80,2026-04-28 15:10:58
84:b2:61:1f:b5:38:,UTTetudiants,-83,2026-04-28 15:10:58
84:b2:61:1f:b5:38:,UTTetudiants,-83,2026-04-28 15:11:03
84:b2:61:1f:b5:38:,UTTetudiants,-78,2026-04-28 15:11:03
84:b2:61:1f:b5:38:,UTTetudiants,-83,2026-04-28 15:11:03
84:b2:61:1f:b5:38:,UTTetudiants,-83,2026-04-28 15:11:07
84:b2:61:1f:b5:38:,UTTetudiants,-79,2026-04-28 15:11:07
84:b2:61:1f:b5:38:,UTTetudiants,-83,2026-04-28 15:11:07
84:b2:61:1f:b5:38:,UTTetudiants,-83,2026-04-28 15:11:11
84:b2:61:1f:b5:38:,UTTetudiants,-78,2026-04-28 15:11:11
84:b2:61:1f:b5:38:,UTTetudiants,-83,2026-04-28 15:11:11
84:b2:61:1f:b5:38:,UTTetudiants,-83,2026-04-28 15:11:16
84:b2:61:1f:b5:38:,UTTetudiants,-74,2026-04-28 15:11:16
84:b2:61:1f:b5:38:,UTTetudiants,-83,2026-04-28 15:11:16
84:b2:61:1f:b5:38:,UTTetudiants,-83,2026-04-28 15:11:20
84:b2:61:1f:b5:38:,UTTetudiants,-73,2026-04-28 15:11:20
84:b2:61:1f:b5:38:,UTTetudiants,-83,2026-04-28 15:11:20
84:b2:61:1f:b5:38:,UTTetudiants,-83,2026-04-28 15:11:24
84:b2:61:1f:b5:38:,UTTetudiants,-73,2026-04-28 15:11:24
84:b2:61:1f:b5:38:,UTTetudiants,-83,2026-04-28 15:11:24
84:b2:61:1f:b5:38:,UTTetudiants,-83,2026-04-28 15:11:28
84:b2:61:1f:b5:38:,UTTetudiants,-76,2026-04-28 15:11:28
84:b2:61:1f:b5:38:,UTTetudiants,-83,2026-04-28 15:11:28
84:b2:61:1f:b5:38:,UTTetudiants,-83,2026-04-28 15:11:31
84:b2:61:1f:b5:38:,UTTetudiants,-80,2026-04-28 15:11:31
84:b2:61:1f:b5:38:,UTTetudiants,-83,2026-04-28 15:11:31
84:b2:61:1f:b5:38:,UTTetudiants,-83,2026-04-28 15:11:36
84:b2:61:1f:b5:38:,UTTetudiants,-80,2026-04-28 15:11:36
84:b2:61:1f:b5:38:,UTTetudiants,-83,2026-04-28 15:11:36
84:b2:61:1f:b5:38:,UTTetudiants,-83,2026-04-28 15:11:39
84:b2:61:1f:b5:38:,UTTetudiants,-80,2026-04-28 15:11:39
84:b2:61:1f:b5:38:,UTTetudiants,-83,2026-04-28 15:11:39
84:b2:61:1f:b5:38:,UTTetudiants,-83,2026-04-28 15:11:42
84:b2:61:1f:b5:38:,UTTetudiants,-80,2026-04-28 15:11:42
84:b2:61:1f:b5:38:,UTTetudiants,-83,2026-04-28 15:11:42
84:b2:61:1f:b5:38:,UTTetudiants,-83,2026-04-28 15:11:47
84:b2:61:1f:b5:38:,UTTetudiants,-86,2026-04-28 15:11:47
84:b2:61:1f:b5:38:,UTTetudiants,-83,2026-04-28 15:11:47
84:b2:61:1f:b5:38:,UTTetudiants,-83,2026-04-28 15:11:54
84:b2:61:1f:b5:38:,UTTetudiants,-62,2026-04-28 15:11:54
84:b2:61:1f:b5:38:,UTTetudiants,-83,2026-04-28 15:11:54
84:b2:61:1f:b5:38:,UTTetudiants,-83,2026-04-28 15:11:57
84:b2:61:1f:b5:38:,UTTetudiants,-84,2026-04-28 15:11:57
84:b2:61:1f:b5:38:,UTTetudiants,-83,2026-04-28 15:11:57
84:b2:61:1f:b5:38:,UTTetudiants,-80,2026-04-28 15:12:00
84:b2:61:1f:b5:38:,UTTetudiants,-84,2026-04-28 15:12:00
84:b2:61:1f:b5:38:,UTTetudiants,-80,2026-04-28 15:12:00
84:b2:61:1f:b5:38:,UTTetudiants,-80,2026-04-28 15:12:05
84:b2:61:1f:b5:38:,UTTetudiants,-75,2026-04-28 15:12:05
84:b2:61:1f:b5:38:,UTTetudiants,-80,2026-04-28 15:12:05
84:b2:61:1f:b5:38:,UTTetudiants,-80,2026-04-28 15:12:08
84:b2:61:1f:b5:38:,UTTetudiants,-75,2026-04-28 15:12:08
84:b2:61:1f:b5:38:,UTTetudiants,-80,2026-04-28 15:12:08
84:b2:61:1f:b5:38:,UTTetudiants,-80,2026-04-28 15:12:12
84:b2:61:1f:b5:38:,UTTetudiants,-75,2026-04-28 15:12:12
84:b2:61:1f:b5:38:,UTTetudiants,-80,2026-04-28 15:12:12
84:b2:61:1f:b5:38:,UTTetudiants,-80,2026-04-28 15:12:18
84:b2:61:1f:b5:38:,UTTetudiants,-78,2026-04-28 15:12:18
84:b2:61:1f:b5:38:,UTTetudiants,-80,2026-04-28 15:12:18
84:b2:61:1f:b5:38:,UTTetudiants,-80,2026-04-28 15:12:21
84:b2:61:1f:b5:38:,UTTetudiants,-78,2026-04-28 15:12:21
84:b2:61:1f:b5:38:,UTTetudiants,-80,2026-04-28 15:12:21
84:b2:61:1f:b5:38:,UTTetudiants,-80,2026-04-28 15:12:25
84:b2:61:1f:b5:38:,UTTetudiants,-77,2026-04-28 15:12:25
84:b2:61:1f:b5:38:,UTTetudiants,-80,2026-04-28 15:12:25
84:b2:61:1f:b5:38:,UTTetudiants,-80,2026-04-28 15:12:29
84:b2:61:1f:b5:38:,UTTetudiants,-77,2026-04-28 15:12:29
84:b2:61:1f:b5:38:,UTTetudiants,-80,2026-04-28 15:12:29
84:b2:61:1f:b5:38:,UTTetudiants,-80,2026-04-28 15:12:34
84:b2:61:1f:b5:38:,UTTetudiants,-80,2026-04-28 15:12:34
84:b2:61:1f:b5:38:,UTTetudiants,-80,2026-04-28 15:12:34
84:b2:61:1f:b5:38:,UTTetudiants,-80,2026-04-28 15:12:40
84:b2:61:1f:b5:38:,UTTetudiants,-73,2026-04-28 15:12:40
84:b2:61:1f:b5:38:,UTTetudiants,-80,2026-04-28 15:12:40
84:b2:61:1f:b5:38:,UTTetudiants,-80,2026-04-28 15:12:44
84:b2:61:1f:b5:38:,UTTetudiants,-85,2026-04-28 15:12:44
84:b2:61:1f:b5:38:,UTTetudiants,-80,2026-04-28 15:12:44
84:b2:61:1f:b5:38:,UTTetudiants,-80,2026-04-28 15:12:50
84:b2:61:1f:b5:38:,UTTetudiants,-76,2026-04-28 15:12:50
84:b2:61:1f:b5:38:,UTTetudiants,-80,2026-04-28 15:12:50
84:b2:61:1f:b5:38:,UTTetudiants,-80,2026-04-28 15:12:53
84:b2:61:1f:b5:38:,UTTetudiants,-77,2026-04-28 15:12:53
84:b2:61:1f:b5:38:,UTTetudiants,-80,2026-04-28 15:12:53
84:b2:61:1f:b5:38:,UTTetudiants,-80,2026-04-28 15:12:57
84:b2:61:1f:b5:38:,UTTetudiants,-77,2026-04-28 15:12:57
84:b2:61:1f:b5:38:,UTTetudiants,-80,2026-04-28 15:12:57
84:b2:61:1f:b5:38:,UTTetudiants,-80,2026-04-28 15:13:00
84:b2:61:1f:b5:38:,UTTetudiants,-76,2026-04-28 15:13:00
84:b2:61:1f:b5:38:,UTTetudiants,-80,2026-04-28 15:13:00
84:b2:61:1f:b5:38:,UTTetudiants,-80,2026-04-28 15:13:04
84:b2:61:1f:b5:38:,UTTetudiants,-76,2026-04-28 15:13:04
84:b2:61:1f:b5:38:,UTTetudiants,-80,2026-04-28 15:13:04
84:b2:61:1f:b5:38:,UTTetudiants,-80,2026-04-28 15:13:11
84:b2:61:1f:b5:38:,UTTetudiants,-82,2026-04-28 15:13:11
84:b2:61:1f:b5:38:,UTTetudiants,-80,2026-04-28 15:13:11
84:b2:61:1f:b5:38:,UTTetudiants,-80,2026-04-28 15:13:14
84:b2:61:1f:b5:38:,UTTetudiants,-82,2026-04-28 15:13:14
84:b2:61:1f:b5:38:,UTTetudiants,-80,2026-04-28 15:13:14
84:b2:61:08:fc:c1:,UTT,-76,2026-04-28 15:09:14
84:b2:61:08:fc:c1:,UTT,-68,2026-04-28 15:09:17
84:b2:61:08:fc:c1:,UTT,-70,2026-04-28 15:09:21
84:b2:61:08:fc:c1:,UTT,-65,2026-04-28 15:09:26
84:b2:61:08:fc:c1:,UTT,-74,2026-04-28 15:09:29
84:b2:61:08:fc:c1:,UTT,-63,2026-04-28 15:09:35
84:b2:61:08:fc:c1:,UTT,-63,2026-04-28 15:09:38
84:b2:61:08:fc:c1:,UTT,-81,2026-04-28 15:09:41
84:b2:61:08:fc:c1:,UTT,-64,2026-04-28 15:09:45
84:b2:61:08:fc:c1:,UTT,-64,2026-04-28 15:09:48
84:b2:61:08:fc:c1:,UTT,-83,2026-04-28 15:09:52
84:b2:61:08:fc:c1:,UTT,-69,2026-04-28 15:10:03
84:b2:61:08:fc:c1:,UTT,-82,2026-04-28 15:10:07
84:b2:61:08:fc:c1:,UTT,-74,2026-04-28 15:10:11
84:b2:61:08:fc:c1:,UTT,-86,2026-04-28 15:10:15
84:b2:61:08:fc:c1:,UTT,-70,2026-04-28 15:10:19
84:b2:61:08:fc:c1:,UTT,-76,2026-04-28 15:10:23
84:b2:61:08:fc:c1:,UTT,-78,2026-04-28 15:10:27
84:b2:61:08:fc:c1:,UTT,-78,2026-04-28 15:10:31
84:b2:61:08:fc:c1:,UTT,-86,2026-04-28 15:10:36
84:b2:61:08:fc:c1:,UTT,-78,2026-04-28 15:10:39
84:b2:61:08:fc:c1:,UTT,-77,2026-04-28 15:10:44
84:b2:61:08:fc:c1:,UTT,-66,2026-04-28 15:10:51
84:b2:61:08:fc:c1:,UTT,-86,2026-04-28 15:10:55
84:b2:61:08:fc:c1:,UTT,-86,2026-04-28 15:10:58
84:b2:61:08:fc:c1:,UTT,-73,2026-04-28 15:11:03
84:b2:61:08:fc:c1:,UTT,-77,2026-04-28 15:11:07
84:b2:61:08:fc:c1:,UTT,-75,2026-04-28 15:11:11
84:b2:61:08:fc:c1:,UTT,-79,2026-04-28 15:11:16
84:b2:61:08:fc:c1:,UTT,-74,2026-04-28 15:11:20
84:b2:61:08:fc:c1:,UTT,-74,2026-04-28 15:11:24
84:b2:61:08:fc:c1:,UTT,-73,2026-04-28 15:11:28
84:b2:61:08:fc:c1:,UTT,-70,2026-04-28 15:11:31
84:b2:61:08:fc:c1:,UTT,-85,2026-04-28 15:11:36
84:b2:61:08:fc:c1:,UTT,-81,2026-04-28 15:11:39
84:b2:61:08:fc:c1:,UTT,-81,2026-04-28 15:11:42
84:b2:61:08:fc:c1:,UTT,-86,2026-04-28 15:11:47
84:b2:61:08:fc:c1:,UTT,-70,2026-04-28 15:11:54
84:b2:61:08:fc:c1:,UTT,-78,2026-04-28 15:11:57
84:b2:61:08:fc:c1:,UTT,-78,2026-04-28 15:12:00
84:b2:61:08:fc:c1:,UTT,-79,2026-04-28 15:12:05
84:b2:61:08:fc:c1:,UTT,-79,2026-04-28 15:12:08
84:b2:61:08:fc:c1:,UTT,-79,2026-04-28 15:12:12
84:b2:61:08:fc:c1:,UTT,-81,2026-04-28 15:12:18
84:b2:61:08:fc:c1:,UTT,-81,2026-04-28 15:12:21
84:b2:61:08:fc:c1:,UTT,-85,2026-04-28 15:12:25
84:b2:61:08:fc:c1:,UTT,-77,2026-04-28 15:12:29
84:b2:61:08:fc:c1:,UTT,-85,2026-04-28 15:12:34
84:b2:61:08:fc:c1:,UTT,-74,2026-04-28 15:12:40
84:b2:61:08:fc:c1:,UTT,-74,2026-04-28 15:12:44
84:b2:61:08:fc:c1:,UTT,-71,2026-04-28 15:12:50
84:b2:61:08:fc:c1:,UTT,-89,2026-04-28 15:12:53
84:b2:61:08:fc:c1:,UTT,-89,2026-04-28 15:12:57
84:b2:61:08:fc:c1:,UTT,-70,2026-04-28 15:13:00
84:b2:61:08:fc:c1:,UTT,-86,2026-04-28 15:13:04
84:b2:61:08:fc:c1:,UTT,-79,2026-04-28 15:13:11
84:b2:61:08:fc:c1:,UTT,-79,2026-04-28 15:13:14
f8:6b:d9:5e:10:c1:,UTT,-76,2026-04-28 15:09:14
f8:6b:d9:5e:10:c1:,UTT,-38,2026-04-28 15:09:17
f8:6b:d9:5e:10:c1:,UTT,-46,2026-04-28 15:09:21
f8:6b:d9:5e:10:c1:,UTT,-44,2026-04-28 15:09:26
f8:6b:d9:5e:10:c1:,UTT,-45,2026-04-28 15:09:29
f8:6b:d9:5e:10:c1:,UTT,-37,2026-04-28 15:09:35
f8:6b:d9:5e:10:c1:,UTT,-37,2026-04-28 15:09:38
f8:6b:d9:5e:10:c1:,UTT,-55,2026-04-28 15:09:41
f8:6b:d9:5e:10:c1:,UTT,-40,2026-04-28 15:09:45
f8:6b:d9:5e:10:c1:,UTT,-40,2026-04-28 15:09:48
f8:6b:d9:5e:10:c1:,UTT,-51,2026-04-28 15:09:52
f8:6b:d9:5e:10:c1:,UTT,-45,2026-04-28 15:10:03
f8:6b:d9:5e:10:c1:,UTT,-60,2026-04-28 15:10:07
f8:6b:d9:5e:10:c1:,UTT,-59,2026-04-28 15:10:11
f8:6b:d9:5e:10:c1:,UTT,-64,2026-04-28 15:10:15
f8:6b:d9:5e:10:c1:,UTT,-41,2026-04-28 15:10:19
f8:6b:d9:5e:10:c1:,UTT,-43,2026-04-28 15:10:23
f8:6b:d9:5e:10:c1:,UTT,-40,2026-04-28 15:10:27
f8:6b:d9:5e:10:c1:,UTT,-40,2026-04-28 15:10:31
f8:6b:d9:5e:10:c1:,UTT,-53,2026-04-28 15:10:36
f8:6b:d9:5e:10:c1:,UTT,-46,2026-04-28 15:10:39
f8:6b:d9:5e:10:c1:,UTT,-46,2026-04-28 15:10:44
f8:6b:d9:5e:10:c1:,UTT,-44,2026-04-28 15:10:51
f8:6b:d9:5e:10:c1:,UTT,-51,2026-04-28 15:10:55
f8:6b:d9:5e:10:c1:,UTT,-51,2026-04-28 15:10:58
f8:6b:d9:5e:10:c1:,UTT,-49,2026-04-28 15:11:03
f8:6b:d9:5e:10:c1:,UTT,-56,2026-04-28 15:11:07
f8:6b:d9:5e:10:c1:,UTT,-47,2026-04-28 15:11:11
f8:6b:d9:5e:10:c1:,UTT,-52,2026-04-28 15:11:16
f8:6b:d9:5e:10:c1:,UTT,-48,2026-04-28 15:11:20
f8:6b:d9:5e:10:c1:,UTT,-48,2026-04-28 15:11:24
f8:6b:d9:5e:10:c1:,UTT,-51,2026-04-28 15:11:28
f8:6b:d9:5e:10:c1:,UTT,-52,2026-04-28 15:11:31
f8:6b:d9:5e:10:c1:,UTT,-47,2026-04-28 15:11:36
f8:6b:d9:5e:10:c1:,UTT,-54,2026-04-28 15:11:39
f8:6b:d9:5e:10:c1:,UTT,-54,2026-04-28 15:11:42
f8:6b:d9:5e:10:c1:,UTT,-60,2026-04-28 15:11:47
f8:6b:d9:5e:10:c1:,UTT,-44,2026-04-28 15:11:54
f8:6b:d9:5e:10:c1:,UTT,-59,2026-04-28 15:11:57
f8:6b:d9:5e:10:c1:,UTT,-59,2026-04-28 15:12:00
f8:6b:d9:5e:10:c1:,UTT,-52,2026-04-28 15:12:05
f8:6b:d9:5e:10:c1:,UTT,-54,2026-04-28 15:12:08
f8:6b:d9:5e:10:c1:,UTT,-54,2026-04-28 15:12:12
f8:6b:d9:5e:10:c1:,UTT,-58,2026-04-28 15:12:18
f8:6b:d9:5e:10:c1:,UTT,-58,2026-04-28 15:12:21
f8:6b:d9:5e:10:c1:,UTT,-48,2026-04-28 15:12:25
f8:6b:d9:5e:10:c1:,UTT,-56,2026-04-28 15:12:29
f8:6b:d9:5e:10:c1:,UTT,-51,2026-04-28 15:12:34
f8:6b:d9:5e:10:c1:,UTT,-53,2026-04-28 15:12:40
f8:6b:d9:5e:10:c1:,UTT,-57,2026-04-28 15:12:44
f8:6b:d9:5e:10:c1:,UTT,-65,2026-04-28 15:12:50
f8:6b:d9:5e:10:c1:,UTT,-58,2026-04-28 15:12:53
f8:6b:d9:5e:10:c1:,UTT,-58,2026-04-28 15:12:57
f8:6b:d9:5e:10:c1:,UTT,-47,2026-04-28 15:13:00
f8:6b:d9:5e:10:c1:,UTT,-62,2026-04-28 15:13:04
f8:6b:d9:5e:10:c1:,UTT,-54,2026-04-28 15:13:11
f8:6b:d9:5e:10:c1:,UTT,-54,2026-04-28 15:13:14
84:b2:61:08:fc:ce:,UTT,-58,2026-04-28 15:09:14
84:b2:61:08:fc:ce:,UTT,-58,2026-04-28 15:09:17
84:b2:61:08:fc:ce:,UTT,-59,2026-04-28 15:09:21
84:b2:61:08:fc:ce:,UTT,-59,2026-04-28 15:09:26
84:b2:61:08:fc:ce:,UTT,-61,2026-04-28 15:09:29
84:b2:61:08:fc:ce:,UTT,-61,2026-04-28 15:09:35
84:b2:61:08:fc:ce:,UTT,-66,2026-04-28 15:09:38
84:b2:61:08:fc:ce:,UTT,-69,2026-04-28 15:09:41
84:b2:61:08:fc:ce:,UTT,-69,2026-04-28 15:09:45
84:b2:61:08:fc:ce:,UTT,-63,2026-04-28 15:09:48
84:b2:61:08:fc:ce:,UTT,-75,2026-04-28 15:09:52
84:b2:61:08:fc:ce:,UTT,-67,2026-04-28 15:10:03
84:b2:61:08:fc:ce:,UTT,-67,2026-04-28 15:10:07
84:b2:61:08:fc:ce:,UTT,-65,2026-04-28 15:10:11
84:b2:61:08:fc:ce:,UTT,-65,2026-04-28 15:10:15
84:b2:61:08:fc:ce:,UTT,-68,2026-04-28 15:10:19
84:b2:61:08:fc:ce:,UTT,-68,2026-04-28 15:10:23
84:b2:61:08:fc:ce:,UTT,-62,2026-04-28 15:10:27
84:b2:61:08:fc:ce:,UTT,-62,2026-04-28 15:10:31
84:b2:61:08:fc:ce:,UTT,-62,2026-04-28 15:10:36
84:b2:61:08:fc:ce:,UTT,-62,2026-04-28 15:10:39
84:b2:61:08:fc:ce:,UTT,-68,2026-04-28 15:10:44
84:b2:61:08:fc:ce:,UTT,-67,2026-04-28 15:10:51
84:b2:61:08:fc:ce:,UTT,-67,2026-04-28 15:10:55
84:b2:61:08:fc:ce:,UTT,-67,2026-04-28 15:10:58
84:b2:61:08:fc:ce:,UTT,-75,2026-04-28 15:11:03
84:b2:61:08:fc:ce:,UTT,-75,2026-04-28 15:11:07
84:b2:61:08:fc:ce:,UTT,-68,2026-04-28 15:11:11
84:b2:61:08:fc:ce:,UTT,-68,2026-04-28 15:11:16
84:b2:61:08:fc:ce:,UTT,-61,2026-04-28 15:11:20
84:b2:61:08:fc:ce:,UTT,-73,2026-04-28 15:11:24
84:b2:61:08:fc:ce:,UTT,-62,2026-04-28 15:11:28
84:b2:61:08:fc:ce:,UTT,-62,2026-04-28 15:11:31
84:b2:61:08:fc:ce:,UTT,-66,2026-04-28 15:11:36
84:b2:61:08:fc:ce:,UTT,-66,2026-04-28 15:11:39
84:b2:61:08:fc:ce:,UTT,-64,2026-04-28 15:11:42
84:b2:61:08:fc:ce:,UTT,-79,2026-04-28 15:11:47
84:b2:61:08:fc:ce:,UTT,-70,2026-04-28 15:11:54
84:b2:61:08:fc:ce:,UTT,-70,2026-04-28 15:11:57
84:b2:61:08:fc:ce:,UTT,-62,2026-04-28 15:12:00
84:b2:61:08:fc:ce:,UTT,-63,2026-04-28 15:12:05
84:b2:61:08:fc:ce:,UTT,-63,2026-04-28 15:12:08
84:b2:61:08:fc:ce:,UTT,-63,2026-04-28 15:12:12
84:b2:61:08:fc:ce:,UTT,-63,2026-04-28 15:12:18
84:b2:61:08:fc:ce:,UTT,-63,2026-04-28 15:12:21
84:b2:61:08:fc:ce:,UTT,-73,2026-04-28 15:12:25
84:b2:61:08:fc:ce:,UTT,-73,2026-04-28 15:12:29
84:b2:61:08:fc:ce:,UTT,-67,2026-04-28 15:12:34
84:b2:61:08:fc:ce:,UTT,-72,2026-04-28 15:12:40
84:b2:61:08:fc:ce:,UTT,-72,2026-04-28 15:12:44
84:b2:61:08:fc:ce:,UTT,-69,2026-04-28 15:12:50
84:b2:61:08:fc:ce:,UTT,-69,2026-04-28 15:12:53
84:b2:61:08:fc:ce:,UTT,-68,2026-04-28 15:12:57
84:b2:61:08:fc:ce:,UTT,-71,2026-04-28 15:13:00
84:b2:61:08:fc:ce:,UTT,-71,2026-04-28 15:13:04
84:b2:61:08:fc:ce:,UTT,-72,2026-04-28 15:13:11
84:b2:61:08:fc:ce:,UTT,-72,2026-04-28 15:13:14
70:61:7b:e9:ac:2e:,UTT,-81,2026-04-28 15:09:14
70:61:7b:e9:ac:2e:,UTT,-81,2026-04-28 15:09:17
70:61:7b:e9:ac:2e:,UTT,-84,2026-04-28 15:09:21
70:61:7b:e9:ac:2e:,UTT,-84,2026-04-28 15:09:26
70:61:7b:e9:ac:2e:,UTT,-87,2026-04-28 15:09:29
70:61:7b:e9:ac:2e:,UTT,-87,2026-04-28 15:09:35
70:61:7b:e9:ac:2e:,UTT,-87,2026-04-28 15:09:38
70:61:7b:e9:ac:2e:,UTT,-87,2026-04-28 15:09:41
70:61:7b:e9:ac:2e:,UTT,-87,2026-04-28 15:09:45
70:61:7b:e9:ac:2e:,UTT,-87,2026-04-28 15:09:48
70:61:7b:e9:ac:2e:,UTT,-87,2026-04-28 15:09:52
70:61:7b:e9:ac:2e:,UTT,-87,2026-04-28 15:10:03
70:61:7b:e9:ac:2e:,UTT,-87,2026-04-28 15:10:07
70:61:7b:e9:ac:2e:,UTT,-87,2026-04-28 15:10:11
70:61:7b:e9:ac:2e:,UTT,-87,2026-04-28 15:10:15
70:61:7b:e9:ac:2e:,UTT,-87,2026-04-28 15:10:19
70:61:7b:e9:ac:2e:,UTT,-87,2026-04-28 15:10:23
70:61:7b:e9:ac:2e:,UTT,-87,2026-04-28 15:10:27
70:61:7b:e9:ac:2e:,UTT,-87,2026-04-28 15:10:31
70:61:7b:e9:ac:2e:,UTT,-87,2026-04-28 15:10:36
70:61:7b:e9:ac:2e:,UTT,-87,2026-04-28 15:10:39
70:61:7b:e9:ac:2e:,UTT,-87,2026-04-28 15:10:44
70:61:7b:e9:ac:2e:,UTT,-87,2026-04-28 15:10:51
70:61:7b:e9:ac:2e:,UTT,-87,2026-04-28 15:10:55
70:61:7b:e9:ac:2e:,UTT,-87,2026-04-28 15:10:58
70:61:7b:e9:ac:2e:,UTT,-87,2026-04-28 15:11:03
70:61:7b:e9:ac:2e:,UTT,-87,2026-04-28 15:11:07
70:61:7b:e9:ac:2e:,UTT,-87,2026-04-28 15:11:11
70:61:7b:e9:ac:2e:,UTT,-87,2026-04-28 15:11:16
70:61:7b:e9:ac:2e:,UTT,-87,2026-04-28 15:11:20
70:61:7b:e9:ac:2e:,UTT,-87,2026-04-28 15:11:24
84:b2:61:1f:b5:31:,UTT,-79,2026-04-28 15:09:14
84:b2:61:1f:b5:31:,UTT,-66,2026-04-28 15:09:17
84:b2:61:1f:b5:31:,UTT,-87,2026-04-28 15:09:21
84:b2:61:1f:b5:31:,UTT,-66,2026-04-28 15:09:26
84:b2:61:1f:b5:31:,UTT,-84,2026-04-28 15:09:29
84:b2:61:1f:b5:31:,UTT,-81,2026-04-28 15:09:35
84:b2:61:1f:b5:31:,UTT,-81,2026-04-28 15:09:38
84:b2:61:1f:b5:31:,UTT,-82,2026-04-28 15:09:41
84:b2:61:1f:b5:31:,UTT,-65,2026-04-28 15:09:45
84:b2:61:1f:b5:31:,UTT,-65,2026-04-28 15:09:48
84:b2:61:1f:b5:31:,UTT,-84,2026-04-28 15:09:52
84:b2:61:1f:b5:31:,UTT,-70,2026-04-28 15:10:03
84:b2:61:1f:b5:31:,UTT,-74,2026-04-28 15:10:07
84:b2:61:1f:b5:31:,UTT,-75,2026-04-28 15:10:11
84:b2:61:1f:b5:31:,UTT,-85,2026-04-28 15:10:15
84:b2:61:1f:b5:31:,UTT,-75,2026-04-28 15:10:19
84:b2:61:1f:b5:31:,UTT,-79,2026-04-28 15:10:23
84:b2:61:1f:b5:31:,UTT,-81,2026-04-28 15:10:27
84:b2:61:1f:b5:31:,UTT,-81,2026-04-28 15:10:31
84:b2:61:1f:b5:31:,UTT,-86,2026-04-28 15:10:36
84:b2:61:1f:b5:31:,UTT,-74,2026-04-28 15:10:39
84:b2:61:1f:b5:31:,UTT,-81,2026-04-28 15:10:44
84:b2:61:1f:b5:31:,UTT,-66,2026-04-28 15:10:51
84:b2:61:1f:b5:31:,UTT,-82,2026-04-28 15:10:55
84:b2:61:1f:b5:31:,UTT,-82,2026-04-28 15:10:58
84:b2:61:1f:b5:31:,UTT,-80,2026-04-28 15:11:03
84:b2:61:1f:b5:31:,UTT,-78,2026-04-28 15:11:07
84:b2:61:1f:b5:31:,UTT,-76,2026-04-28 15:11:11
84:b2:61:1f:b5:31:,UTT,-74,2026-04-28 15:11:16
84:b2:61:1f:b5:31:,UTT,-73,2026-04-28 15:11:20
84:b2:61:1f:b5:31:,UTT,-73,2026-04-28 15:11:24
84:b2:61:1f:b5:31:,UTT,-75,2026-04-28 15:11:28
84:b2:61:1f:b5:31:,UTT,-80,2026-04-28 15:11:31
84:b2:61:1f:b5:31:,UTT,-78,2026-04-28 15:11:36
84:b2:61:1f:b5:31:,UTT,-78,2026-04-28 15:11:39
84:b2:61:1f:b5:31:,UTT,-78,2026-04-28 15:11:42
84:b2:61:1f:b5:31:,UTT,-88,2026-04-28 15:11:47
84:b2:61:1f:b5:31:,UTT,-62,2026-04-28 15:11:54
84:b2:61:1f:b5:31:,UTT,-84,2026-04-28 15:11:57
84:b2:61:1f:b5:31:,UTT,-84,2026-04-28 15:12:00
84:b2:61:1f:b5:31:,UTT,-75,2026-04-28 15:12:05
84:b2:61:1f:b5:31:,UTT,-75,2026-04-28 15:12:08
84:b2:61:1f:b5:31:,UTT,-75,2026-04-28 15:12:12
84:b2:61:1f:b5:31:,UTT,-79,2026-04-28 15:12:18
84:b2:61:1f:b5:31:,UTT,-79,2026-04-28 15:12:21
84:b2:61:1f:b5:31:,UTT,-78,2026-04-28 15:12:25
84:b2:61:1f:b5:31:,UTT,-76,2026-04-28 15:12:29
84:b2:61:1f:b5:31:,UTT,-82,2026-04-28 15:12:34
84:b2:61:1f:b5:31:,UTT,-73,2026-04-28 15:12:40
84:b2:61:1f:b5:31:,UTT,-86,2026-04-28 15:12:44
84:b2:61:1f:b5:31:,UTT,-76,2026-04-28 15:12:50
84:b2:61:1f:b5:31:,UTT,-76,2026-04-28 15:12:53
84:b2:61:1f:b5:31:,UTT,-76,2026-04-28 15:12:57
84:b2:61:1f:b5:31:,UTT,-77,2026-04-28 15:13:00
84:b2:61:1f:b5:31:,UTT,-77,2026-04-28 15:13:04
84:b2:61:1f:b5:31:,UTT,-79,2026-04-28 15:13:11
84:b2:61:1f:b5:31:,UTT,-79,2026-04-28 15:13:14
f8:6b:d9:5e:10:ce:,UTT,-41,2026-04-28 15:09:14
f8:6b:d9:5e:10:ce:,UTT,-45,2026-04-28 15:09:17
f8:6b:d9:5e:10:ce:,UTT,-45,2026-04-28 15:09:21
f8:6b:d9:5e:10:ce:,UTT,-45,2026-04-28 15:09:26
f8:6b:d9:5e:10:ce:,UTT,-42,2026-04-28 15:09:29
f8:6b:d9:5e:10:ce:,UTT,-41,2026-04-28 15:09:35
f8:6b:d9:5e:10:ce:,UTT,-41,2026-04-28 15:09:38
f8:6b:d9:5e:10:ce:,UTT,-44,2026-04-28 15:09:41
f8:6b:d9:5e:10:ce:,UTT,-45,2026-04-28 15:09:45
f8:6b:d9:5e:10:ce:,UTT,-45,2026-04-28 15:09:48
f8:6b:d9:5e:10:ce:,UTT,-43,2026-04-28 15:09:52
f8:6b:d9:5e:10:ce:,UTT,-40,2026-04-28 15:10:03
f8:6b:d9:5e:10:ce:,UTT,-46,2026-04-28 15:10:07
f8:6b:d9:5e:10:ce:,UTT,-42,2026-04-28 15:10:11
f8:6b:d9:5e:10:ce:,UTT,-51,2026-04-28 15:10:15
f8:6b:d9:5e:10:ce:,UTT,-39,2026-04-28 15:10:19
f8:6b:d9:5e:10:ce:,UTT,-43,2026-04-28 15:10:23
f8:6b:d9:5e:10:ce:,UTT,-45,2026-04-28 15:10:27
f8:6b:d9:5e:10:ce:,UTT,-45,2026-04-28 15:10:31
f8:6b:d9:5e:10:ce:,UTT,-50,2026-04-28 15:10:36
f8:6b:d9:5e:10:ce:,UTT,-47,2026-04-28 15:10:39
f8:6b:d9:5e:10:ce:,UTT,-50,2026-04-28 15:10:44
f8:6b:d9:5e:10:ce:,UTT,-51,2026-04-28 15:10:51
f8:6b:d9:5e:10:ce:,UTT,-45,2026-04-28 15:10:55
f8:6b:d9:5e:10:ce:,UTT,-45,2026-04-28 15:10:58
f8:6b:d9:5e:10:ce:,UTT,-53,2026-04-28 15:11:03
f8:6b:d9:5e:10:ce:,UTT,-46,2026-04-28 15:11:07
f8:6b:d9:5e:10:ce:,UTT,-47,2026-04-28 15:11:11
f8:6b:d9:5e:10:ce:,UTT,-43,2026-04-28 15:11:16
f8:6b:d9:5e:10:ce:,UTT,-47,2026-04-28 15:11:20
f8:6b:d9:5e:10:ce:,UTT,-47,2026-04-28 15:11:24
f8:6b:d9:5e:10:ce:,UTT,-46,2026-04-28 15:11:28
f8:6b:d9:5e:10:ce:,UTT,-53,2026-04-28 15:11:31
f8:6b:d9:5e:10:ce:,UTT,-46,2026-04-28 15:11:36
f8:6b:d9:5e:10:ce:,UTT,-47,2026-04-28 15:11:39
f8:6b:d9:5e:10:ce:,UTT,-47,2026-04-28 15:11:42
f8:6b:d9:5e:10:ce:,UTT,-63,2026-04-28 15:11:47
f8:6b:d9:5e:10:ce:,UTT,-55,2026-04-28 15:11:54
f8:6b:d9:5e:10:ce:,UTT,-52,2026-04-28 15:11:57
f8:6b:d9:5e:10:ce:,UTT,-52,2026-04-28 15:12:00
f8:6b:d9:5e:10:ce:,UTT,-51,2026-04-28 15:12:05
f8:6b:d9:5e:10:ce:,UTT,-50,2026-04-28 15:12:08
f8:6b:d9:5e:10:ce:,UTT,-50,2026-04-28 15:12:12
f8:6b:d9:5e:10:ce:,UTT,-48,2026-04-28 15:12:18
f8:6b:d9:5e:10:ce:,UTT,-48,2026-04-28 15:12:21
f8:6b:d9:5e:10:ce:,UTT,-46,2026-04-28 15:12:25
f8:6b:d9:5e:10:ce:,UTT,-56,2026-04-28 15:12:29
f8:6b:d9:5e:10:ce:,UTT,-42,2026-04-28 15:12:34
f8:6b:d9:5e:10:ce:,UTT,-50,2026-04-28 15:12:40
f8:6b:d9:5e:10:ce:,UTT,-50,2026-04-28 15:12:44
f8:6b:d9:5e:10:ce:,UTT,-57,2026-04-28 15:12:50
f8:6b:d9:5e:10:ce:,UTT,-46,2026-04-28 15:12:53
f8:6b:d9:5e:10:ce:,UTT,-46,2026-04-28 15:12:57
f8:6b:d9:5e:10:ce:,UTT,-56,2026-04-28 15:13:00
f8:6b:d9:5e:10:ce:,UTT,-54,2026-04-28 15:13:04
f8:6b:d9:5e:10:ce:,UTT,-57,2026-04-28 15:13:11
f8:6b:d9:5e:10:ce:,UTT,-57,2026-04-28 15:13:14
84:b2:61:1f:b5:3e:,UTT,-82,2026-04-28 15:09:14
84:b2:61:1f:b5:3e:,UTT,-82,2026-04-28 15:09:17
84:b2:61:1f:b5:3e:,UTT,-82,2026-04-28 15:09:21
84:b2:61:1f:b5:3e:,UTT,-82,2026-04-28 15:09:26
84:b2:61:1f:b5:3e:,UTT,-79,2026-04-28 15:09:29
84:b2:61:1f:b5:3e:,UTT,-79,2026-04-28 15:09:35
84:b2:61:1f:b5:3e:,UTT,-79,2026-04-28 15:09:38
84:b2:61:1f:b5:3e:,UTT,-79,2026-04-28 15:09:41
84:b2:61:1f:b5:3e:,UTT,-79,2026-04-28 15:09:45
84:b2:61:1f:b5:3e:,UTT,-79,2026-04-28 15:09:48
84:b2:61:1f:b5:3e:,UTT,-79,2026-04-28 15:09:52
84:b2:61:1f:b5:3e:,UTT,-79,2026-04-28 15:10:03
84:b2:61:1f:b5:3e:,UTT,-79,2026-04-28 15:10:07
84:b2:61:1f:b5:3e:,UTT,-79,2026-04-28 15:10:11
84:b2:61:1f:b5:3e:,UTT,-79,2026-04-28 15:10:15
84:b2:61:1f:b5:3e:,UTT,-79,2026-04-28 15:10:19
84:b2:61:1f:b5:3e:,UTT,-79,2026-04-28 15:10:23
84:b2:61:1f:b5:3e:,UTT,-82,2026-04-28 15:10:27
84:b2:61:1f:b5:3e:,UTT,-82,2026-04-28 15:10:31
84:b2:61:1f:b5:3e:,UTT,-82,2026-04-28 15:10:36
84:b2:61:1f:b5:3e:,UTT,-82,2026-04-28 15:10:39
84:b2:61:1f:b5:3e:,UTT,-82,2026-04-28 15:10:44
84:b2:61:1f:b5:3e:,UTT,-82,2026-04-28 15:10:51
84:b2:61:1f:b5:3e:,UTT,-82,2026-04-28 15:10:55
84:b2:61:1f:b5:3e:,UTT,-82,2026-04-28 15:10:58
84:b2:61:1f:b5:3e:,UTT,-82,2026-04-28 15:11:03
84:b2:61:1f:b5:3e:,UTT,-82,2026-04-28 15:11:07
84:b2:61:1f:b5:3e:,UTT,-82,2026-04-28 15:11:11
84:b2:61:1f:b5:3e:,UTT,-82,2026-04-28 15:11:16
84:b2:61:1f:b5:3e:,UTT,-82,2026-04-28 15:11:20
84:b2:61:1f:b5:3e:,UTT,-82,2026-04-28 15:11:24
84:b2:61:1f:b5:3e:,UTT,-83,2026-04-28 15:11:28
84:b2:61:1f:b5:3e:,UTT,-83,2026-04-28 15:11:31
84:b2:61:1f:b5:3e:,UTT,-83,2026-04-28 15:11:36
84:b2:61:1f:b5:3e:,UTT,-83,2026-04-28 15:11:39
84:b2:61:1f:b5:3e:,UTT,-83,2026-04-28 15:11:42
84:b2:61:1f:b5:3e:,UTT,-83,2026-04-28 15:11:47
84:b2:61:1f:b5:3e:,UTT,-83,2026-04-28 15:11:54
84:b2:61:1f:b5:3e:,UTT,-83,2026-04-28 15:11:57
84:b2:61:1f:b5:3e:,UTT,-80,2026-04-28 15:12:00
84:b2:61:1f:b5:3e:,UTT,-80,2026-04-28 15:12:05
84:b2:61:1f:b5:3e:,UTT,-80,2026-04-28 15:12:08
84:b2:61:1f:b5:3e:,UTT,-80,2026-04-28 15:12:12
84:b2:61:1f:b5:3e:,UTT,-80,2026-04-28 15:12:18
84:b2:61:1f:b5:3e:,UTT,-80,2026-04-28 15:12:21
84:b2:61:1f:b5:3e:,UTT,-80,2026-04-28 15:12:25
84:b2:61:1f:b5:3e:,UTT,-80,2026-04-28 15:12:29
84:b2:61:1f:b5:3e:,UTT,-80,2026-04-28 15:12:34
84:b2:61:1f:b5:3e:,UTT,-80,2026-04-28 15:12:40
84:b2:61:1f:b5:3e:,UTT,-80,2026-04-28 15:12:44
84:b2:61:1f:b5:3e:,UTT,-80,2026-04-28 15:12:50
84:b2:61:1f:b5:3e:,UTT,-80,2026-04-28 15:12:53
84:b2:61:1f:b5:3e:,UTT,-80,2026-04-28 15:12:57
84:b2:61:1f:b5:3e:,UTT,-80,2026-04-28 15:13:00
84:b2:61:1f:b5:3e:,UTT,-80,2026-04-28 15:13:04
84:b2:61:1f:b5:3e:,UTT,-80,2026-04-28 15:13:11
84:b2:61:1f:b5:3e:,UTT,-80,2026-04-28 15:13:14
70:61:7b:e9:ac:27:,UTTpersonnels,-81,2026-04-28 15:09:14
70:61:7b:e9:ac:27:,UTTpersonnels,-82,2026-04-28 15:09:17
70:61:7b:e9:ac:27:,UTTpersonnels,-81,2026-04-28 15:09:17
70:61:7b:e9:ac:27:,UTTpersonnels,-82,2026-04-28 15:09:17
70:61:7b:e9:ac:27:,UTTpersonnels,-82,2026-04-28 15:09:21
70:61:7b:e9:ac:27:,UTTpersonnels,-84,2026-04-28 15:09:21
70:61:7b:e9:ac:27:,UTTpersonnels,-82,2026-04-28 15:09:21
70:61:7b:e9:ac:27:,UTTpersonnels,-81,2026-04-28 15:09:26
70:61:7b:e9:ac:27:,UTTpersonnels,-84,2026-04-28 15:09:26
70:61:7b:e9:ac:27:,UTTpersonnels,-81,2026-04-28 15:09:26
70:61:7b:e9:ac:27:,UTTpersonnels,-81,2026-04-28 15:09:29
70:61:7b:e9:ac:27:,UTTpersonnels,-87,2026-04-28 15:09:29
70:61:7b:e9:ac:27:,UTTpersonnels,-81,2026-04-28 15:09:29
70:61:7b:e9:ac:27:,UTTpersonnels,-89,2026-04-28 15:09:35
70:61:7b:e9:ac:27:,UTTpersonnels,-87,2026-04-28 15:09:35
70:61:7b:e9:ac:27:,UTTpersonnels,-89,2026-04-28 15:09:35
70:61:7b:e9:ac:27:,UTTpersonnels,-89,2026-04-28 15:09:38
70:61:7b:e9:ac:27:,UTTpersonnels,-87,2026-04-28 15:09:38
70:61:7b:e9:ac:27:,UTTpersonnels,-89,2026-04-28 15:09:38
70:61:7b:e9:ac:27:,UTTpersonnels,-89,2026-04-28 15:09:41
70:61:7b:e9:ac:27:,UTTpersonnels,-87,2026-04-28 15:09:41
70:61:7b:e9:ac:27:,UTTpersonnels,-89,2026-04-28 15:09:41
70:61:7b:e9:ac:27:,UTTpersonnels,-85,2026-04-28 15:09:45
70:61:7b:e9:ac:27:,UTTpersonnels,-87,2026-04-28 15:09:45
70:61:7b:e9:ac:27:,UTTpersonnels,-85,2026-04-28 15:09:45
70:61:7b:e9:ac:27:,UTTpersonnels,-85,2026-04-28 15:09:48
70:61:7b:e9:ac:27:,UTTpersonnels,-87,2026-04-28 15:09:48
70:61:7b:e9:ac:27:,UTTpersonnels,-85,2026-04-28 15:09:48
70:61:7b:e9:ac:27:,UTTpersonnels,-85,2026-04-28 15:09:52
70:61:7b:e9:ac:27:,UTTpersonnels,-87,2026-04-28 15:09:52
70:61:7b:e9:ac:27:,UTTpersonnels,-85,2026-04-28 15:09:52
70:61:7b:e9:ac:27:,UTTpersonnels,-79,2026-04-28 15:10:03
70:61:7b:e9:ac:27:,UTTpersonnels,-87,2026-04-28 15:10:03
70:61:7b:e9:ac:27:,UTTpersonnels,-79,2026-04-28 15:10:03
70:61:7b:e9:ac:27:,UTTpersonnels,-79,2026-04-28 15:10:07
70:61:7b:e9:ac:27:,UTTpersonnels,-87,2026-04-28 15:10:07
70:61:7b:e9:ac:27:,UTTpersonnels,-79,2026-04-28 15:10:07
70:61:7b:e9:ac:27:,UTTpersonnels,-88,2026-04-28 15:10:11
70:61:7b:e9:ac:27:,UTTpersonnels,-87,2026-04-28 15:10:11
70:61:7b:e9:ac:27:,UTTpersonnels,-88,2026-04-28 15:10:11
70:61:7b:e9:ac:27:,UTTpersonnels,-88,2026-04-28 15:10:15
70:61:7b:e9:ac:27:,UTTpersonnels,-87,2026-04-28 15:10:15
70:61:7b:e9:ac:27:,UTTpersonnels,-88,2026-04-28 15:10:15
70:61:7b:e9:ac:27:,UTTpersonnels,-88,2026-04-28 15:10:19
70:61:7b:e9:ac:27:,UTTpersonnels,-87,2026-04-28 15:10:19
70:61:7b:e9:ac:27:,UTTpersonnels,-88,2026-04-28 15:10:19
70:61:7b:e9:ac:27:,UTTpersonnels,-88,2026-04-28 15:10:23
70:61:7b:e9:ac:27:,UTTpersonnels,-87,2026-04-28 15:10:23
70:61:7b:e9:ac:27:,UTTpersonnels,-88,2026-04-28 15:10:23
70:61:7b:e9:ac:27:,UTTpersonnels,-88,2026-04-28 15:10:27
70:61:7b:e9:ac:27:,UTTpersonnels,-87,2026-04-28 15:10:27
70:61:7b:e9:ac:27:,UTTpersonnels,-88,2026-04-28 15:10:27
70:61:7b:e9:ac:27:,UTTpersonnels,-88,2026-04-28 15:10:31
70:61:7b:e9:ac:27:,UTTpersonnels,-87,2026-04-28 15:10:31
70:61:7b:e9:ac:27:,UTTpersonnels,-88,2026-04-28 15:10:31
70:61:7b:e9:ac:27:,UTTpersonnels,-88,2026-04-28 15:10:36
70:61:7b:e9:ac:27:,UTTpersonnels,-87,2026-04-28 15:10:36
70:61:7b:e9:ac:27:,UTTpersonnels,-88,2026-04-28 15:10:36
70:61:7b:e9:ac:27:,UTTpersonnels,-88,2026-04-28 15:10:39
70:61:7b:e9:ac:27:,UTTpersonnels,-87,2026-04-28 15:10:39
70:61:7b:e9:ac:27:,UTTpersonnels,-88,2026-04-28 15:10:39
70:61:7b:e9:ac:27:,UTTpersonnels,-88,2026-04-28 15:10:44
70:61:7b:e9:ac:27:,UTTpersonnels,-87,2026-04-28 15:10:44
70:61:7b:e9:ac:27:,UTTpersonnels,-88,2026-04-28 15:10:44
70:61:7b:e9:ac:27:,UTTpersonnels,-88,2026-04-28 15:10:51
70:61:7b:e9:ac:27:,UTTpersonnels,-87,2026-04-28 15:10:51
70:61:7b:e9:ac:27:,UTTpersonnels,-88,2026-04-28 15:10:51
70:61:7b:e9:ac:27:,UTTpersonnels,-88,2026-04-28 15:10:55
70:61:7b:e9:ac:27:,UTTpersonnels,-87,2026-04-28 15:10:55
70:61:7b:e9:ac:27:,UTTpersonnels,-88,2026-04-28 15:10:55
70:61:7b:e9:ac:27:,UTTpersonnels,-88,2026-04-28 15:10:58
70:61:7b:e9:ac:27:,UTTpersonnels,-87,2026-04-28 15:10:58
70:61:7b:e9:ac:27:,UTTpersonnels,-88,2026-04-28 15:10:58
70:61:7b:e9:ac:27:,UTTpersonnels,-88,2026-04-28 15:11:03
70:61:7b:e9:ac:27:,UTTpersonnels,-87,2026-04-28 15:11:03
70:61:7b:e9:ac:27:,UTTpersonnels,-88,2026-04-28 15:11:03
70:61:7b:e9:ac:27:,UTTpersonnels,-88,2026-04-28 15:11:07
70:61:7b:e9:ac:27:,UTTpersonnels,-87,2026-04-28 15:11:07
70:61:7b:e9:ac:27:,UTTpersonnels,-88,2026-04-28 15:11:07
70:61:7b:e9:ac:27:,UTTpersonnels,-88,2026-04-28 15:11:11
70:61:7b:e9:ac:27:,UTTpersonnels,-87,2026-04-28 15:11:11
70:61:7b:e9:ac:27:,UTTpersonnels,-88,2026-04-28 15:11:11
70:61:7b:e9:ac:27:,UTTpersonnels,-88,2026-04-28 15:11:16
70:61:7b:e9:ac:27:,UTTpersonnels,-87,2026-04-28 15:11:16
70:61:7b:e9:ac:27:,UTTpersonnels,-88,2026-04-28 15:11:16
70:61:7b:e9:ac:27:,UTTpersonnels,-88,2026-04-28 15:11:20
70:61:7b:e9:ac:27:,UTTpersonnels,-87,2026-04-28 15:11:20
70:61:7b:e9:ac:27:,UTTpersonnels,-88,2026-04-28 15:11:20
70:61:7b:e9:ac:27:,UTTpersonnels,-88,2026-04-28 15:11:24
70:61:7b:e9:ac:27:,UTTpersonnels,-87,2026-04-28 15:11:24
70:61:7b:e9:ac:27:,UTTpersonnels,-88,2026-04-28 15:11:24
70:61:7b:e9:ac:27:,UTTpersonnels,-88,2026-04-28 15:11:28
70:61:7b:e9:ac:27:,UTTpersonnels,-88,2026-04-28 15:11:28
70:61:7b:e9:ac:27:,UTTpersonnels,-88,2026-04-28 15:11:31
70:61:7b:e9:ac:27:,UTTpersonnels,-88,2026-04-28 15:11:31
70:61:7b:e9:ac:27:,UTTpersonnels,-88,2026-04-28 15:11:36
70:61:7b:e9:ac:27:,UTTpersonnels,-88,2026-04-28 15:11:36
70:61:7b:e9:ac:27:,UTTpersonnels,-88,2026-04-28 15:11:39
70:61:7b:e9:ac:27:,UTTpersonnels,-88,2026-04-28 15:11:39
70:61:7b:e9:ac:27:,UTTpersonnels,-88,2026-04-28 15:11:42
70:61:7b:e9:ac:27:,UTTpersonnels,-88,2026-04-28 15:11:42
70:61:7b:e9:ac:27:,UTTpersonnels,-88,2026-04-28 15:11:47
70:61:7b:e9:ac:27:,UTTpersonnels,-88,2026-04-28 15:11:47
70:61:7b:e9:ac:27:,UTTpersonnels,-88,2026-04-28 15:11:54
70:61:7b:e9:ac:27:,UTTpersonnels,-88,2026-04-28 15:11:54
70:61:7b:e9:ac:27:,UTTpersonnels,-88,2026-04-28 15:11:57
70:61:7b:e9:ac:27:,UTTpersonnels,-88,2026-04-28 15:11:57
70:61:7b:e9:ac:27:,UTTpersonnels,-88,2026-04-28 15:12:00
70:61:7b:e9:ac:27:,UTTpersonnels,-88,2026-04-28 15:12:00
70:61:7b:e9:ac:27:,UTTpersonnels,-88,2026-04-28 15:12:05
70:61:7b:e9:ac:27:,UTTpersonnels,-88,2026-04-28 15:12:05
70:61:7b:e9:ac:27:,UTTpersonnels,-88,2026-04-28 15:12:08
70:61:7b:e9:ac:27:,UTTpersonnels,-88,2026-04-28 15:12:08
84:b2:61:08:fc:ca:,Hidden,-65,2026-04-28 15:09:14
84:b2:61:08:fc:ca:,Hidden,-65,2026-04-28 15:09:17
84:b2:61:08:fc:ca:,Hidden,-71,2026-04-28 15:09:21
84:b2:61:08:fc:ca:,Hidden,-71,2026-04-28 15:09:26
84:b2:61:08:fc:ca:,Hidden,-71,2026-04-28 15:09:29
84:b2:61:08:fc:ca:,Hidden,-71,2026-04-28 15:09:35
84:b2:61:08:fc:ca:,Hidden,-71,2026-04-28 15:09:38
84:b2:61:08:fc:ca:,Hidden,-81,2026-04-28 15:09:41
84:b2:61:08:fc:ca:,Hidden,-81,2026-04-28 15:09:45
84:b2:61:08:fc:ca:,Hidden,-81,2026-04-28 15:09:48
84:b2:61:08:fc:ca:,Hidden,-85,2026-04-28 15:09:52
84:b2:61:08:fc:ca:,Hidden,-70,2026-04-28 15:10:03
84:b2:61:08:fc:ca:,Hidden,-82,2026-04-28 15:10:07
84:b2:61:08:fc:ca:,Hidden,-82,2026-04-28 15:10:11
84:b2:61:08:fc:ca:,Hidden,-82,2026-04-28 15:10:15
84:b2:61:08:fc:ca:,Hidden,-69,2026-04-28 15:10:19
84:b2:61:08:fc:ca:,Hidden,-77,2026-04-28 15:10:23
84:b2:61:08:fc:ca:,Hidden,-77,2026-04-28 15:10:27
84:b2:61:08:fc:ca:,Hidden,-77,2026-04-28 15:10:31
84:b2:61:08:fc:ca:,Hidden,-77,2026-04-28 15:10:36
84:b2:61:08:fc:ca:,Hidden,-77,2026-04-28 15:10:39
84:b2:61:08:fc:ca:,Hidden,-77,2026-04-28 15:10:44
84:b2:61:08:fc:ca:,Hidden,-77,2026-04-28 15:10:51
84:b2:61:08:fc:ca:,Hidden,-77,2026-04-28 15:10:55
84:b2:61:08:fc:ca:,Hidden,-77,2026-04-28 15:10:58
84:b2:61:08:fc:ca:,Hidden,-77,2026-04-28 15:11:03
84:b2:61:08:fc:ca:,Hidden,-77,2026-04-28 15:11:07
84:b2:61:08:fc:ca:,Hidden,-76,2026-04-28 15:11:11
84:b2:61:08:fc:ca:,Hidden,-79,2026-04-28 15:11:16
84:b2:61:08:fc:ca:,Hidden,-74,2026-04-28 15:11:20
84:b2:61:08:fc:ca:,Hidden,-74,2026-04-28 15:11:24
84:b2:61:08:fc:ca:,Hidden,-74,2026-04-28 15:11:28
84:b2:61:08:fc:ca:,Hidden,-70,2026-04-28 15:11:31
84:b2:61:08:fc:ca:,Hidden,-70,2026-04-28 15:11:36
84:b2:61:08:fc:ca:,Hidden,-70,2026-04-28 15:11:39
84:b2:61:08:fc:ca:,Hidden,-70,2026-04-28 15:11:42
84:b2:61:08:fc:ca:,Hidden,-70,2026-04-28 15:11:47
84:b2:61:08:fc:ca:,Hidden,-70,2026-04-28 15:11:54
84:b2:61:08:fc:ca:,Hidden,-70,2026-04-28 15:11:57
84:b2:61:08:fc:ca:,Hidden,-70,2026-04-28 15:12:00
84:b2:61:08:fc:ca:,Hidden,-70,2026-04-28 15:12:05
84:b2:61:08:fc:ca:,Hidden,-70,2026-04-28 15:12:08
84:b2:61:08:fc:ca:,Hidden,-70,2026-04-28 15:12:12
84:b2:61:08:fc:ca:,Hidden,-70,2026-04-28 15:12:18
84:b2:61:08:fc:ca:,Hidden,-70,2026-04-28 15:12:21
84:b2:61:08:fc:ca:,Hidden,-70,2026-04-28 15:12:25
84:b2:61:08:fc:ca:,Hidden,-70,2026-04-28 15:12:29
84:b2:61:08:fc:ca:,Hidden,-83,2026-04-28 15:12:34
84:b2:61:08:fc:ca:,Hidden,-83,2026-04-28 15:12:40
84:b2:61:08:fc:ca:,Hidden,-83,2026-04-28 15:12:44
84:b2:61:08:fc:ca:,Hidden,-73,2026-04-28 15:12:50
84:b2:61:08:fc:ca:,Hidden,-73,2026-04-28 15:12:53
84:b2:61:08:fc:ca:,Hidden,-73,2026-04-28 15:12:57
84:b2:61:08:fc:ca:,Hidden,-69,2026-04-28 15:13:00
84:b2:61:08:fc:ca:,Hidden,-85,2026-04-28 15:13:04
84:b2:61:08:fc:ca:,Hidden,-85,2026-04-28 15:13:11
84:b2:61:08:fc:ca:,Hidden,-85,2026-04-28 15:13:14
f8:6b:d9:5e:10:c5:,Hidden,-48,2026-04-28 15:09:14
f8:6b:d9:5e:10:c5:,Hidden,-48,2026-04-28 15:09:17
f8:6b:d9:5e:10:c5:,Hidden,-48,2026-04-28 15:09:21
f8:6b:d9:5e:10:c5:,Hidden,-45,2026-04-28 15:09:26
f8:6b:d9:5e:10:c5:,Hidden,-42,2026-04-28 15:09:29
f8:6b:d9:5e:10:c5:,Hidden,-41,2026-04-28 15:09:35
f8:6b:d9:5e:10:c5:,Hidden,-41,2026-04-28 15:09:38
f8:6b:d9:5e:10:c5:,Hidden,-41,2026-04-28 15:09:41
f8:6b:d9:5e:10:c5:,Hidden,-44,2026-04-28 15:09:45
f8:6b:d9:5e:10:c5:,Hidden,-44,2026-04-28 15:09:48
f8:6b:d9:5e:10:c5:,Hidden,-43,2026-04-28 15:09:52
f8:6b:d9:5e:10:c5:,Hidden,-39,2026-04-28 15:10:03
f8:6b:d9:5e:10:c5:,Hidden,-45,2026-04-28 15:10:07
f8:6b:d9:5e:10:c5:,Hidden,-45,2026-04-28 15:10:11
f8:6b:d9:5e:10:c5:,Hidden,-45,2026-04-28 15:10:15
f8:6b:d9:5e:10:c5:,Hidden,-45,2026-04-28 15:10:19
f8:6b:d9:5e:10:c5:,Hidden,-42,2026-04-28 15:10:23
f8:6b:d9:5e:10:c5:,Hidden,-44,2026-04-28 15:10:27
f8:6b:d9:5e:10:c5:,Hidden,-44,2026-04-28 15:10:31
f8:6b:d9:5e:10:c5:,Hidden,-49,2026-04-28 15:10:36
f8:6b:d9:5e:10:c5:,Hidden,-47,2026-04-28 15:10:39
f8:6b:d9:5e:10:c5:,Hidden,-50,2026-04-28 15:10:44
f8:6b:d9:5e:10:c5:,Hidden,-50,2026-04-28 15:10:51
f8:6b:d9:5e:10:c5:,Hidden,-50,2026-04-28 15:10:55
f8:6b:d9:5e:10:c5:,Hidden,-50,2026-04-28 15:10:58
f8:6b:d9:5e:10:c5:,Hidden,-52,2026-04-28 15:11:03
f8:6b:d9:5e:10:c5:,Hidden,-47,2026-04-28 15:11:07
f8:6b:d9:5e:10:c5:,Hidden,-47,2026-04-28 15:11:11
f8:6b:d9:5e:10:c5:,Hidden,-47,2026-04-28 15:11:16
f8:6b:d9:5e:10:c5:,Hidden,-47,2026-04-28 15:11:20
f8:6b:d9:5e:10:c5:,Hidden,-47,2026-04-28 15:11:24
f8:6b:d9:5e:10:c5:,Hidden,-46,2026-04-28 15:11:28
f8:6b:d9:5e:10:c5:,Hidden,-46,2026-04-28 15:11:31
f8:6b:d9:5e:10:c5:,Hidden,-46,2026-04-28 15:11:36
f8:6b:d9:5e:10:c5:,Hidden,-47,2026-04-28 15:11:39
f8:6b:d9:5e:10:c5:,Hidden,-47,2026-04-28 15:11:42
f8:6b:d9:5e:10:c5:,Hidden,-62,2026-04-28 15:11:47
f8:6b:d9:5e:10:c5:,Hidden,-62,2026-04-28 15:11:54
f8:6b:d9:5e:10:c5:,Hidden,-62,2026-04-28 15:11:57
f8:6b:d9:5e:10:c5:,Hidden,-62,2026-04-28 15:12:00
f8:6b:d9:5e:10:c5:,Hidden,-50,2026-04-28 15:12:05
f8:6b:d9:5e:10:c5:,Hidden,-50,2026-04-28 15:12:08
f8:6b:d9:5e:10:c5:,Hidden,-50,2026-04-28 15:12:12
f8:6b:d9:5e:10:c5:,Hidden,-48,2026-04-28 15:12:18
f8:6b:d9:5e:10:c5:,Hidden,-48,2026-04-28 15:12:21
f8:6b:d9:5e:10:c5:,Hidden,-46,2026-04-28 15:12:25
f8:6b:d9:5e:10:c5:,Hidden,-56,2026-04-28 15:12:29
f8:6b:d9:5e:10:c5:,Hidden,-56,2026-04-28 15:12:34
f8:6b:d9:5e:10:c5:,Hidden,-56,2026-04-28 15:12:40
f8:6b:d9:5e:10:c5:,Hidden,-56,2026-04-28 15:12:44
f8:6b:d9:5e:10:c5:,Hidden,-57,2026-04-28 15:12:50
f8:6b:d9:5e:10:c5:,Hidden,-57,2026-04-28 15:12:53
f8:6b:d9:5e:10:c5:,Hidden,-57,2026-04-28 15:12:57
f8:6b:d9:5e:10:c5:,Hidden,-56,2026-04-28 15:13:00
f8:6b:d9:5e:10:c5:,Hidden,-56,2026-04-28 15:13:04
f8:6b:d9:5e:10:c5:,Hidden,-56,2026-04-28 15:13:11
f8:6b:d9:5e:10:c5:,Hidden,-56,2026-04-28 15:13:14
70:61:7b:e9:ac:2a:,Hidden,-87,2026-04-28 15:09:14
70:61:7b:e9:ac:2a:,Hidden,-82,2026-04-28 15:09:17
70:61:7b:e9:ac:2a:,Hidden,-82,2026-04-28 15:09:21
70:61:7b:e9:ac:2a:,Hidden,-80,2026-04-28 15:09:26
70:61:7b:e9:ac:2a:,Hidden,-80,2026-04-28 15:09:29
70:61:7b:e9:ac:2a:,Hidden,-80,2026-04-28 15:09:35
70:61:7b:e9:ac:2a:,Hidden,-80,2026-04-28 15:09:38
70:61:7b:e9:ac:2a:,Hidden,-80,2026-04-28 15:09:41
70:61:7b:e9:ac:2a:,Hidden,-80,2026-04-28 15:09:45
70:61:7b:e9:ac:2a:,Hidden,-80,2026-04-28 15:09:48
70:61:7b:e9:ac:2a:,Hidden,-80,2026-04-28 15:09:52
70:61:7b:e9:ac:2a:,Hidden,-79,2026-04-28 15:10:03
70:61:7b:e9:ac:2a:,Hidden,-79,2026-04-28 15:10:07
70:61:7b:e9:ac:2a:,Hidden,-87,2026-04-28 15:10:11
70:61:7b:e9:ac:2a:,Hidden,-87,2026-04-28 15:10:15
70:61:7b:e9:ac:2a:,Hidden,-87,2026-04-28 15:10:19
70:61:7b:e9:ac:2a:,Hidden,-87,2026-04-28 15:10:23
70:61:7b:e9:ac:2a:,Hidden,-87,2026-04-28 15:10:27
70:61:7b:e9:ac:2a:,Hidden,-87,2026-04-28 15:10:31
70:61:7b:e9:ac:2a:,Hidden,-87,2026-04-28 15:10:36
70:61:7b:e9:ac:2a:,Hidden,-87,2026-04-28 15:10:39
70:61:7b:e9:ac:2a:,Hidden,-87,2026-04-28 15:10:44
70:61:7b:e9:ac:2a:,Hidden,-87,2026-04-28 15:10:51
70:61:7b:e9:ac:2a:,Hidden,-87,2026-04-28 15:10:55
70:61:7b:e9:ac:2a:,Hidden,-87,2026-04-28 15:10:58
70:61:7b:e9:ac:2a:,Hidden,-87,2026-04-28 15:11:03
70:61:7b:e9:ac:2a:,Hidden,-87,2026-04-28 15:11:07
70:61:7b:e9:ac:2a:,Hidden,-87,2026-04-28 15:11:11
70:61:7b:e9:ac:2a:,Hidden,-87,2026-04-28 15:11:16
70:61:7b:e9:ac:2a:,Hidden,-87,2026-04-28 15:11:20
70:61:7b:e9:ac:2a:,Hidden,-87,2026-04-28 15:11:24
70:61:7b:e9:ac:2a:,Hidden,-87,2026-04-28 15:11:28
70:61:7b:e9:ac:2a:,Hidden,-87,2026-04-28 15:11:31
70:61:7b:e9:ac:2a:,Hidden,-87,2026-04-28 15:11:36
70:61:7b:e9:ac:2a:,Hidden,-87,2026-04-28 15:11:39
70:61:7b:e9:ac:2a:,Hidden,-87,2026-04-28 15:11:42
70:61:7b:e9:ac:2a:,Hidden,-87,2026-04-28 15:11:47
70:61:7b:e9:ac:2a:,Hidden,-87,2026-04-28 15:11:54
70:61:7b:e9:ac:2a:,Hidden,-87,2026-04-28 15:11:57
70:61:7b:e9:ac:2a:,Hidden,-87,2026-04-28 15:12:00
70:61:7b:e9:ac:2a:,Hidden,-87,2026-04-28 15:12:05
70:61:7b:e9:ac:2a:,Hidden,-87,2026-04-28 15:12:08
84:b2:61:1f:b5:3a:,Hidden,-85,2026-04-28 15:09:14
84:b2:61:1f:b5:3a:,Hidden,-85,2026-04-28 15:09:17
84:b2:61:1f:b5:3a:,Hidden,-85,2026-04-28 15:09:21
84:b2:61:1f:b5:3a:,Hidden,-85,2026-04-28 15:09:26
84:b2:61:1f:b5:3a:,Hidden,-85,2026-04-28 15:09:29
84:b2:61:1f:b5:3a:,Hidden,-85,2026-04-28 15:09:35
84:b2:61:1f:b5:3a:,Hidden,-85,2026-04-28 15:09:38
84:b2:61:1f:b5:3a:,Hidden,-82,2026-04-28 15:09:41
84:b2:61:1f:b5:3a:,Hidden,-82,2026-04-28 15:09:45
84:b2:61:1f:b5:3a:,Hidden,-82,2026-04-28 15:09:48
84:b2:61:1f:b5:3a:,Hidden,-85,2026-04-28 15:09:52
84:b2:61:1f:b5:3a:,Hidden,-71,2026-04-28 15:10:03
84:b2:61:1f:b5:3a:,Hidden,-71,2026-04-28 15:10:07
84:b2:61:1f:b5:3a:,Hidden,-71,2026-04-28 15:10:11
84:b2:61:1f:b5:3a:,Hidden,-71,2026-04-28 15:10:15
84:b2:61:1f:b5:3a:,Hidden,-75,2026-04-28 15:10:19
84:b2:61:1f:b5:3a:,Hidden,-75,2026-04-28 15:10:23
84:b2:61:1f:b5:3a:,Hidden,-75,2026-04-28 15:10:27
84:b2:61:1f:b5:3a:,Hidden,-75,2026-04-28 15:10:31
84:b2:61:1f:b5:3a:,Hidden,-82,2026-04-28 15:10:36
84:b2:61:1f:b5:3a:,Hidden,-82,2026-04-28 15:10:39
84:b2:61:1f:b5:3a:,Hidden,-82,2026-04-28 15:10:44
84:b2:61:1f:b5:3a:,Hidden,-82,2026-04-28 15:10:51
84:b2:61:1f:b5:3a:,Hidden,-80,2026-04-28 15:10:55
84:b2:61:1f:b5:3a:,Hidden,-80,2026-04-28 15:10:58
84:b2:61:1f:b5:3a:,Hidden,-80,2026-04-28 15:11:03
84:b2:61:1f:b5:3a:,Hidden,-80,2026-04-28 15:11:07
84:b2:61:1f:b5:3a:,Hidden,-77,2026-04-28 15:11:11
84:b2:61:1f:b5:3a:,Hidden,-75,2026-04-28 15:11:16
84:b2:61:1f:b5:3a:,Hidden,-73,2026-04-28 15:11:20
84:b2:61:1f:b5:3a:,Hidden,-73,2026-04-28 15:11:24
84:b2:61:1f:b5:3a:,Hidden,-73,2026-04-28 15:11:28
84:b2:61:1f:b5:3a:,Hidden,-83,2026-04-28 15:11:31
84:b2:61:1f:b5:3a:,Hidden,-83,2026-04-28 15:11:36
84:b2:61:1f:b5:3a:,Hidden,-83,2026-04-28 15:11:39
84:b2:61:1f:b5:3a:,Hidden,-83,2026-04-28 15:11:42
84:b2:61:1f:b5:3a:,Hidden,-83,2026-04-28 15:11:47
84:b2:61:1f:b5:3a:,Hidden,-83,2026-04-28 15:11:54
84:b2:61:1f:b5:3a:,Hidden,-84,2026-04-28 15:11:57
84:b2:61:1f:b5:3a:,Hidden,-84,2026-04-28 15:12:00
84:b2:61:1f:b5:3a:,Hidden,-84,2026-04-28 15:12:05
84:b2:61:1f:b5:3a:,Hidden,-84,2026-04-28 15:12:08
84:b2:61:1f:b5:3a:,Hidden,-84,2026-04-28 15:12:12
84:b2:61:1f:b5:3a:,Hidden,-84,2026-04-28 15:12:18
84:b2:61:1f:b5:3a:,Hidden,-84,2026-04-28 15:12:21
84:b2:61:1f:b5:3a:,Hidden,-84,2026-04-28 15:12:25
84:b2:61:1f:b5:3a:,Hidden,-84,2026-04-28 15:12:29
84:b2:61:1f:b5:3a:,Hidden,-84,2026-04-28 15:12:34
84:b2:61:1f:b5:3a:,Hidden,-74,2026-04-28 15:12:40
84:b2:61:1f:b5:3a:,Hidden,-87,2026-04-28 15:12:44
84:b2:61:1f:b5:3a:,Hidden,-76,2026-04-28 15:12:50
84:b2:61:1f:b5:3a:,Hidden,-76,2026-04-28 15:12:53
84:b2:61:1f:b5:3a:,Hidden,-76,2026-04-28 15:12:57
84:b2:61:1f:b5:3a:,Hidden,-78,2026-04-28 15:13:00
84:b2:61:1f:b5:3a:,Hidden,-78,2026-04-28 15:13:04
84:b2:61:1f:b5:3a:,Hidden,-82,2026-04-28 15:13:11
84:b2:61:1f:b5:3a:,Hidden,-82,2026-04-28 15:13:14
f8:6b:d9:5e:10:cb:,form_cyber,-41,2026-04-28 15:09:14
f8:6b:d9:5e:10:cb:,form_cyber,-45,2026-04-28 15:09:17
f8:6b:d9:5e:10:cb:,form_cyber,-45,2026-04-28 15:09:21
f8:6b:d9:5e:10:cb:,form_cyber,-45,2026-04-28 15:09:26
f8:6b:d9:5e:10:cb:,form_cyber,-43,2026-04-28 15:09:29
f8:6b:d9:5e:10:cb:,form_cyber,-41,2026-04-28 15:09:35
f8:6b:d9:5e:10:cb:,form_cyber,-41,2026-04-28 15:09:38
f8:6b:d9:5e:10:cb:,form_cyber,-44,2026-04-28 15:09:41
f8:6b:d9:5e:10:cb:,form_cyber,-45,2026-04-28 15:09:45
f8:6b:d9:5e:10:cb:,form_cyber,-45,2026-04-28 15:09:48
f8:6b:d9:5e:10:cb:,form_cyber,-44,2026-04-28 15:09:52
f8:6b:d9:5e:10:cb:,form_cyber,-40,2026-04-28 15:10:03
f8:6b:d9:5e:10:cb:,form_cyber,-46,2026-04-28 15:10:07
f8:6b:d9:5e:10:cb:,form_cyber,-42,2026-04-28 15:10:11
f8:6b:d9:5e:10:cb:,form_cyber,-51,2026-04-28 15:10:15
f8:6b:d9:5e:10:cb:,form_cyber,-40,2026-04-28 15:10:19
f8:6b:d9:5e:10:cb:,form_cyber,-43,2026-04-28 15:10:23
f8:6b:d9:5e:10:cb:,form_cyber,-45,2026-04-28 15:10:27
f8:6b:d9:5e:10:cb:,form_cyber,-45,2026-04-28 15:10:31
f8:6b:d9:5e:10:cb:,form_cyber,-50,2026-04-28 15:10:36
f8:6b:d9:5e:10:cb:,form_cyber,-47,2026-04-28 15:10:39
f8:6b:d9:5e:10:cb:,form_cyber,-50,2026-04-28 15:10:44
f8:6b:d9:5e:10:cb:,form_cyber,-49,2026-04-28 15:10:51
f8:6b:d9:5e:10:cb:,form_cyber,-44,2026-04-28 15:10:55
f8:6b:d9:5e:10:cb:,form_cyber,-44,2026-04-28 15:10:58
f8:6b:d9:5e:10:cb:,form_cyber,-53,2026-04-28 15:11:03
f8:6b:d9:5e:10:cb:,form_cyber,-46,2026-04-28 15:11:07
f8:6b:d9:5e:10:cb:,form_cyber,-47,2026-04-28 15:11:11
f8:6b:d9:5e:10:cb:,form_cyber,-43,2026-04-28 15:11:16
f8:6b:d9:5e:10:cb:,form_cyber,-47,2026-04-28 15:11:20
f8:6b:d9:5e:10:cb:,form_cyber,-47,2026-04-28 15:11:24
f8:6b:d9:5e:10:cb:,form_cyber,-46,2026-04-28 15:11:28
f8:6b:d9:5e:10:cb:,form_cyber,-52,2026-04-28 15:11:31
f8:6b:d9:5e:10:cb:,form_cyber,-47,2026-04-28 15:11:36
f8:6b:d9:5e:10:cb:,form_cyber,-47,2026-04-28 15:11:39
f8:6b:d9:5e:10:cb:,form_cyber,-47,2026-04-28 15:11:42
f8:6b:d9:5e:10:cb:,form_cyber,-63,2026-04-28 15:11:47
f8:6b:d9:5e:10:cb:,form_cyber,-54,2026-04-28 15:11:54
f8:6b:d9:5e:10:cb:,form_cyber,-50,2026-04-28 15:11:57
f8:6b:d9:5e:10:cb:,form_cyber,-50,2026-04-28 15:12:00
f8:6b:d9:5e:10:cb:,form_cyber,-51,2026-04-28 15:12:05
f8:6b:d9:5e:10:cb:,form_cyber,-49,2026-04-28 15:12:08
f8:6b:d9:5e:10:cb:,form_cyber,-49,2026-04-28 15:12:12
f8:6b:d9:5e:10:cb:,form_cyber,-48,2026-04-28 15:12:18
f8:6b:d9:5e:10:cb:,form_cyber,-48,2026-04-28 15:12:21
f8:6b:d9:5e:10:cb:,form_cyber,-46,2026-04-28 15:12:25
f8:6b:d9:5e:10:cb:,form_cyber,-56,2026-04-28 15:12:29
f8:6b:d9:5e:10:cb:,form_cyber,-42,2026-04-28 15:12:34
f8:6b:d9:5e:10:cb:,form_cyber,-50,2026-04-28 15:12:40
f8:6b:d9:5e:10:cb:,form_cyber,-49,2026-04-28 15:12:44
f8:6b:d9:5e:10:cb:,form_cyber,-57,2026-04-28 15:12:50
f8:6b:d9:5e:10:cb:,form_cyber,-46,2026-04-28 15:12:53
f8:6b:d9:5e:10:cb:,form_cyber,-46,2026-04-28 15:12:57
f8:6b:d9:5e:10:cb:,form_cyber,-55,2026-04-28 15:13:00
f8:6b:d9:5e:10:cb:,form_cyber,-55,2026-04-28 15:13:04
f8:6b:d9:5e:10:cb:,form_cyber,-55,2026-04-28 15:13:11
f8:6b:d9:5e:10:cb:,form_cyber,-55,2026-04-28 15:13:14
f8:6b:d9:5e:10:c4:,form_cyber,-42,2026-04-28 15:09:14
f8:6b:d9:5e:10:c4:,form_cyber,-38,2026-04-28 15:09:17
f8:6b:d9:5e:10:c4:,form_cyber,-46,2026-04-28 15:09:21
f8:6b:d9:5e:10:c4:,form_cyber,-44,2026-04-28 15:09:26
f8:6b:d9:5e:10:c4:,form_cyber,-45,2026-04-28 15:09:29
f8:6b:d9:5e:10:c4:,form_cyber,-45,2026-04-28 15:09:35
f8:6b:d9:5e:10:c4:,form_cyber,-45,2026-04-28 15:09:38
f8:6b:d9:5e:10:c4:,form_cyber,-55,2026-04-28 15:09:41
f8:6b:d9:5e:10:c4:,form_cyber,-39,2026-04-28 15:09:45
f8:6b:d9:5e:10:c4:,form_cyber,-39,2026-04-28 15:09:48
f8:6b:d9:5e:10:c4:,form_cyber,-52,2026-04-28 15:09:52
f8:6b:d9:5e:10:c4:,form_cyber,-45,2026-04-28 15:10:03
f8:6b:d9:5e:10:c4:,form_cyber,-60,2026-04-28 15:10:07
f8:6b:d9:5e:10:c4:,form_cyber,-59,2026-04-28 15:10:11
f8:6b:d9:5e:10:c4:,form_cyber,-63,2026-04-28 15:10:15
f8:6b:d9:5e:10:c4:,form_cyber,-41,2026-04-28 15:10:19
f8:6b:d9:5e:10:c4:,form_cyber,-43,2026-04-28 15:10:23
f8:6b:d9:5e:10:c4:,form_cyber,-40,2026-04-28 15:10:27
f8:6b:d9:5e:10:c4:,form_cyber,-40,2026-04-28 15:10:31
f8:6b:d9:5e:10:c4:,form_cyber,-53,2026-04-28 15:10:36
f8:6b:d9:5e:10:c4:,form_cyber,-45,2026-04-28 15:10:39
f8:6b:d9:5e:10:c4:,form_cyber,-44,2026-04-28 15:10:44
f8:6b:d9:5e:10:c4:,form_cyber,-43,2026-04-28 15:10:51
f8:6b:d9:5e:10:c4:,form_cyber,-51,2026-04-28 15:10:55
f8:6b:d9:5e:10:c4:,form_cyber,-51,2026-04-28 15:10:58
f8:6b:d9:5e:10:c4:,form_cyber,-48,2026-04-28 15:11:03
f8:6b:d9:5e:10:c4:,form_cyber,-50,2026-04-28 15:11:07
f8:6b:d9:5e:10:c4:,form_cyber,-46,2026-04-28 15:11:11
f8:6b:d9:5e:10:c4:,form_cyber,-52,2026-04-28 15:11:16
f8:6b:d9:5e:10:c4:,form_cyber,-48,2026-04-28 15:11:20
f8:6b:d9:5e:10:c4:,form_cyber,-48,2026-04-28 15:11:24
f8:6b:d9:5e:10:c4:,form_cyber,-50,2026-04-28 15:11:28
f8:6b:d9:5e:10:c4:,form_cyber,-52,2026-04-28 15:11:31
f8:6b:d9:5e:10:c4:,form_cyber,-49,2026-04-28 15:11:36
f8:6b:d9:5e:10:c4:,form_cyber,-54,2026-04-28 15:11:39
f8:6b:d9:5e:10:c4:,form_cyber,-54,2026-04-28 15:11:42
f8:6b:d9:5e:10:c4:,form_cyber,-62,2026-04-28 15:11:47
f8:6b:d9:5e:10:c4:,form_cyber,-44,2026-04-28 15:11:54
f8:6b:d9:5e:10:c4:,form_cyber,-60,2026-04-28 15:11:57
f8:6b:d9:5e:10:c4:,form_cyber,-60,2026-04-28 15:12:00
f8:6b:d9:5e:10:c4:,form_cyber,-52,2026-04-28 15:12:05
f8:6b:d9:5e:10:c4:,form_cyber,-55,2026-04-28 15:12:08
f8:6b:d9:5e:10:c4:,form_cyber,-55,2026-04-28 15:12:12
f8:6b:d9:5e:10:c4:,form_cyber,-57,2026-04-28 15:12:18
f8:6b:d9:5e:10:c4:,form_cyber,-57,2026-04-28 15:12:21
f8:6b:d9:5e:10:c4:,form_cyber,-47,2026-04-28 15:12:25
f8:6b:d9:5e:10:c4:,form_cyber,-56,2026-04-28 15:12:29
f8:6b:d9:5e:10:c4:,form_cyber,-52,2026-04-28 15:12:34
f8:6b:d9:5e:10:c4:,form_cyber,-53,2026-04-28 15:12:40
f8:6b:d9:5e:10:c4:,form_cyber,-57,2026-04-28 15:12:44
f8:6b:d9:5e:10:c4:,form_cyber,-64,2026-04-28 15:12:50
f8:6b:d9:5e:10:c4:,form_cyber,-58,2026-04-28 15:12:53
f8:6b:d9:5e:10:c4:,form_cyber,-58,2026-04-28 15:12:57
f8:6b:d9:5e:10:c4:,form_cyber,-49,2026-04-28 15:13:00
f8:6b:d9:5e:10:c4:,form_cyber,-62,2026-04-28 15:13:04
f8:6b:d9:5e:10:c4:,form_cyber,-54,2026-04-28 15:13:11
f8:6b:d9:5e:10:c4:,form_cyber,-54,2026-04-28 15:13:14
84:b2:61:08:fc:cb:,form_cyber,-57,2026-04-28 15:09:14
84:b2:61:08:fc:cb:,form_cyber,-57,2026-04-28 15:09:17
84:b2:61:08:fc:cb:,form_cyber,-57,2026-04-28 15:09:21
84:b2:61:08:fc:cb:,form_cyber,-57,2026-04-28 15:09:26
84:b2:61:08:fc:cb:,form_cyber,-61,2026-04-28 15:09:29
84:b2:61:08:fc:cb:,form_cyber,-61,2026-04-28 15:09:35
84:b2:61:08:fc:cb:,form_cyber,-66,2026-04-28 15:09:38
84:b2:61:08:fc:cb:,form_cyber,-69,2026-04-28 15:09:41
84:b2:61:08:fc:cb:,form_cyber,-69,2026-04-28 15:09:45
84:b2:61:08:fc:cb:,form_cyber,-63,2026-04-28 15:09:48
84:b2:61:08:fc:cb:,form_cyber,-74,2026-04-28 15:09:52
84:b2:61:08:fc:cb:,form_cyber,-67,2026-04-28 15:10:03
84:b2:61:08:fc:cb:,form_cyber,-67,2026-04-28 15:10:07
84:b2:61:08:fc:cb:,form_cyber,-64,2026-04-28 15:10:11
84:b2:61:08:fc:cb:,form_cyber,-64,2026-04-28 15:10:15
84:b2:61:08:fc:cb:,form_cyber,-68,2026-04-28 15:10:19
84:b2:61:08:fc:cb:,form_cyber,-68,2026-04-28 15:10:23
84:b2:61:08:fc:cb:,form_cyber,-62,2026-04-28 15:10:27
84:b2:61:08:fc:cb:,form_cyber,-71,2026-04-28 15:10:31
84:b2:61:08:fc:cb:,form_cyber,-71,2026-04-28 15:10:36
84:b2:61:08:fc:cb:,form_cyber,-71,2026-04-28 15:10:39
84:b2:61:08:fc:cb:,form_cyber,-68,2026-04-28 15:10:44
84:b2:61:08:fc:cb:,form_cyber,-67,2026-04-28 15:10:51
84:b2:61:08:fc:cb:,form_cyber,-67,2026-04-28 15:10:55
84:b2:61:08:fc:cb:,form_cyber,-67,2026-04-28 15:10:58
84:b2:61:08:fc:cb:,form_cyber,-75,2026-04-28 15:11:03
84:b2:61:08:fc:cb:,form_cyber,-75,2026-04-28 15:11:07
84:b2:61:08:fc:cb:,form_cyber,-68,2026-04-28 15:11:11
84:b2:61:08:fc:cb:,form_cyber,-68,2026-04-28 15:11:16
84:b2:61:08:fc:cb:,form_cyber,-60,2026-04-28 15:11:20
84:b2:61:08:fc:cb:,form_cyber,-73,2026-04-28 15:11:24
84:b2:61:08:fc:cb:,form_cyber,-62,2026-04-28 15:11:28
84:b2:61:08:fc:cb:,form_cyber,-62,2026-04-28 15:11:31
84:b2:61:08:fc:cb:,form_cyber,-65,2026-04-28 15:11:36
84:b2:61:08:fc:cb:,form_cyber,-65,2026-04-28 15:11:39
84:b2:61:08:fc:cb:,form_cyber,-65,2026-04-28 15:11:42
84:b2:61:08:fc:cb:,form_cyber,-79,2026-04-28 15:11:47
84:b2:61:08:fc:cb:,form_cyber,-69,2026-04-28 15:11:54
84:b2:61:08:fc:cb:,form_cyber,-69,2026-04-28 15:11:57
84:b2:61:08:fc:cb:,form_cyber,-62,2026-04-28 15:12:00
84:b2:61:08:fc:cb:,form_cyber,-62,2026-04-28 15:12:05
84:b2:61:08:fc:cb:,form_cyber,-62,2026-04-28 15:12:08
84:b2:61:08:fc:cb:,form_cyber,-62,2026-04-28 15:12:12
84:b2:61:08:fc:cb:,form_cyber,-62,2026-04-28 15:12:18
84:b2:61:08:fc:cb:,form_cyber,-74,2026-04-28 15:12:21
84:b2:61:08:fc:cb:,form_cyber,-72,2026-04-28 15:12:25
84:b2:61:08:fc:cb:,form_cyber,-72,2026-04-28 15:12:29
84:b2:61:08:fc:cb:,form_cyber,-66,2026-04-28 15:12:34
84:b2:61:08:fc:cb:,form_cyber,-72,2026-04-28 15:12:40
84:b2:61:08:fc:cb:,form_cyber,-72,2026-04-28 15:12:44
84:b2:61:08:fc:cb:,form_cyber,-69,2026-04-28 15:12:50
84:b2:61:08:fc:cb:,form_cyber,-69,2026-04-28 15:12:53
84:b2:61:08:fc:cb:,form_cyber,-68,2026-04-28 15:12:57
84:b2:61:08:fc:cb:,form_cyber,-70,2026-04-28 15:13:00
84:b2:61:08:fc:cb:,form_cyber,-70,2026-04-28 15:13:04
84:b2:61:08:fc:cb:,form_cyber,-71,2026-04-28 15:13:11
84:b2:61:08:fc:cb:,form_cyber,-72,2026-04-28 15:13:14
70:61:7b:e9:ac:2b:,form_cyber,-81,2026-04-28 15:09:14
70:61:7b:e9:ac:2b:,form_cyber,-81,2026-04-28 15:09:17
70:61:7b:e9:ac:2b:,form_cyber,-84,2026-04-28 15:09:21
70:61:7b:e9:ac:2b:,form_cyber,-84,2026-04-28 15:09:26
70:61:7b:e9:ac:2b:,form_cyber,-87,2026-04-28 15:09:29
70:61:7b:e9:ac:2b:,form_cyber,-87,2026-04-28 15:09:35
70:61:7b:e9:ac:2b:,form_cyber,-87,2026-04-28 15:09:38
70:61:7b:e9:ac:2b:,form_cyber,-87,2026-04-28 15:09:41
70:61:7b:e9:ac:2b:,form_cyber,-87,2026-04-28 15:09:45
70:61:7b:e9:ac:2b:,form_cyber,-87,2026-04-28 15:09:48
70:61:7b:e9:ac:2b:,form_cyber,-87,2026-04-28 15:09:52
70:61:7b:e9:ac:2b:,form_cyber,-87,2026-04-28 15:10:03
70:61:7b:e9:ac:2b:,form_cyber,-87,2026-04-28 15:10:07
70:61:7b:e9:ac:2b:,form_cyber,-87,2026-04-28 15:10:11
70:61:7b:e9:ac:2b:,form_cyber,-87,2026-04-28 15:10:15
70:61:7b:e9:ac:2b:,form_cyber,-87,2026-04-28 15:10:19
70:61:7b:e9:ac:2b:,form_cyber,-87,2026-04-28 15:10:23
70:61:7b:e9:ac:2b:,form_cyber,-87,2026-04-28 15:10:27
70:61:7b:e9:ac:2b:,form_cyber,-87,2026-04-28 15:10:31
70:61:7b:e9:ac:2b:,form_cyber,-87,2026-04-28 15:10:36
70:61:7b:e9:ac:2b:,form_cyber,-87,2026-04-28 15:10:39
70:61:7b:e9:ac:2b:,form_cyber,-87,2026-04-28 15:10:44
70:61:7b:e9:ac:2b:,form_cyber,-87,2026-04-28 15:10:51
70:61:7b:e9:ac:2b:,form_cyber,-87,2026-04-28 15:10:55
70:61:7b:e9:ac:2b:,form_cyber,-87,2026-04-28 15:10:58
70:61:7b:e9:ac:2b:,form_cyber,-87,2026-04-28 15:11:03
70:61:7b:e9:ac:2b:,form_cyber,-87,2026-04-28 15:11:07
70:61:7b:e9:ac:2b:,form_cyber,-87,2026-04-28 15:11:11
70:61:7b:e9:ac:2b:,form_cyber,-87,2026-04-28 15:11:16
70:61:7b:e9:ac:2b:,form_cyber,-87,2026-04-28 15:11:20
70:61:7b:e9:ac:2b:,form_cyber,-87,2026-04-28 15:11:24
84:b2:61:08:fc:c4:,form_cyber,-77,2026-04-28 15:09:14
84:b2:61:08:fc:c4:,form_cyber,-69,2026-04-28 15:09:17
84:b2:61:08:fc:c4:,form_cyber,-72,2026-04-28 15:09:21
84:b2:61:08:fc:c4:,form_cyber,-65,2026-04-28 15:09:26
84:b2:61:08:fc:c4:,form_cyber,-73,2026-04-28 15:09:29
84:b2:61:08:fc:c4:,form_cyber,-64,2026-04-28 15:09:35
84:b2:61:08:fc:c4:,form_cyber,-64,2026-04-28 15:09:38
84:b2:61:08:fc:c4:,form_cyber,-79,2026-04-28 15:09:41
84:b2:61:08:fc:c4:,form_cyber,-65,2026-04-28 15:09:45
84:b2:61:08:fc:c4:,form_cyber,-65,2026-04-28 15:09:48
84:b2:61:08:fc:c4:,form_cyber,-85,2026-04-28 15:09:52
84:b2:61:08:fc:c4:,form_cyber,-69,2026-04-28 15:10:03
84:b2:61:08:fc:c4:,form_cyber,-82,2026-04-28 15:10:07
84:b2:61:08:fc:c4:,form_cyber,-74,2026-04-28 15:10:11
84:b2:61:08:fc:c4:,form_cyber,-86,2026-04-28 15:10:15
84:b2:61:08:fc:c4:,form_cyber,-69,2026-04-28 15:10:19
84:b2:61:08:fc:c4:,form_cyber,-76,2026-04-28 15:10:23
84:b2:61:08:fc:c4:,form_cyber,-79,2026-04-28 15:10:27
84:b2:61:08:fc:c4:,form_cyber,-79,2026-04-28 15:10:31
84:b2:61:08:fc:c4:,form_cyber,-85,2026-04-28 15:10:36
84:b2:61:08:fc:c4:,form_cyber,-77,2026-04-28 15:10:39
84:b2:61:08:fc:c4:,form_cyber,-77,2026-04-28 15:10:44
84:b2:61:08:fc:c4:,form_cyber,-66,2026-04-28 15:10:51
84:b2:61:08:fc:c4:,form_cyber,-84,2026-04-28 15:10:55
84:b2:61:08:fc:c4:,form_cyber,-84,2026-04-28 15:10:58
84:b2:61:08:fc:c4:,form_cyber,-73,2026-04-28 15:11:03
84:b2:61:08:fc:c4:,form_cyber,-76,2026-04-28 15:11:07
84:b2:61:08:fc:c4:,form_cyber,-76,2026-04-28 15:11:11
84:b2:61:08:fc:c4:,form_cyber,-80,2026-04-28 15:11:16
84:b2:61:08:fc:c4:,form_cyber,-74,2026-04-28 15:11:20
84:b2:61:08:fc:c4:,form_cyber,-74,2026-04-28 15:11:24
84:b2:61:08:fc:c4:,form_cyber,-74,2026-04-28 15:11:28
84:b2:61:08:fc:c4:,form_cyber,-71,2026-04-28 15:11:31
84:b2:61:08:fc:c4:,form_cyber,-84,2026-04-28 15:11:36
84:b2:61:08:fc:c4:,form_cyber,-82,2026-04-28 15:11:39
84:b2:61:08:fc:c4:,form_cyber,-82,2026-04-28 15:11:42
84:b2:61:08:fc:c4:,form_cyber,-85,2026-04-28 15:11:47
84:b2:61:08:fc:c4:,form_cyber,-70,2026-04-28 15:11:54
84:b2:61:08:fc:c4:,form_cyber,-80,2026-04-28 15:11:57
84:b2:61:08:fc:c4:,form_cyber,-80,2026-04-28 15:12:00
84:b2:61:08:fc:c4:,form_cyber,-78,2026-04-28 15:12:05
84:b2:61:08:fc:c4:,form_cyber,-79,2026-04-28 15:12:08
84:b2:61:08:fc:c4:,form_cyber,-79,2026-04-28 15:12:12
84:b2:61:08:fc:c4:,form_cyber,-81,2026-04-28 15:12:18
84:b2:61:08:fc:c4:,form_cyber,-81,2026-04-28 15:12:21
84:b2:61:08:fc:c4:,form_cyber,-82,2026-04-28 15:12:25
84:b2:61:08:fc:c4:,form_cyber,-79,2026-04-28 15:12:29
84:b2:61:08:fc:c4:,form_cyber,-85,2026-04-28 15:12:34
84:b2:61:08:fc:c4:,form_cyber,-70,2026-04-28 15:12:40
84:b2:61:08:fc:c4:,form_cyber,-70,2026-04-28 15:12:44
84:b2:61:08:fc:c4:,form_cyber,-71,2026-04-28 15:12:50
84:b2:61:08:fc:c4:,form_cyber,-86,2026-04-28 15:12:53
84:b2:61:08:fc:c4:,form_cyber,-86,2026-04-28 15:12:57
84:b2:61:08:fc:c4:,form_cyber,-69,2026-04-28 15:13:00
84:b2:61:08:fc:c4:,form_cyber,-87,2026-04-28 15:13:04
84:b2:61:08:fc:c4:,form_cyber,-78,2026-04-28 15:13:11
84:b2:61:08:fc:c4:,form_cyber,-78,2026-04-28 15:13:14
70:61:7b:e9:ac:24:,form_cyber,-86,2026-04-28 15:09:14
70:61:7b:e9:ac:24:,form_cyber,-82,2026-04-28 15:09:17
70:61:7b:e9:ac:24:,form_cyber,-82,2026-04-28 15:09:21
70:61:7b:e9:ac:24:,form_cyber,-81,2026-04-28 15:09:26
70:61:7b:e9:ac:24:,form_cyber,-81,2026-04-28 15:09:29
70:61:7b:e9:ac:24:,form_cyber,-86,2026-04-28 15:09:35
70:61:7b:e9:ac:24:,form_cyber,-86,2026-04-28 15:09:38
70:61:7b:e9:ac:24:,form_cyber,-86,2026-04-28 15:09:41
70:61:7b:e9:ac:24:,form_cyber,-86,2026-04-28 15:09:45
70:61:7b:e9:ac:24:,form_cyber,-86,2026-04-28 15:09:48
70:61:7b:e9:ac:24:,form_cyber,-86,2026-04-28 15:09:52
70:61:7b:e9:ac:24:,form_cyber,-79,2026-04-28 15:10:03
70:61:7b:e9:ac:24:,form_cyber,-79,2026-04-28 15:10:07
70:61:7b:e9:ac:24:,form_cyber,-87,2026-04-28 15:10:11
70:61:7b:e9:ac:24:,form_cyber,-87,2026-04-28 15:10:15
70:61:7b:e9:ac:24:,form_cyber,-87,2026-04-28 15:10:19
70:61:7b:e9:ac:24:,form_cyber,-87,2026-04-28 15:10:23
70:61:7b:e9:ac:24:,form_cyber,-87,2026-04-28 15:10:27
70:61:7b:e9:ac:24:,form_cyber,-87,2026-04-28 15:10:31
70:61:7b:e9:ac:24:,form_cyber,-87,2026-04-28 15:10:36
70:61:7b:e9:ac:24:,form_cyber,-87,2026-04-28 15:10:39
70:61:7b:e9:ac:24:,form_cyber,-87,2026-04-28 15:10:44
70:61:7b:e9:ac:24:,form_cyber,-87,2026-04-28 15:10:51
70:61:7b:e9:ac:24:,form_cyber,-87,2026-04-28 15:10:55
70:61:7b:e9:ac:24:,form_cyber,-87,2026-04-28 15:10:58
70:61:7b:e9:ac:24:,form_cyber,-87,2026-04-28 15:11:03
70:61:7b:e9:ac:24:,form_cyber,-87,2026-04-28 15:11:07
70:61:7b:e9:ac:24:,form_cyber,-87,2026-04-28 15:11:11
70:61:7b:e9:ac:24:,form_cyber,-87,2026-04-28 15:11:16
70:61:7b:e9:ac:24:,form_cyber,-87,2026-04-28 15:11:20
70:61:7b:e9:ac:24:,form_cyber,-87,2026-04-28 15:11:24
70:61:7b:e9:ac:24:,form_cyber,-87,2026-04-28 15:11:28
70:61:7b:e9:ac:24:,form_cyber,-87,2026-04-28 15:11:31
70:61:7b:e9:ac:24:,form_cyber,-87,2026-04-28 15:11:36
70:61:7b:e9:ac:24:,form_cyber,-87,2026-04-28 15:11:39
70:61:7b:e9:ac:24:,form_cyber,-87,2026-04-28 15:11:42
70:61:7b:e9:ac:24:,form_cyber,-87,2026-04-28 15:11:47
70:61:7b:e9:ac:24:,form_cyber,-87,2026-04-28 15:11:54
70:61:7b:e9:ac:24:,form_cyber,-87,2026-04-28 15:11:57
70:61:7b:e9:ac:24:,form_cyber,-87,2026-04-28 15:12:00
70:61:7b:e9:ac:24:,form_cyber,-87,2026-04-28 15:12:05
70:61:7b:e9:ac:24:,form_cyber,-87,2026-04-28 15:12:08
84:b2:61:1f:b5:34:,form_cyber,-79,2026-04-28 15:09:14
84:b2:61:1f:b5:34:,form_cyber,-67,2026-04-28 15:09:17
84:b2:61:1f:b5:34:,form_cyber,-85,2026-04-28 15:09:21
84:b2:61:1f:b5:34:,form_cyber,-66,2026-04-28 15:09:26
84:b2:61:1f:b5:34:,form_cyber,-83,2026-04-28 15:09:29
84:b2:61:1f:b5:34:,form_cyber,-80,2026-04-28 15:09:35
84:b2:61:1f:b5:34:,form_cyber,-80,2026-04-28 15:09:38
84:b2:61:1f:b5:34:,form_cyber,-80,2026-04-28 15:09:41
84:b2:61:1f:b5:34:,form_cyber,-66,2026-04-28 15:09:45
84:b2:61:1f:b5:34:,form_cyber,-66,2026-04-28 15:09:48
84:b2:61:1f:b5:34:,form_cyber,-86,2026-04-28 15:09:52
84:b2:61:1f:b5:34:,form_cyber,-71,2026-04-28 15:10:03
84:b2:61:1f:b5:34:,form_cyber,-75,2026-04-28 15:10:07
84:b2:61:1f:b5:34:,form_cyber,-75,2026-04-28 15:10:11
84:b2:61:1f:b5:34:,form_cyber,-84,2026-04-28 15:10:15
84:b2:61:1f:b5:34:,form_cyber,-75,2026-04-28 15:10:19
84:b2:61:1f:b5:34:,form_cyber,-80,2026-04-28 15:10:23
84:b2:61:1f:b5:34:,form_cyber,-80,2026-04-28 15:10:27
84:b2:61:1f:b5:34:,form_cyber,-80,2026-04-28 15:10:31
84:b2:61:1f:b5:34:,form_cyber,-87,2026-04-28 15:10:36
84:b2:61:1f:b5:34:,form_cyber,-74,2026-04-28 15:10:39
84:b2:61:1f:b5:34:,form_cyber,-81,2026-04-28 15:10:44
84:b2:61:1f:b5:34:,form_cyber,-67,2026-04-28 15:10:51
84:b2:61:1f:b5:34:,form_cyber,-80,2026-04-28 15:10:55
84:b2:61:1f:b5:34:,form_cyber,-80,2026-04-28 15:10:58
84:b2:61:1f:b5:34:,form_cyber,-79,2026-04-28 15:11:03
84:b2:61:1f:b5:34:,form_cyber,-78,2026-04-28 15:11:07
84:b2:61:1f:b5:34:,form_cyber,-78,2026-04-28 15:11:11
84:b2:61:1f:b5:34:,form_cyber,-73,2026-04-28 15:11:16
84:b2:61:1f:b5:34:,form_cyber,-73,2026-04-28 15:11:20
84:b2:61:1f:b5:34:,form_cyber,-73,2026-04-28 15:11:24
84:b2:61:1f:b5:34:,form_cyber,-77,2026-04-28 15:11:28
84:b2:61:1f:b5:34:,form_cyber,-81,2026-04-28 15:11:31
84:b2:61:1f:b5:34:,form_cyber,-79,2026-04-28 15:11:36
84:b2:61:1f:b5:34:,form_cyber,-79,2026-04-28 15:11:39
84:b2:61:1f:b5:34:,form_cyber,-79,2026-04-28 15:11:42
84:b2:61:1f:b5:34:,form_cyber,-85,2026-04-28 15:11:47
84:b2:61:1f:b5:34:,form_cyber,-63,2026-04-28 15:11:54
84:b2:61:1f:b5:34:,form_cyber,-83,2026-04-28 15:11:57
84:b2:61:1f:b5:34:,form_cyber,-83,2026-04-28 15:12:00
84:b2:61:1f:b5:34:,form_cyber,-75,2026-04-28 15:12:05
84:b2:61:1f:b5:34:,form_cyber,-75,2026-04-28 15:12:08
84:b2:61:1f:b5:34:,form_cyber,-75,2026-04-28 15:12:12
84:b2:61:1f:b5:34:,form_cyber,-78,2026-04-28 15:12:18
84:b2:61:1f:b5:34:,form_cyber,-78,2026-04-28 15:12:21
84:b2:61:1f:b5:34:,form_cyber,-77,2026-04-28 15:12:25
84:b2:61:1f:b5:34:,form_cyber,-77,2026-04-28 15:12:29
84:b2:61:1f:b5:34:,form_cyber,-81,2026-04-28 15:12:34
84:b2:61:1f:b5:34:,form_cyber,-73,2026-04-28 15:12:40
84:b2:61:1f:b5:34:,form_cyber,-86,2026-04-28 15:12:44
84:b2:61:1f:b5:34:,form_cyber,-76,2026-04-28 15:12:50
84:b2:61:1f:b5:34:,form_cyber,-77,2026-04-28 15:12:53
84:b2:61:1f:b5:34:,form_cyber,-77,2026-04-28 15:12:57
84:b2:61:1f:b5:34:,form_cyber,-76,2026-04-28 15:13:00
84:b2:61:1f:b5:34:,form_cyber,-76,2026-04-28 15:13:04
84:b2:61:1f:b5:34:,form_cyber,-82,2026-04-28 15:13:11
84:b2:61:1f:b5:34:,form_cyber,-82,2026-04-28 15:13:14
84:b2:61:1f:b5:3b:,form_cyber,-82,2026-04-28 15:09:14
84:b2:61:1f:b5:3b:,form_cyber,-82,2026-04-28 15:09:17
84:b2:61:1f:b5:3b:,form_cyber,-82,2026-04-28 15:09:21
84:b2:61:1f:b5:3b:,form_cyber,-82,2026-04-28 15:09:26
84:b2:61:1f:b5:3b:,form_cyber,-79,2026-04-28 15:09:29
84:b2:61:1f:b5:3b:,form_cyber,-79,2026-04-28 15:09:35
84:b2:61:1f:b5:3b:,form_cyber,-79,2026-04-28 15:09:38
84:b2:61:1f:b5:3b:,form_cyber,-83,2026-04-28 15:09:41
84:b2:61:1f:b5:3b:,form_cyber,-83,2026-04-28 15:09:45
84:b2:61:1f:b5:3b:,form_cyber,-83,2026-04-28 15:09:48
84:b2:61:1f:b5:3b:,form_cyber,-83,2026-04-28 15:09:52
84:b2:61:1f:b5:3b:,form_cyber,-83,2026-04-28 15:10:03
84:b2:61:1f:b5:3b:,form_cyber,-83,2026-04-28 15:10:07
84:b2:61:1f:b5:3b:,form_cyber,-83,2026-04-28 15:10:11
84:b2:61:1f:b5:3b:,form_cyber,-83,2026-04-28 15:10:15
84:b2:61:1f:b5:3b:,form_cyber,-83,2026-04-28 15:10:19
84:b2:61:1f:b5:3b:,form_cyber,-83,2026-04-28 15:10:23
84:b2:61:1f:b5:3b:,form_cyber,-83,2026-04-28 15:10:27
84:b2:61:1f:b5:3b:,form_cyber,-83,2026-04-28 15:10:31
84:b2:61:1f:b5:3b:,form_cyber,-83,2026-04-28 15:10:36
84:b2:61:1f:b5:3b:,form_cyber,-83,2026-04-28 15:10:39
84:b2:61:1f:b5:3b:,form_cyber,-83,2026-04-28 15:10:44
84:b2:61:1f:b5:3b:,form_cyber,-83,2026-04-28 15:10:51
84:b2:61:1f:b5:3b:,form_cyber,-83,2026-04-28 15:10:55
84:b2:61:1f:b5:3b:,form_cyber,-83,2026-04-28 15:10:58
84:b2:61:1f:b5:3b:,form_cyber,-83,2026-04-28 15:11:03
84:b2:61:1f:b5:3b:,form_cyber,-83,2026-04-28 15:11:07
84:b2:61:1f:b5:3b:,form_cyber,-83,2026-04-28 15:11:11
84:b2:61:1f:b5:3b:,form_cyber,-83,2026-04-28 15:11:16
84:b2:61:1f:b5:3b:,form_cyber,-83,2026-04-28 15:11:20
84:b2:61:1f:b5:3b:,form_cyber,-83,2026-04-28 15:11:24
84:b2:61:1f:b5:3b:,form_cyber,-83,2026-04-28 15:11:28
84:b2:61:1f:b5:3b:,form_cyber,-83,2026-04-28 15:11:31
84:b2:61:1f:b5:3b:,form_cyber,-83,2026-04-28 15:11:36
84:b2:61:1f:b5:3b:,form_cyber,-83,2026-04-28 15:11:39
84:b2:61:1f:b5:3b:,form_cyber,-83,2026-04-28 15:11:42
84:b2:61:1f:b5:3b:,form_cyber,-83,2026-04-28 15:11:47
84:b2:61:1f:b5:3b:,form_cyber,-83,2026-04-28 15:11:54
84:b2:61:1f:b5:3b:,form_cyber,-83,2026-04-28 15:11:57
84:b2:61:1f:b5:3b:,form_cyber,-80,2026-04-28 15:12:00
84:b2:61:1f:b5:3b:,form_cyber,-80,2026-04-28 15:12:05
84:b2:61:1f:b5:3b:,form_cyber,-80,2026-04-28 15:12:08
84:b2:61:1f:b5:3b:,form_cyber,-81,2026-04-28 15:12:12
84:b2:61:1f:b5:3b:,form_cyber,-81,2026-04-28 15:12:18
84:b2:61:1f:b5:3b:,form_cyber,-81,2026-04-28 15:12:21
84:b2:61:1f:b5:3b:,form_cyber,-81,2026-04-28 15:12:25
84:b2:61:1f:b5:3b:,form_cyber,-81,2026-04-28 15:12:29
84:b2:61:1f:b5:3b:,form_cyber,-81,2026-04-28 15:12:34
84:b2:61:1f:b5:3b:,form_cyber,-81,2026-04-28 15:12:40
84:b2:61:1f:b5:3b:,form_cyber,-81,2026-04-28 15:12:44
84:b2:61:1f:b5:3b:,form_cyber,-81,2026-04-28 15:12:50
84:b2:61:1f:b5:3b:,form_cyber,-81,2026-04-28 15:12:53
84:b2:61:1f:b5:3b:,form_cyber,-81,2026-04-28 15:12:57
84:b2:61:1f:b5:3b:,form_cyber,-81,2026-04-28 15:13:00
84:b2:61:1f:b5:3b:,form_cyber,-81,2026-04-28 15:13:04
84:b2:61:1f:b5:3b:,form_cyber,-81,2026-04-28 15:13:11
84:b2:61:1f:b5:3b:,form_cyber,-81,2026-04-28 15:13:14
f8:6b:d9:5e:10:c2:,eduroam,-42,2026-04-28 15:09:14
f8:6b:d9:5e:10:c2:,eduroam,-39,2026-04-28 15:09:17
f8:6b:d9:5e:10:c2:,eduroam,-46,2026-04-28 15:09:21
f8:6b:d9:5e:10:c2:,eduroam,-43,2026-04-28 15:09:26
f8:6b:d9:5e:10:c2:,eduroam,-46,2026-04-28 15:09:29
f8:6b:d9:5e:10:c2:,eduroam,-36,2026-04-28 15:09:35
f8:6b:d9:5e:10:c2:,eduroam,-36,2026-04-28 15:09:38
f8:6b:d9:5e:10:c2:,eduroam,-54,2026-04-28 15:09:41
f8:6b:d9:5e:10:c2:,eduroam,-40,2026-04-28 15:09:45
f8:6b:d9:5e:10:c2:,eduroam,-40,2026-04-28 15:09:48
f8:6b:d9:5e:10:c2:,eduroam,-51,2026-04-28 15:09:52
f8:6b:d9:5e:10:c2:,eduroam,-44,2026-04-28 15:10:03
f8:6b:d9:5e:10:c2:,eduroam,-60,2026-04-28 15:10:07
f8:6b:d9:5e:10:c2:,eduroam,-60,2026-04-28 15:10:11
f8:6b:d9:5e:10:c2:,eduroam,-63,2026-04-28 15:10:15
f8:6b:d9:5e:10:c2:,eduroam,-41,2026-04-28 15:10:19
f8:6b:d9:5e:10:c2:,eduroam,-43,2026-04-28 15:10:23
f8:6b:d9:5e:10:c2:,eduroam,-40,2026-04-28 15:10:27
f8:6b:d9:5e:10:c2:,eduroam,-40,2026-04-28 15:10:31
f8:6b:d9:5e:10:c2:,eduroam,-52,2026-04-28 15:10:36
f8:6b:d9:5e:10:c2:,eduroam,-44,2026-04-28 15:10:39
f8:6b:d9:5e:10:c2:,eduroam,-45,2026-04-28 15:10:44
f8:6b:d9:5e:10:c2:,eduroam,-45,2026-04-28 15:10:51
f8:6b:d9:5e:10:c2:,eduroam,-51,2026-04-28 15:10:55
f8:6b:d9:5e:10:c2:,eduroam,-51,2026-04-28 15:10:58
f8:6b:d9:5e:10:c2:,eduroam,-48,2026-04-28 15:11:03
f8:6b:d9:5e:10:c2:,eduroam,-53,2026-04-28 15:11:07
f8:6b:d9:5e:10:c2:,eduroam,-46,2026-04-28 15:11:11
f8:6b:d9:5e:10:c2:,eduroam,-51,2026-04-28 15:11:16
f8:6b:d9:5e:10:c2:,eduroam,-48,2026-04-28 15:11:20
f8:6b:d9:5e:10:c2:,eduroam,-48,2026-04-28 15:11:24
f8:6b:d9:5e:10:c2:,eduroam,-49,2026-04-28 15:11:28
f8:6b:d9:5e:10:c2:,eduroam,-52,2026-04-28 15:11:31
f8:6b:d9:5e:10:c2:,eduroam,-48,2026-04-28 15:11:36
f8:6b:d9:5e:10:c2:,eduroam,-55,2026-04-28 15:11:39
f8:6b:d9:5e:10:c2:,eduroam,-55,2026-04-28 15:11:42
f8:6b:d9:5e:10:c2:,eduroam,-60,2026-04-28 15:11:47
f8:6b:d9:5e:10:c2:,eduroam,-44,2026-04-28 15:11:54
f8:6b:d9:5e:10:c2:,eduroam,-60,2026-04-28 15:11:57
f8:6b:d9:5e:10:c2:,eduroam,-60,2026-04-28 15:12:00
f8:6b:d9:5e:10:c2:,eduroam,-52,2026-04-28 15:12:05
f8:6b:d9:5e:10:c2:,eduroam,-55,2026-04-28 15:12:08
f8:6b:d9:5e:10:c2:,eduroam,-55,2026-04-28 15:12:12
f8:6b:d9:5e:10:c2:,eduroam,-59,2026-04-28 15:12:18
f8:6b:d9:5e:10:c2:,eduroam,-59,2026-04-28 15:12:21
f8:6b:d9:5e:10:c2:,eduroam,-48,2026-04-28 15:12:25
f8:6b:d9:5e:10:c2:,eduroam,-55,2026-04-28 15:12:29
f8:6b:d9:5e:10:c2:,eduroam,-51,2026-04-28 15:12:34
f8:6b:d9:5e:10:c2:,eduroam,-52,2026-04-28 15:12:40
f8:6b:d9:5e:10:c2:,eduroam,-56,2026-04-28 15:12:44
f8:6b:d9:5e:10:c2:,eduroam,-65,2026-04-28 15:12:50
f8:6b:d9:5e:10:c2:,eduroam,-58,2026-04-28 15:12:53
f8:6b:d9:5e:10:c2:,eduroam,-58,2026-04-28 15:12:57
f8:6b:d9:5e:10:c2:,eduroam,-46,2026-04-28 15:13:00
f8:6b:d9:5e:10:c2:,eduroam,-62,2026-04-28 15:13:04
f8:6b:d9:5e:10:c2:,eduroam,-54,2026-04-28 15:13:11
f8:6b:d9:5e:10:c2:,eduroam,-54,2026-04-28 15:13:14
84:b2:61:1f:b5:32:,eduroam,-78,2026-04-28 15:09:14
84:b2:61:1f:b5:32:,eduroam,-67,2026-04-28 15:09:17
84:b2:61:1f:b5:32:,eduroam,-85,2026-04-28 15:09:21
84:b2:61:1f:b5:32:,eduroam,-66,2026-04-28 15:09:26
84:b2:61:1f:b5:32:,eduroam,-86,2026-04-28 15:09:29
84:b2:61:1f:b5:32:,eduroam,-83,2026-04-28 15:09:35
84:b2:61:1f:b5:32:,eduroam,-83,2026-04-28 15:09:38
84:b2:61:1f:b5:32:,eduroam,-82,2026-04-28 15:09:41
84:b2:61:1f:b5:32:,eduroam,-65,2026-04-28 15:09:45
84:b2:61:1f:b5:32:,eduroam,-65,2026-04-28 15:09:48
84:b2:61:1f:b5:32:,eduroam,-87,2026-04-28 15:09:52
84:b2:61:1f:b5:32:,eduroam,-71,2026-04-28 15:10:03
84:b2:61:1f:b5:32:,eduroam,-74,2026-04-28 15:10:07
84:b2:61:1f:b5:32:,eduroam,-76,2026-04-28 15:10:11
84:b2:61:1f:b5:32:,eduroam,-84,2026-04-28 15:10:15
84:b2:61:1f:b5:32:,eduroam,-75,2026-04-28 15:10:19
84:b2:61:1f:b5:32:,eduroam,-79,2026-04-28 15:10:23
84:b2:61:1f:b5:32:,eduroam,-82,2026-04-28 15:10:27
84:b2:61:1f:b5:32:,eduroam,-82,2026-04-28 15:10:31
84:b2:61:1f:b5:32:,eduroam,-83,2026-04-28 15:10:36
84:b2:61:1f:b5:32:,eduroam,-73,2026-04-28 15:10:39
84:b2:61:1f:b5:32:,eduroam,-82,2026-04-28 15:10:44
84:b2:61:1f:b5:32:,eduroam,-65,2026-04-28 15:10:51
84:b2:61:1f:b5:32:,eduroam,-81,2026-04-28 15:10:55
84:b2:61:1f:b5:32:,eduroam,-81,2026-04-28 15:10:58
84:b2:61:1f:b5:32:,eduroam,-81,2026-04-28 15:11:03
84:b2:61:1f:b5:32:,eduroam,-78,2026-04-28 15:11:07
84:b2:61:1f:b5:32:,eduroam,-78,2026-04-28 15:11:11
84:b2:61:1f:b5:32:,eduroam,-73,2026-04-28 15:11:16
84:b2:61:1f:b5:32:,eduroam,-72,2026-04-28 15:11:20
84:b2:61:1f:b5:32:,eduroam,-72,2026-04-28 15:11:24
84:b2:61:1f:b5:32:,eduroam,-76,2026-04-28 15:11:28
84:b2:61:1f:b5:32:,eduroam,-81,2026-04-28 15:11:31
84:b2:61:1f:b5:32:,eduroam,-79,2026-04-28 15:11:36
84:b2:61:1f:b5:32:,eduroam,-79,2026-04-28 15:11:39
84:b2:61:1f:b5:32:,eduroam,-79,2026-04-28 15:11:42
84:b2:61:1f:b5:32:,eduroam,-88,2026-04-28 15:11:47
84:b2:61:1f:b5:32:,eduroam,-63,2026-04-28 15:11:54
84:b2:61:1f:b5:32:,eduroam,-83,2026-04-28 15:11:57
84:b2:61:1f:b5:32:,eduroam,-83,2026-04-28 15:12:00
84:b2:61:1f:b5:32:,eduroam,-75,2026-04-28 15:12:05
84:b2:61:1f:b5:32:,eduroam,-75,2026-04-28 15:12:08
84:b2:61:1f:b5:32:,eduroam,-75,2026-04-28 15:12:12
84:b2:61:1f:b5:32:,eduroam,-79,2026-04-28 15:12:18
84:b2:61:1f:b5:32:,eduroam,-79,2026-04-28 15:12:21
84:b2:61:1f:b5:32:,eduroam,-78,2026-04-28 15:12:25
84:b2:61:1f:b5:32:,eduroam,-77,2026-04-28 15:12:29
84:b2:61:1f:b5:32:,eduroam,-79,2026-04-28 15:12:34
84:b2:61:1f:b5:32:,eduroam,-74,2026-04-28 15:12:40
84:b2:61:1f:b5:32:,eduroam,-86,2026-04-28 15:12:44
84:b2:61:1f:b5:32:,eduroam,-75,2026-04-28 15:12:50
84:b2:61:1f:b5:32:,eduroam,-76,2026-04-28 15:12:53
84:b2:61:1f:b5:32:,eduroam,-76,2026-04-28 15:12:57
84:b2:61:1f:b5:32:,eduroam,-77,2026-04-28 15:13:00
84:b2:61:1f:b5:32:,eduroam,-77,2026-04-28 15:13:04
84:b2:61:1f:b5:32:,eduroam,-82,2026-04-28 15:13:11
84:b2:61:1f:b5:32:,eduroam,-82,2026-04-28 15:13:14
70:61:7b:e9:ac:2d:,eduroam,-82,2026-04-28 15:09:14
70:61:7b:e9:ac:2d:,eduroam,-82,2026-04-28 15:09:17
70:61:7b:e9:ac:2d:,eduroam,-84,2026-04-28 15:09:21
70:61:7b:e9:ac:2d:,eduroam,-84,2026-04-28 15:09:26
70:61:7b:e9:ac:2d:,eduroam,-87,2026-04-28 15:09:29
70:61:7b:e9:ac:2d:,eduroam,-87,2026-04-28 15:09:35
70:61:7b:e9:ac:2d:,eduroam,-87,2026-04-28 15:09:38
70:61:7b:e9:ac:2d:,eduroam,-87,2026-04-28 15:09:41
70:61:7b:e9:ac:2d:,eduroam,-87,2026-04-28 15:09:45
70:61:7b:e9:ac:2d:,eduroam,-87,2026-04-28 15:09:48
70:61:7b:e9:ac:2d:,eduroam,-87,2026-04-28 15:09:52
70:61:7b:e9:ac:2d:,eduroam,-87,2026-04-28 15:10:03
70:61:7b:e9:ac:2d:,eduroam,-87,2026-04-28 15:10:07
70:61:7b:e9:ac:2d:,eduroam,-87,2026-04-28 15:10:11
70:61:7b:e9:ac:2d:,eduroam,-87,2026-04-28 15:10:15
70:61:7b:e9:ac:2d:,eduroam,-87,2026-04-28 15:10:19
70:61:7b:e9:ac:2d:,eduroam,-87,2026-04-28 15:10:23
70:61:7b:e9:ac:2d:,eduroam,-87,2026-04-28 15:10:27
70:61:7b:e9:ac:2d:,eduroam,-87,2026-04-28 15:10:31
70:61:7b:e9:ac:2d:,eduroam,-87,2026-04-28 15:10:36
70:61:7b:e9:ac:2d:,eduroam,-87,2026-04-28 15:10:39
70:61:7b:e9:ac:2d:,eduroam,-87,2026-04-28 15:10:44
70:61:7b:e9:ac:2d:,eduroam,-87,2026-04-28 15:10:51
70:61:7b:e9:ac:2d:,eduroam,-87,2026-04-28 15:10:55
70:61:7b:e9:ac:2d:,eduroam,-87,2026-04-28 15:10:58
70:61:7b:e9:ac:2d:,eduroam,-87,2026-04-28 15:11:03
70:61:7b:e9:ac:2d:,eduroam,-87,2026-04-28 15:11:07
70:61:7b:e9:ac:2d:,eduroam,-87,2026-04-28 15:11:11
70:61:7b:e9:ac:2d:,eduroam,-87,2026-04-28 15:11:16
70:61:7b:e9:ac:2d:,eduroam,-87,2026-04-28 15:11:20
70:61:7b:e9:ac:2d:,eduroam,-87,2026-04-28 15:11:24
84:b2:61:08:fc:cd:,eduroam,-57,2026-04-28 15:09:14
84:b2:61:08:fc:cd:,eduroam,-57,2026-04-28 15:09:17
84:b2:61:08:fc:cd:,eduroam,-59,2026-04-28 15:09:21
84:b2:61:08:fc:cd:,eduroam,-59,2026-04-28 15:09:26
84:b2:61:08:fc:cd:,eduroam,-61,2026-04-28 15:09:29
84:b2:61:08:fc:cd:,eduroam,-61,2026-04-28 15:09:35
84:b2:61:08:fc:cd:,eduroam,-65,2026-04-28 15:09:38
84:b2:61:08:fc:cd:,eduroam,-69,2026-04-28 15:09:41
84:b2:61:08:fc:cd:,eduroam,-69,2026-04-28 15:09:45
84:b2:61:08:fc:cd:,eduroam,-62,2026-04-28 15:09:48
84:b2:61:08:fc:cd:,eduroam,-74,2026-04-28 15:09:52
84:b2:61:08:fc:cd:,eduroam,-67,2026-04-28 15:10:03
84:b2:61:08:fc:cd:,eduroam,-67,2026-04-28 15:10:07
84:b2:61:08:fc:cd:,eduroam,-64,2026-04-28 15:10:11
84:b2:61:08:fc:cd:,eduroam,-64,2026-04-28 15:10:15
84:b2:61:08:fc:cd:,eduroam,-67,2026-04-28 15:10:19
84:b2:61:08:fc:cd:,eduroam,-67,2026-04-28 15:10:23
84:b2:61:08:fc:cd:,eduroam,-62,2026-04-28 15:10:27
84:b2:61:08:fc:cd:,eduroam,-70,2026-04-28 15:10:31
84:b2:61:08:fc:cd:,eduroam,-70,2026-04-28 15:10:36
84:b2:61:08:fc:cd:,eduroam,-70,2026-04-28 15:10:39
84:b2:61:08:fc:cd:,eduroam,-68,2026-04-28 15:10:44
84:b2:61:08:fc:cd:,eduroam,-67,2026-04-28 15:10:51
84:b2:61:08:fc:cd:,eduroam,-67,2026-04-28 15:10:55
84:b2:61:08:fc:cd:,eduroam,-67,2026-04-28 15:10:58
84:b2:61:08:fc:cd:,eduroam,-75,2026-04-28 15:11:03
84:b2:61:08:fc:cd:,eduroam,-75,2026-04-28 15:11:07
84:b2:61:08:fc:cd:,eduroam,-67,2026-04-28 15:11:11
84:b2:61:08:fc:cd:,eduroam,-67,2026-04-28 15:11:16
84:b2:61:08:fc:cd:,eduroam,-60,2026-04-28 15:11:20
84:b2:61:08:fc:cd:,eduroam,-72,2026-04-28 15:11:24
84:b2:61:08:fc:cd:,eduroam,-62,2026-04-28 15:11:28
84:b2:61:08:fc:cd:,eduroam,-62,2026-04-28 15:11:31
84:b2:61:08:fc:cd:,eduroam,-65,2026-04-28 15:11:36
84:b2:61:08:fc:cd:,eduroam,-65,2026-04-28 15:11:39
84:b2:61:08:fc:cd:,eduroam,-65,2026-04-28 15:11:42
84:b2:61:08:fc:cd:,eduroam,-79,2026-04-28 15:11:47
84:b2:61:08:fc:cd:,eduroam,-70,2026-04-28 15:11:54
84:b2:61:08:fc:cd:,eduroam,-70,2026-04-28 15:11:57
84:b2:61:08:fc:cd:,eduroam,-61,2026-04-28 15:12:00
84:b2:61:08:fc:cd:,eduroam,-61,2026-04-28 15:12:05
84:b2:61:08:fc:cd:,eduroam,-61,2026-04-28 15:12:08
84:b2:61:08:fc:cd:,eduroam,-61,2026-04-28 15:12:12
84:b2:61:08:fc:cd:,eduroam,-61,2026-04-28 15:12:18
84:b2:61:08:fc:cd:,eduroam,-61,2026-04-28 15:12:21
84:b2:61:08:fc:cd:,eduroam,-72,2026-04-28 15:12:25
84:b2:61:08:fc:cd:,eduroam,-72,2026-04-28 15:12:29
84:b2:61:08:fc:cd:,eduroam,-66,2026-04-28 15:12:34
84:b2:61:08:fc:cd:,eduroam,-72,2026-04-28 15:12:40
84:b2:61:08:fc:cd:,eduroam,-72,2026-04-28 15:12:44
84:b2:61:08:fc:cd:,eduroam,-68,2026-04-28 15:12:50
84:b2:61:08:fc:cd:,eduroam,-68,2026-04-28 15:12:53
84:b2:61:08:fc:cd:,eduroam,-68,2026-04-28 15:12:57
84:b2:61:08:fc:cd:,eduroam,-71,2026-04-28 15:13:00
84:b2:61:08:fc:cd:,eduroam,-71,2026-04-28 15:13:04
84:b2:61:08:fc:cd:,eduroam,-72,2026-04-28 15:13:11
84:b2:61:08:fc:cd:,eduroam,-72,2026-04-28 15:13:14
f8:6b:d9:5e:10:cd:,eduroam,-41,2026-04-28 15:09:14
f8:6b:d9:5e:10:cd:,eduroam,-45,2026-04-28 15:09:17
f8:6b:d9:5e:10:cd:,eduroam,-45,2026-04-28 15:09:21
f8:6b:d9:5e:10:cd:,eduroam,-45,2026-04-28 15:09:26
f8:6b:d9:5e:10:cd:,eduroam,-43,2026-04-28 15:09:29
f8:6b:d9:5e:10:cd:,eduroam,-41,2026-04-28 15:09:35
f8:6b:d9:5e:10:cd:,eduroam,-41,2026-04-28 15:09:38
f8:6b:d9:5e:10:cd:,eduroam,-44,2026-04-28 15:09:41
f8:6b:d9:5e:10:cd:,eduroam,-45,2026-04-28 15:09:45
f8:6b:d9:5e:10:cd:,eduroam,-45,2026-04-28 15:09:48
f8:6b:d9:5e:10:cd:,eduroam,-44,2026-04-28 15:09:52
f8:6b:d9:5e:10:cd:,eduroam,-40,2026-04-28 15:10:03
f8:6b:d9:5e:10:cd:,eduroam,-46,2026-04-28 15:10:07
f8:6b:d9:5e:10:cd:,eduroam,-42,2026-04-28 15:10:11
f8:6b:d9:5e:10:cd:,eduroam,-51,2026-04-28 15:10:15
f8:6b:d9:5e:10:cd:,eduroam,-39,2026-04-28 15:10:19
f8:6b:d9:5e:10:cd:,eduroam,-43,2026-04-28 15:10:23
f8:6b:d9:5e:10:cd:,eduroam,-45,2026-04-28 15:10:27
f8:6b:d9:5e:10:cd:,eduroam,-45,2026-04-28 15:10:31
f8:6b:d9:5e:10:cd:,eduroam,-50,2026-04-28 15:10:36
f8:6b:d9:5e:10:cd:,eduroam,-47,2026-04-28 15:10:39
f8:6b:d9:5e:10:cd:,eduroam,-50,2026-04-28 15:10:44
f8:6b:d9:5e:10:cd:,eduroam,-50,2026-04-28 15:10:51
f8:6b:d9:5e:10:cd:,eduroam,-45,2026-04-28 15:10:55
f8:6b:d9:5e:10:cd:,eduroam,-45,2026-04-28 15:10:58
f8:6b:d9:5e:10:cd:,eduroam,-53,2026-04-28 15:11:03
f8:6b:d9:5e:10:cd:,eduroam,-46,2026-04-28 15:11:07
f8:6b:d9:5e:10:cd:,eduroam,-47,2026-04-28 15:11:11
f8:6b:d9:5e:10:cd:,eduroam,-43,2026-04-28 15:11:16
f8:6b:d9:5e:10:cd:,eduroam,-47,2026-04-28 15:11:20
f8:6b:d9:5e:10:cd:,eduroam,-47,2026-04-28 15:11:24
f8:6b:d9:5e:10:cd:,eduroam,-46,2026-04-28 15:11:28
f8:6b:d9:5e:10:cd:,eduroam,-53,2026-04-28 15:11:31
f8:6b:d9:5e:10:cd:,eduroam,-46,2026-04-28 15:11:36
f8:6b:d9:5e:10:cd:,eduroam,-47,2026-04-28 15:11:39
f8:6b:d9:5e:10:cd:,eduroam,-47,2026-04-28 15:11:42
f8:6b:d9:5e:10:cd:,eduroam,-63,2026-04-28 15:11:47
f8:6b:d9:5e:10:cd:,eduroam,-55,2026-04-28 15:11:54
f8:6b:d9:5e:10:cd:,eduroam,-52,2026-04-28 15:11:57
f8:6b:d9:5e:10:cd:,eduroam,-52,2026-04-28 15:12:00
f8:6b:d9:5e:10:cd:,eduroam,-51,2026-04-28 15:12:05
f8:6b:d9:5e:10:cd:,eduroam,-50,2026-04-28 15:12:08
f8:6b:d9:5e:10:cd:,eduroam,-50,2026-04-28 15:12:12
f8:6b:d9:5e:10:cd:,eduroam,-48,2026-04-28 15:12:18
f8:6b:d9:5e:10:cd:,eduroam,-48,2026-04-28 15:12:21
f8:6b:d9:5e:10:cd:,eduroam,-46,2026-04-28 15:12:25
f8:6b:d9:5e:10:cd:,eduroam,-56,2026-04-28 15:12:29
f8:6b:d9:5e:10:cd:,eduroam,-42,2026-04-28 15:12:34
f8:6b:d9:5e:10:cd:,eduroam,-50,2026-04-28 15:12:40
f8:6b:d9:5e:10:cd:,eduroam,-50,2026-04-28 15:12:44
f8:6b:d9:5e:10:cd:,eduroam,-57,2026-04-28 15:12:50
f8:6b:d9:5e:10:cd:,eduroam,-46,2026-04-28 15:12:53
f8:6b:d9:5e:10:cd:,eduroam,-46,2026-04-28 15:12:57
f8:6b:d9:5e:10:cd:,eduroam,-55,2026-04-28 15:13:00
f8:6b:d9:5e:10:cd:,eduroam,-54,2026-04-28 15:13:04
f8:6b:d9:5e:10:cd:,eduroam,-57,2026-04-28 15:13:11
f8:6b:d9:5e:10:cd:,eduroam,-57,2026-04-28 15:13:14
84:b2:61:1f:b5:3d:,eduroam,-81,2026-04-28 15:09:14
84:b2:61:1f:b5:3d:,eduroam,-81,2026-04-28 15:09:17
84:b2:61:1f:b5:3d:,eduroam,-82,2026-04-28 15:09:21
84:b2:61:1f:b5:3d:,eduroam,-82,2026-04-28 15:09:26
84:b2:61:1f:b5:3d:,eduroam,-79,2026-04-28 15:09:29
84:b2:61:1f:b5:3d:,eduroam,-79,2026-04-28 15:09:35
84:b2:61:1f:b5:3d:,eduroam,-79,2026-04-28 15:09:38
84:b2:61:1f:b5:3d:,eduroam,-79,2026-04-28 15:09:41
84:b2:61:1f:b5:3d:,eduroam,-79,2026-04-28 15:09:45
84:b2:61:1f:b5:3d:,eduroam,-79,2026-04-28 15:09:48
84:b2:61:1f:b5:3d:,eduroam,-79,2026-04-28 15:09:52
84:b2:61:1f:b5:3d:,eduroam,-79,2026-04-28 15:10:03
84:b2:61:1f:b5:3d:,eduroam,-79,2026-04-28 15:10:07
84:b2:61:1f:b5:3d:,eduroam,-79,2026-04-28 15:10:11
84:b2:61:1f:b5:3d:,eduroam,-79,2026-04-28 15:10:15
84:b2:61:1f:b5:3d:,eduroam,-79,2026-04-28 15:10:19
84:b2:61:1f:b5:3d:,eduroam,-79,2026-04-28 15:10:23
84:b2:61:1f:b5:3d:,eduroam,-82,2026-04-28 15:10:27
84:b2:61:1f:b5:3d:,eduroam,-82,2026-04-28 15:10:31
84:b2:61:1f:b5:3d:,eduroam,-82,2026-04-28 15:10:36
84:b2:61:1f:b5:3d:,eduroam,-82,2026-04-28 15:10:39
84:b2:61:1f:b5:3d:,eduroam,-82,2026-04-28 15:10:44
84:b2:61:1f:b5:3d:,eduroam,-82,2026-04-28 15:10:51
84:b2:61:1f:b5:3d:,eduroam,-82,2026-04-28 15:10:55
84:b2:61:1f:b5:3d:,eduroam,-82,2026-04-28 15:10:58
84:b2:61:1f:b5:3d:,eduroam,-82,2026-04-28 15:11:03
84:b2:61:1f:b5:3d:,eduroam,-82,2026-04-28 15:11:07
84:b2:61:1f:b5:3d:,eduroam,-82,2026-04-28 15:11:11
84:b2:61:1f:b5:3d:,eduroam,-82,2026-04-28 15:11:16
84:b2:61:1f:b5:3d:,eduroam,-82,2026-04-28 15:11:20
84:b2:61:1f:b5:3d:,eduroam,-82,2026-04-28 15:11:24
84:b2:61:1f:b5:3d:,eduroam,-82,2026-04-28 15:11:28
84:b2:61:1f:b5:3d:,eduroam,-82,2026-04-28 15:11:31
84:b2:61:1f:b5:3d:,eduroam,-82,2026-04-28 15:11:36
84:b2:61:1f:b5:3d:,eduroam,-82,2026-04-28 15:11:39
84:b2:61:1f:b5:3d:,eduroam,-82,2026-04-28 15:11:42
84:b2:61:1f:b5:3d:,eduroam,-82,2026-04-28 15:11:47
84:b2:61:1f:b5:3d:,eduroam,-82,2026-04-28 15:11:54
84:b2:61:1f:b5:3d:,eduroam,-82,2026-04-28 15:11:57
84:b2:61:1f:b5:3d:,eduroam,-79,2026-04-28 15:12:00
84:b2:61:1f:b5:3d:,eduroam,-79,2026-04-28 15:12:05
84:b2:61:1f:b5:3d:,eduroam,-79,2026-04-28 15:12:08
84:b2:61:1f:b5:3d:,eduroam,-79,2026-04-28 15:12:12
84:b2:61:1f:b5:3d:,eduroam,-79,2026-04-28 15:12:18
84:b2:61:1f:b5:3d:,eduroam,-79,2026-04-28 15:12:21
84:b2:61:1f:b5:3d:,eduroam,-79,2026-04-28 15:12:25
84:b2:61:1f:b5:3d:,eduroam,-79,2026-04-28 15:12:29
84:b2:61:1f:b5:3d:,eduroam,-79,2026-04-28 15:12:34
84:b2:61:1f:b5:3d:,eduroam,-79,2026-04-28 15:12:40
84:b2:61:1f:b5:3d:,eduroam,-79,2026-04-28 15:12:44
84:b2:61:1f:b5:3d:,eduroam,-79,2026-04-28 15:12:50
84:b2:61:1f:b5:3d:,eduroam,-79,2026-04-28 15:12:53
84:b2:61:1f:b5:3d:,eduroam,-79,2026-04-28 15:12:57
84:b2:61:1f:b5:3d:,eduroam,-79,2026-04-28 15:13:00
84:b2:61:1f:b5:3d:,eduroam,-79,2026-04-28 15:13:04
84:b2:61:1f:b5:3d:,eduroam,-79,2026-04-28 15:13:11
84:b2:61:1f:b5:3d:,eduroam,-79,2026-04-28 15:13:14
84:b2:61:08:fc:c2:,eduroam,-76,2026-04-28 15:09:14
84:b2:61:08:fc:c2:,eduroam,-68,2026-04-28 15:09:17
84:b2:61:08:fc:c2:,eduroam,-71,2026-04-28 15:09:21
84:b2:61:08:fc:c2:,eduroam,-65,2026-04-28 15:09:26
84:b2:61:08:fc:c2:,eduroam,-73,2026-04-28 15:09:29
84:b2:61:08:fc:c2:,eduroam,-64,2026-04-28 15:09:35
84:b2:61:08:fc:c2:,eduroam,-64,2026-04-28 15:09:38
84:b2:61:08:fc:c2:,eduroam,-79,2026-04-28 15:09:41
84:b2:61:08:fc:c2:,eduroam,-65,2026-04-28 15:09:45
84:b2:61:08:fc:c2:,eduroam,-65,2026-04-28 15:09:48
84:b2:61:08:fc:c2:,eduroam,-84,2026-04-28 15:09:52
84:b2:61:08:fc:c2:,eduroam,-70,2026-04-28 15:10:03
84:b2:61:08:fc:c2:,eduroam,-82,2026-04-28 15:10:07
84:b2:61:08:fc:c2:,eduroam,-71,2026-04-28 15:10:11
84:b2:61:08:fc:c2:,eduroam,-86,2026-04-28 15:10:15
84:b2:61:08:fc:c2:,eduroam,-69,2026-04-28 15:10:19
84:b2:61:08:fc:c2:,eduroam,-75,2026-04-28 15:10:23
84:b2:61:08:fc:c2:,eduroam,-78,2026-04-28 15:10:27
84:b2:61:08:fc:c2:,eduroam,-78,2026-04-28 15:10:31
84:b2:61:08:fc:c2:,eduroam,-86,2026-04-28 15:10:36
84:b2:61:08:fc:c2:,eduroam,-78,2026-04-28 15:10:39
84:b2:61:08:fc:c2:,eduroam,-79,2026-04-28 15:10:44
84:b2:61:08:fc:c2:,eduroam,-66,2026-04-28 15:10:51
84:b2:61:08:fc:c2:,eduroam,-86,2026-04-28 15:10:55
84:b2:61:08:fc:c2:,eduroam,-86,2026-04-28 15:10:58
84:b2:61:08:fc:c2:,eduroam,-74,2026-04-28 15:11:03
84:b2:61:08:fc:c2:,eduroam,-76,2026-04-28 15:11:07
84:b2:61:08:fc:c2:,eduroam,-75,2026-04-28 15:11:11
84:b2:61:08:fc:c2:,eduroam,-79,2026-04-28 15:11:16
84:b2:61:08:fc:c2:,eduroam,-74,2026-04-28 15:11:20
84:b2:61:08:fc:c2:,eduroam,-74,2026-04-28 15:11:24
84:b2:61:08:fc:c2:,eduroam,-74,2026-04-28 15:11:28
84:b2:61:08:fc:c2:,eduroam,-70,2026-04-28 15:11:31
84:b2:61:08:fc:c2:,eduroam,-84,2026-04-28 15:11:36
84:b2:61:08:fc:c2:,eduroam,-81,2026-04-28 15:11:39
84:b2:61:08:fc:c2:,eduroam,-81,2026-04-28 15:11:42
84:b2:61:08:fc:c2:,eduroam,-84,2026-04-28 15:11:47
84:b2:61:08:fc:c2:,eduroam,-70,2026-04-28 15:11:54
84:b2:61:08:fc:c2:,eduroam,-79,2026-04-28 15:11:57
84:b2:61:08:fc:c2:,eduroam,-79,2026-04-28 15:12:00
84:b2:61:08:fc:c2:,eduroam,-79,2026-04-28 15:12:05
84:b2:61:08:fc:c2:,eduroam,-79,2026-04-28 15:12:08
84:b2:61:08:fc:c2:,eduroam,-79,2026-04-28 15:12:12
84:b2:61:08:fc:c2:,eduroam,-81,2026-04-28 15:12:18
84:b2:61:08:fc:c2:,eduroam,-81,2026-04-28 15:12:21
84:b2:61:08:fc:c2:,eduroam,-82,2026-04-28 15:12:25
84:b2:61:08:fc:c2:,eduroam,-78,2026-04-28 15:12:29
84:b2:61:08:fc:c2:,eduroam,-85,2026-04-28 15:12:34
84:b2:61:08:fc:c2:,eduroam,-71,2026-04-28 15:12:40
84:b2:61:08:fc:c2:,eduroam,-88,2026-04-28 15:12:44
84:b2:61:08:fc:c2:,eduroam,-72,2026-04-28 15:12:50
84:b2:61:08:fc:c2:,eduroam,-88,2026-04-28 15:12:53
84:b2:61:08:fc:c2:,eduroam,-88,2026-04-28 15:12:57
84:b2:61:08:fc:c2:,eduroam,-69,2026-04-28 15:13:00
84:b2:61:08:fc:c2:,eduroam,-84,2026-04-28 15:13:04
84:b2:61:08:fc:c2:,eduroam,-78,2026-04-28 15:13:11
84:b2:61:08:fc:c2:,eduroam,-78,2026-04-28 15:13:14
84:b2:61:1f:b5:35:,Hidden,-86,2026-04-28 15:09:21
84:b2:61:1f:b5:35:,Hidden,-86,2026-04-28 15:09:26
84:b2:61:1f:b5:35:,Hidden,-86,2026-04-28 15:09:29
84:b2:61:1f:b5:35:,Hidden,-86,2026-04-28 15:09:35
84:b2:61:1f:b5:35:,Hidden,-86,2026-04-28 15:09:38
84:b2:61:1f:b5:35:,Hidden,-86,2026-04-28 15:09:41
84:b2:61:1f:b5:35:,Hidden,-86,2026-04-28 15:09:45
84:b2:61:1f:b5:35:,Hidden,-86,2026-04-28 15:09:48
84:b2:61:1f:b5:35:,Hidden,-86,2026-04-28 15:09:52
84:b2:61:1f:b5:35:,Hidden,-86,2026-04-28 15:10:03
84:b2:61:1f:b5:35:,Hidden,-86,2026-04-28 15:10:07
84:b2:61:1f:b5:35:,Hidden,-86,2026-04-28 15:10:11
84:b2:61:1f:b5:35:,Hidden,-86,2026-04-28 15:10:15
84:b2:61:1f:b5:35:,Hidden,-86,2026-04-28 15:10:19
84:b2:61:1f:b5:35:,Hidden,-86,2026-04-28 15:10:23
84:b2:61:1f:b5:35:,Hidden,-86,2026-04-28 15:10:27
84:b2:61:1f:b5:35:,Hidden,-86,2026-04-28 15:10:31
84:b2:61:1f:b5:35:,Hidden,-86,2026-04-28 15:10:36
84:b2:61:1f:b5:35:,Hidden,-86,2026-04-28 15:10:39
84:b2:61:1f:b5:35:,Hidden,-86,2026-04-28 15:10:44
84:b2:61:1f:b5:35:,Hidden,-86,2026-04-28 15:10:51
84:b2:61:1f:b5:35:,Hidden,-86,2026-04-28 15:10:55
84:b2:61:1f:b5:35:,Hidden,-86,2026-04-28 15:10:58
84:b2:61:1f:b5:35:,Hidden,-86,2026-04-28 15:11:03
84:b2:61:1f:b5:35:,Hidden,-86,2026-04-28 15:11:07
84:b2:61:1f:b5:35:,Hidden,-86,2026-04-28 15:11:11
84:b2:61:1f:b5:35:,Hidden,-86,2026-04-28 15:11:16
84:b2:61:1f:b5:35:,Hidden,-83,2026-04-28 15:11:20
84:b2:61:1f:b5:35:,Hidden,-83,2026-04-28 15:11:24
84:b2:61:1f:b5:35:,Hidden,-83,2026-04-28 15:11:28
84:b2:61:1f:b5:35:,Hidden,-83,2026-04-28 15:11:31
84:b2:61:1f:b5:35:,Hidden,-83,2026-04-28 15:11:36
84:b2:61:1f:b5:35:,Hidden,-83,2026-04-28 15:11:39
84:b2:61:1f:b5:35:,Hidden,-83,2026-04-28 15:11:42
84:b2:61:1f:b5:35:,Hidden,-83,2026-04-28 15:11:47
84:b2:61:1f:b5:35:,Hidden,-83,2026-04-28 15:11:54
84:b2:61:1f:b5:35:,Hidden,-83,2026-04-28 15:11:57
84:b2:61:1f:b5:35:,Hidden,-83,2026-04-28 15:12:00
84:b2:61:1f:b5:35:,Hidden,-83,2026-04-28 15:12:05
84:b2:61:1f:b5:35:,Hidden,-83,2026-04-28 15:12:08
84:b2:61:1f:b5:35:,Hidden,-83,2026-04-28 15:12:12
84:b2:61:1f:b5:35:,Hidden,-83,2026-04-28 15:12:18
84:b2:61:1f:b5:35:,Hidden,-83,2026-04-28 15:12:21
84:b2:61:1f:b5:35:,Hidden,-83,2026-04-28 15:12:25
84:b2:61:1f:b5:35:,Hidden,-83,2026-04-28 15:12:29
84:b2:61:1f:b5:35:,Hidden,-83,2026-04-28 15:12:34
84:b2:61:1f:b5:35:,Hidden,-83,2026-04-28 15:12:40
84:b2:61:1f:b5:35:,Hidden,-83,2026-04-28 15:12:44
84:b2:61:1f:b5:35:,Hidden,-83,2026-04-28 15:12:50
84:b2:61:1f:b5:35:,Hidden,-83,2026-04-28 15:12:53
84:b2:61:1f:b5:35:,Hidden,-83,2026-04-28 15:12:57
84:b2:61:1f:b5:35:,Hidden,-83,2026-04-28 15:13:00
84:b2:61:1f:b5:35:,Hidden,-83,2026-04-28 15:13:04
84:b2:61:1f:b5:35:,Hidden,-83,2026-04-28 15:13:11
84:b2:61:1f:b5:35:,Hidden,-83,2026-04-28 15:13:14
5e:9a:0d:a3:a3:0f:,Guillaume,-82,2026-04-28 15:09:21
5e:9a:0d:a3:a3:0f:,Guillaume,-82,2026-04-28 15:09:26
5e:9a:0d:a3:a3:0f:,Guillaume,-82,2026-04-28 15:09:29
5e:9a:0d:a3:a3:0f:,Guillaume,-82,2026-04-28 15:09:35
5e:9a:0d:a3:a3:0f:,Guillaume,-82,2026-04-28 15:09:38
5e:9a:0d:a3:a3:0f:,Guillaume,-82,2026-04-28 15:09:41
5e:9a:0d:a3:a3:0f:,Guillaume,-82,2026-04-28 15:09:45
5e:9a:0d:a3:a3:0f:,Guillaume,-82,2026-04-28 15:09:48
5e:9a:0d:a3:a3:0f:,Guillaume,-82,2026-04-28 15:09:52
5e:9a:0d:a3:a3:0f:,Guillaume,-82,2026-04-28 15:10:03
5e:9a:0d:a3:a3:0f:,Guillaume,-82,2026-04-28 15:10:07
5e:9a:0d:a3:a3:0f:,Guillaume,-87,2026-04-28 15:10:11
5e:9a:0d:a3:a3:0f:,Guillaume,-87,2026-04-28 15:10:15
5e:9a:0d:a3:a3:0f:,Guillaume,-84,2026-04-28 15:10:19
5e:9a:0d:a3:a3:0f:,Guillaume,-84,2026-04-28 15:10:23
5e:9a:0d:a3:a3:0f:,Guillaume,-84,2026-04-28 15:10:27
5e:9a:0d:a3:a3:0f:,Guillaume,-84,2026-04-28 15:10:31
5e:9a:0d:a3:a3:0f:,Guillaume,-84,2026-04-28 15:10:36
5e:9a:0d:a3:a3:0f:,Guillaume,-84,2026-04-28 15:10:39
5e:9a:0d:a3:a3:0f:,Guillaume,-84,2026-04-28 15:10:44
5e:9a:0d:a3:a3:0f:,Guillaume,-84,2026-04-28 15:10:51
5e:9a:0d:a3:a3:0f:,Guillaume,-84,2026-04-28 15:10:55
5e:9a:0d:a3:a3:0f:,Guillaume,-84,2026-04-28 15:10:58
5e:9a:0d:a3:a3:0f:,Guillaume,-84,2026-04-28 15:11:03
5e:9a:0d:a3:a3:0f:,Guillaume,-84,2026-04-28 15:11:07
5e:9a:0d:a3:a3:0f:,Guillaume,-84,2026-04-28 15:11:11
5e:9a:0d:a3:a3:0f:,Guillaume,-84,2026-04-28 15:11:16
5e:9a:0d:a3:a3:0f:,Guillaume,-84,2026-04-28 15:11:20
5e:9a:0d:a3:a3:0f:,Guillaume,-84,2026-04-28 15:11:24
5e:9a:0d:a3:a3:0f:,Guillaume,-84,2026-04-28 15:11:28
5e:9a:0d:a3:a3:0f:,Guillaume,-84,2026-04-28 15:11:31
5e:9a:0d:a3:a3:0f:,Guillaume,-84,2026-04-28 15:11:36
5e:9a:0d:a3:a3:0f:,Guillaume,-84,2026-04-28 15:11:39
5e:9a:0d:a3:a3:0f:,Guillaume,-84,2026-04-28 15:11:42
5e:9a:0d:a3:a3:0f:,Guillaume,-84,2026-04-28 15:11:47
5e:9a:0d:a3:a3:0f:,Guillaume,-84,2026-04-28 15:11:54
5e:9a:0d:a3:a3:0f:,Guillaume,-84,2026-04-28 15:11:57
5e:9a:0d:a3:a3:0f:,Guillaume,-84,2026-04-28 15:12:00
5e:9a:0d:a3:a3:0f:,Guillaume,-84,2026-04-28 15:12:05
5e:9a:0d:a3:a3:0f:,Guillaume,-84,2026-04-28 15:12:08
5e:9a:0d:a3:a3:0f:,Guillaume,-84,2026-04-28 15:12:12
70:61:7b:e9:ac:21:,UTT,-87,2026-04-28 15:09:35
70:61:7b:e9:ac:21:,UTT,-87,2026-04-28 15:09:38
70:61:7b:e9:ac:21:,UTT,-87,2026-04-28 15:09:41
70:61:7b:e9:ac:21:,UTT,-86,2026-04-28 15:09:45
70:61:7b:e9:ac:21:,UTT,-86,2026-04-28 15:09:48
70:61:7b:e9:ac:21:,UTT,-86,2026-04-28 15:09:52
70:61:7b:e9:ac:21:,UTT,-79,2026-04-28 15:10:03
70:61:7b:e9:ac:21:,UTT,-79,2026-04-28 15:10:07
70:61:7b:e9:ac:21:,UTT,-88,2026-04-28 15:10:11
70:61:7b:e9:ac:21:,UTT,-88,2026-04-28 15:10:15
70:61:7b:e9:ac:21:,UTT,-88,2026-04-28 15:10:19
70:61:7b:e9:ac:21:,UTT,-88,2026-04-28 15:10:23
70:61:7b:e9:ac:21:,UTT,-88,2026-04-28 15:10:27
70:61:7b:e9:ac:21:,UTT,-88,2026-04-28 15:10:31
70:61:7b:e9:ac:21:,UTT,-88,2026-04-28 15:10:36
70:61:7b:e9:ac:21:,UTT,-88,2026-04-28 15:10:39
70:61:7b:e9:ac:21:,UTT,-88,2026-04-28 15:10:44
70:61:7b:e9:ac:21:,UTT,-88,2026-04-28 15:10:51
70:61:7b:e9:ac:21:,UTT,-88,2026-04-28 15:10:55
70:61:7b:e9:ac:21:,UTT,-88,2026-04-28 15:10:58
70:61:7b:e9:ac:21:,UTT,-88,2026-04-28 15:11:03
70:61:7b:e9:ac:21:,UTT,-88,2026-04-28 15:11:07
70:61:7b:e9:ac:21:,UTT,-88,2026-04-28 15:11:11
70:61:7b:e9:ac:21:,UTT,-88,2026-04-28 15:11:16
70:61:7b:e9:ac:21:,UTT,-88,2026-04-28 15:11:20
70:61:7b:e9:ac:21:,UTT,-88,2026-04-28 15:11:24
70:61:7b:e9:ac:21:,UTT,-88,2026-04-28 15:11:28
70:61:7b:e9:ac:21:,UTT,-88,2026-04-28 15:11:31
70:61:7b:e9:ac:21:,UTT,-88,2026-04-28 15:11:36
70:61:7b:e9:ac:21:,UTT,-88,2026-04-28 15:11:39
70:61:7b:e9:ac:21:,UTT,-88,2026-04-28 15:11:42
70:61:7b:e9:ac:21:,UTT,-88,2026-04-28 15:11:47
70:61:7b:e9:ac:21:,UTT,-88,2026-04-28 15:11:54
70:61:7b:e9:ac:21:,UTT,-88,2026-04-28 15:11:57
70:61:7b:e9:ac:21:,UTT,-88,2026-04-28 15:12:00
70:61:7b:e9:ac:21:,UTT,-88,2026-04-28 15:12:05
70:61:7b:e9:ac:21:,UTT,-88,2026-04-28 15:12:08
70:61:7b:e9:ac:22:,eduroam,-86,2026-04-28 15:09:35
70:61:7b:e9:ac:22:,eduroam,-86,2026-04-28 15:09:38
70:61:7b:e9:ac:22:,eduroam,-86,2026-04-28 15:09:41
70:61:7b:e9:ac:22:,eduroam,-85,2026-04-28 15:09:45
70:61:7b:e9:ac:22:,eduroam,-85,2026-04-28 15:09:48
70:61:7b:e9:ac:22:,eduroam,-85,2026-04-28 15:09:52
70:61:7b:e9:ac:22:,eduroam,-79,2026-04-28 15:10:03
70:61:7b:e9:ac:22:,eduroam,-88,2026-04-28 15:10:07
70:61:7b:e9:ac:22:,eduroam,-86,2026-04-28 15:10:11
70:61:7b:e9:ac:22:,eduroam,-86,2026-04-28 15:10:15
70:61:7b:e9:ac:22:,eduroam,-86,2026-04-28 15:10:19
70:61:7b:e9:ac:22:,eduroam,-86,2026-04-28 15:10:23
70:61:7b:e9:ac:22:,eduroam,-86,2026-04-28 15:10:27
70:61:7b:e9:ac:22:,eduroam,-86,2026-04-28 15:10:31
70:61:7b:e9:ac:22:,eduroam,-86,2026-04-28 15:10:36
70:61:7b:e9:ac:22:,eduroam,-86,2026-04-28 15:10:39
70:61:7b:e9:ac:22:,eduroam,-86,2026-04-28 15:10:44
70:61:7b:e9:ac:22:,eduroam,-86,2026-04-28 15:10:51
70:61:7b:e9:ac:22:,eduroam,-86,2026-04-28 15:10:55
70:61:7b:e9:ac:22:,eduroam,-86,2026-04-28 15:10:58
70:61:7b:e9:ac:22:,eduroam,-86,2026-04-28 15:11:03
70:61:7b:e9:ac:22:,eduroam,-86,2026-04-28 15:11:07
70:61:7b:e9:ac:22:,eduroam,-86,2026-04-28 15:11:11
70:61:7b:e9:ac:22:,eduroam,-86,2026-04-28 15:11:16
70:61:7b:e9:ac:22:,eduroam,-86,2026-04-28 15:11:20
70:61:7b:e9:ac:22:,eduroam,-86,2026-04-28 15:11:24
70:61:7b:e9:ac:22:,eduroam,-86,2026-04-28 15:11:28
70:61:7b:e9:ac:22:,eduroam,-86,2026-04-28 15:11:31
70:61:7b:e9:ac:22:,eduroam,-86,2026-04-28 15:11:36
70:61:7b:e9:ac:22:,eduroam,-86,2026-04-28 15:11:39
70:61:7b:e9:ac:22:,eduroam,-86,2026-04-28 15:11:42
70:61:7b:e9:ac:22:,eduroam,-86,2026-04-28 15:11:47
70:61:7b:e9:ac:22:,eduroam,-86,2026-04-28 15:11:54
70:61:7b:e9:ac:22:,eduroam,-86,2026-04-28 15:11:57
70:61:7b:e9:ac:22:,eduroam,-86,2026-04-28 15:12:00
70:61:7b:e9:ac:22:,eduroam,-86,2026-04-28 15:12:05
70:61:7b:e9:ac:22:,eduroam,-86,2026-04-28 15:12:08
84:b2:61:08:fc:c5:,Hidden,-63,2026-04-28 15:09:48
84:b2:61:08:fc:c5:,Hidden,-63,2026-04-28 15:09:52
84:b2:61:08:fc:c5:,Hidden,-63,2026-04-28 15:10:03
84:b2:61:08:fc:c5:,Hidden,-63,2026-04-28 15:10:07
84:b2:61:08:fc:c5:,Hidden,-64,2026-04-28 15:10:11
84:b2:61:08:fc:c5:,Hidden,-64,2026-04-28 15:10:15
84:b2:61:08:fc:c5:,Hidden,-64,2026-04-28 15:10:19
84:b2:61:08:fc:c5:,Hidden,-64,2026-04-28 15:10:23
84:b2:61:08:fc:c5:,Hidden,-64,2026-04-28 15:10:27
84:b2:61:08:fc:c5:,Hidden,-70,2026-04-28 15:10:31
84:b2:61:08:fc:c5:,Hidden,-70,2026-04-28 15:10:36
84:b2:61:08:fc:c5:,Hidden,-70,2026-04-28 15:10:39
84:b2:61:08:fc:c5:,Hidden,-70,2026-04-28 15:10:44
84:b2:61:08:fc:c5:,Hidden,-70,2026-04-28 15:10:51
84:b2:61:08:fc:c5:,Hidden,-70,2026-04-28 15:10:55
84:b2:61:08:fc:c5:,Hidden,-70,2026-04-28 15:10:58
84:b2:61:08:fc:c5:,Hidden,-70,2026-04-28 15:11:03
84:b2:61:08:fc:c5:,Hidden,-70,2026-04-28 15:11:07
84:b2:61:08:fc:c5:,Hidden,-70,2026-04-28 15:11:11
84:b2:61:08:fc:c5:,Hidden,-70,2026-04-28 15:11:16
84:b2:61:08:fc:c5:,Hidden,-70,2026-04-28 15:11:20
84:b2:61:08:fc:c5:,Hidden,-70,2026-04-28 15:11:24
84:b2:61:08:fc:c5:,Hidden,-70,2026-04-28 15:11:28
84:b2:61:08:fc:c5:,Hidden,-70,2026-04-28 15:11:31
84:b2:61:08:fc:c5:,Hidden,-70,2026-04-28 15:11:36
84:b2:61:08:fc:c5:,Hidden,-70,2026-04-28 15:11:39
84:b2:61:08:fc:c5:,Hidden,-64,2026-04-28 15:11:42
84:b2:61:08:fc:c5:,Hidden,-64,2026-04-28 15:11:47
84:b2:61:08:fc:c5:,Hidden,-64,2026-04-28 15:11:54
84:b2:61:08:fc:c5:,Hidden,-64,2026-04-28 15:11:57
84:b2:61:08:fc:c5:,Hidden,-64,2026-04-28 15:12:00
84:b2:61:08:fc:c5:,Hidden,-62,2026-04-28 15:12:05
84:b2:61:08:fc:c5:,Hidden,-62,2026-04-28 15:12:08
84:b2:61:08:fc:c5:,Hidden,-62,2026-04-28 15:12:12
84:b2:61:08:fc:c5:,Hidden,-62,2026-04-28 15:12:18
84:b2:61:08:fc:c5:,Hidden,-62,2026-04-28 15:12:21
84:b2:61:08:fc:c5:,Hidden,-72,2026-04-28 15:12:25
84:b2:61:08:fc:c5:,Hidden,-72,2026-04-28 15:12:29
84:b2:61:08:fc:c5:,Hidden,-66,2026-04-28 15:12:34
84:b2:61:08:fc:c5:,Hidden,-72,2026-04-28 15:12:40
84:b2:61:08:fc:c5:,Hidden,-72,2026-04-28 15:12:44
84:b2:61:08:fc:c5:,Hidden,-72,2026-04-28 15:12:50
84:b2:61:08:fc:c5:,Hidden,-72,2026-04-28 15:12:53
84:b2:61:08:fc:c5:,Hidden,-72,2026-04-28 15:12:57
84:b2:61:08:fc:c5:,Hidden,-72,2026-04-28 15:13:00
84:b2:61:08:fc:c5:,Hidden,-72,2026-04-28 15:13:04
84:b2:61:08:fc:c5:,Hidden,-72,2026-04-28 15:13:11
84:b2:61:08:fc:c5:,Hidden,-72,2026-04-28 15:13:14
f8:6b:d9:5e:10:ca:,Hidden,-59,2026-04-28 15:10:07
f8:6b:d9:5e:10:ca:,Hidden,-60,2026-04-28 15:10:11
f8:6b:d9:5e:10:ca:,Hidden,-60,2026-04-28 15:10:15
f8:6b:d9:5e:10:ca:,Hidden,-42,2026-04-28 15:10:19
f8:6b:d9:5e:10:ca:,Hidden,-43,2026-04-28 15:10:23
f8:6b:d9:5e:10:ca:,Hidden,-43,2026-04-28 15:10:27
f8:6b:d9:5e:10:ca:,Hidden,-43,2026-04-28 15:10:31
f8:6b:d9:5e:10:ca:,Hidden,-43,2026-04-28 15:10:36
f8:6b:d9:5e:10:ca:,Hidden,-43,2026-04-28 15:10:39
f8:6b:d9:5e:10:ca:,Hidden,-43,2026-04-28 15:10:44
f8:6b:d9:5e:10:ca:,Hidden,-43,2026-04-28 15:10:51
f8:6b:d9:5e:10:ca:,Hidden,-52,2026-04-28 15:10:55
f8:6b:d9:5e:10:ca:,Hidden,-52,2026-04-28 15:10:58
f8:6b:d9:5e:10:ca:,Hidden,-52,2026-04-28 15:11:03
f8:6b:d9:5e:10:ca:,Hidden,-52,2026-04-28 15:11:07
f8:6b:d9:5e:10:ca:,Hidden,-52,2026-04-28 15:11:11
f8:6b:d9:5e:10:ca:,Hidden,-52,2026-04-28 15:11:16
f8:6b:d9:5e:10:ca:,Hidden,-49,2026-04-28 15:11:20
f8:6b:d9:5e:10:ca:,Hidden,-49,2026-04-28 15:11:24
f8:6b:d9:5e:10:ca:,Hidden,-49,2026-04-28 15:11:28
f8:6b:d9:5e:10:ca:,Hidden,-53,2026-04-28 15:11:31
f8:6b:d9:5e:10:ca:,Hidden,-53,2026-04-28 15:11:36
f8:6b:d9:5e:10:ca:,Hidden,-53,2026-04-28 15:11:39
f8:6b:d9:5e:10:ca:,Hidden,-53,2026-04-28 15:11:42
f8:6b:d9:5e:10:ca:,Hidden,-53,2026-04-28 15:11:47
f8:6b:d9:5e:10:ca:,Hidden,-44,2026-04-28 15:11:54
f8:6b:d9:5e:10:ca:,Hidden,-60,2026-04-28 15:11:57
f8:6b:d9:5e:10:ca:,Hidden,-60,2026-04-28 15:12:00
f8:6b:d9:5e:10:ca:,Hidden,-60,2026-04-28 15:12:05
f8:6b:d9:5e:10:ca:,Hidden,-55,2026-04-28 15:12:08
f8:6b:d9:5e:10:ca:,Hidden,-55,2026-04-28 15:12:12
f8:6b:d9:5e:10:ca:,Hidden,-55,2026-04-28 15:12:18
f8:6b:d9:5e:10:ca:,Hidden,-55,2026-04-28 15:12:21
f8:6b:d9:5e:10:ca:,Hidden,-55,2026-04-28 15:12:25
f8:6b:d9:5e:10:ca:,Hidden,-55,2026-04-28 15:12:29
f8:6b:d9:5e:10:ca:,Hidden,-55,2026-04-28 15:12:34
f8:6b:d9:5e:10:ca:,Hidden,-55,2026-04-28 15:12:40
f8:6b:d9:5e:10:ca:,Hidden,-57,2026-04-28 15:12:44
f8:6b:d9:5e:10:ca:,Hidden,-57,2026-04-28 15:12:50
f8:6b:d9:5e:10:ca:,Hidden,-57,2026-04-28 15:12:53
f8:6b:d9:5e:10:ca:,Hidden,-57,2026-04-28 15:12:57
f8:6b:d9:5e:10:ca:,Hidden,-57,2026-04-28 15:13:00
f8:6b:d9:5e:10:ca:,Hidden,-63,2026-04-28 15:13:04
f8:6b:d9:5e:10:ca:,Hidden,-54,2026-04-28 15:13:11
f8:6b:d9:5e:10:ca:,Hidden,-54,2026-04-28 15:13:14
