BSSID,SSID,RSSI(dBm),Time
e4:aa:5d:bf:25:57:,UTTetudiants,-82,2026-04-30 10:55:21
e4:aa:5d:bf:25:57:,UTTetudiants,-60,2026-04-30 10:55:21
e4:aa:5d:bf:25:57:,UTTetudiants,-82,2026-04-30 10:55:21
e4:aa:5d:bf:25:57:,UTTetudiants,-69,2026-04-30 10:55:24
e4:aa:5d:bf:25:57:,UTTetudiants,-60,2026-04-30 10:55:24
e4:aa:5d:bf:25:57:,UTTetudiants,-69,2026-04-30 10:55:24
e4:aa:5d:bf:25:57:,UTTetudiants,-69,2026-04-30 10:55:27
e4:aa:5d:bf:25:57:,UTTetudiants,-56,2026-04-30 10:55:27
e4:aa:5d:bf:25:57:,UTTetudiants,-69,2026-04-30 10:55:27
e4:aa:5d:bf:25:57:,UTTetudiants,-78,2026-04-30 10:55:30
e4:aa:5d:bf:25:57:,UTTetudiants,-63,2026-04-30 10:55:30
e4:aa:5d:bf:25:57:,UTTetudiants,-78,2026-04-30 10:55:30
e4:aa:5d:bf:25:57:,UTTetudiants,-79,2026-04-30 10:55:33
e4:aa:5d:bf:25:57:,UTTetudiants,-63,2026-04-30 10:55:33
e4:aa:5d:bf:25:57:,UTTetudiants,-79,2026-04-30 10:55:33
e4:aa:5d:bf:25:57:,UTTetudiants,-79,2026-04-30 10:55:36
e4:aa:5d:bf:25:57:,UTTetudiants,-66,2026-04-30 10:55:36
e4:aa:5d:bf:25:57:,UTTetudiants,-79,2026-04-30 10:55:36
e4:aa:5d:bf:25:57:,UTTetudiants,-81,2026-04-30 10:55:39
e4:aa:5d:bf:25:57:,UTTetudiants,-62,2026-04-30 10:55:39
e4:aa:5d:bf:25:57:,UTTetudiants,-81,2026-04-30 10:55:39
e4:aa:5d:bf:25:57:,UTTetudiants,-73,2026-04-30 10:55:42
e4:aa:5d:bf:25:57:,UTTetudiants,-62,2026-04-30 10:55:42
e4:aa:5d:bf:25:57:,UTTetudiants,-73,2026-04-30 10:55:42
e4:aa:5d:bf:25:57:,UTTetudiants,-77,2026-04-30 10:55:48
e4:aa:5d:bf:25:57:,UTTetudiants,-65,2026-04-30 10:55:48
e4:aa:5d:bf:25:57:,UTTetudiants,-77,2026-04-30 10:55:48
e4:aa:5d:bf:25:57:,UTTetudiants,-66,2026-04-30 10:55:51
e4:aa:5d:bf:25:57:,UTTetudiants,-65,2026-04-30 10:55:51
e4:aa:5d:bf:25:57:,UTTetudiants,-66,2026-04-30 10:55:51
e4:aa:5d:bf:25:57:,UTTetudiants,-66,2026-04-30 10:55:53
e4:aa:5d:bf:25:57:,UTTetudiants,-65,2026-04-30 10:55:53
e4:aa:5d:bf:25:57:,UTTetudiants,-66,2026-04-30 10:55:53
e4:aa:5d:bf:25:57:,UTTetudiants,-82,2026-04-30 10:55:56
e4:aa:5d:bf:25:57:,UTTetudiants,-56,2026-04-30 10:55:56
e4:aa:5d:bf:25:57:,UTTetudiants,-82,2026-04-30 10:55:56
e4:aa:5d:bf:25:57:,UTTetudiants,-75,2026-04-30 10:55:58
e4:aa:5d:bf:25:57:,UTTetudiants,-56,2026-04-30 10:55:58
e4:aa:5d:bf:25:57:,UTTetudiants,-75,2026-04-30 10:55:58
e4:aa:5d:bf:25:57:,UTTetudiants,-75,2026-04-30 10:56:02
e4:aa:5d:bf:25:57:,UTTetudiants,-56,2026-04-30 10:56:02
e4:aa:5d:bf:25:57:,UTTetudiants,-75,2026-04-30 10:56:02
e4:aa:5d:bf:25:57:,UTTetudiants,-74,2026-04-30 10:56:05
e4:aa:5d:bf:25:57:,UTTetudiants,-61,2026-04-30 10:56:05
e4:aa:5d:bf:25:57:,UTTetudiants,-74,2026-04-30 10:56:05
e4:aa:5d:bf:25:57:,UTTetudiants,-67,2026-04-30 10:56:09
e4:aa:5d:bf:25:57:,UTTetudiants,-61,2026-04-30 10:56:09
e4:aa:5d:bf:25:57:,UTTetudiants,-67,2026-04-30 10:56:09
e4:aa:5d:bf:25:57:,UTTetudiants,-67,2026-04-30 10:56:12
e4:aa:5d:bf:25:57:,UTTetudiants,-64,2026-04-30 10:56:12
e4:aa:5d:bf:25:57:,UTTetudiants,-67,2026-04-30 10:56:12
e4:aa:5d:bf:25:57:,UTTetudiants,-78,2026-04-30 10:56:14
e4:aa:5d:bf:25:57:,UTTetudiants,-60,2026-04-30 10:56:14
e4:aa:5d:bf:25:57:,UTTetudiants,-78,2026-04-30 10:56:14
e4:aa:5d:bf:25:57:,UTTetudiants,-75,2026-04-30 10:56:18
e4:aa:5d:bf:25:57:,UTTetudiants,-60,2026-04-30 10:56:18
e4:aa:5d:bf:25:57:,UTTetudiants,-75,2026-04-30 10:56:18
e4:aa:5d:bf:25:57:,UTTetudiants,-74,2026-04-30 10:56:23
e4:aa:5d:bf:25:57:,UTTetudiants,-59,2026-04-30 10:56:23
e4:aa:5d:bf:25:57:,UTTetudiants,-74,2026-04-30 10:56:23
e4:aa:5d:bf:25:57:,UTTetudiants,-68,2026-04-30 10:56:27
e4:aa:5d:bf:25:57:,UTTetudiants,-59,2026-04-30 10:56:27
e4:aa:5d:bf:25:57:,UTTetudiants,-68,2026-04-30 10:56:27
e4:aa:5d:bf:25:57:,UTTetudiants,-68,2026-04-30 10:56:29
e4:aa:5d:bf:25:57:,UTTetudiants,-60,2026-04-30 10:56:29
e4:aa:5d:bf:25:57:,UTTetudiants,-68,2026-04-30 10:56:29
e4:aa:5d:bf:25:57:,UTTetudiants,-76,2026-04-30 10:56:32
e4:aa:5d:bf:25:57:,UTTetudiants,-60,2026-04-30 10:56:32
e4:aa:5d:bf:25:57:,UTTetudiants,-76,2026-04-30 10:56:32
e4:aa:5d:bf:25:57:,UTTetudiants,-80,2026-04-30 10:56:35
e4:aa:5d:bf:25:57:,UTTetudiants,-60,2026-04-30 10:56:35
e4:aa:5d:bf:25:57:,UTTetudiants,-80,2026-04-30 10:56:35
e4:aa:5d:bf:25:57:,UTTetudiants,-80,2026-04-30 10:56:38
e4:aa:5d:bf:25:57:,UTTetudiants,-63,2026-04-30 10:56:38
e4:aa:5d:bf:25:57:,UTTetudiants,-80,2026-04-30 10:56:38
e4:aa:5d:bf:25:57:,UTTetudiants,-78,2026-04-30 10:56:41
e4:aa:5d:bf:25:57:,UTTetudiants,-63,2026-04-30 10:56:41
e4:aa:5d:bf:25:57:,UTTetudiants,-78,2026-04-30 10:56:41
e4:aa:5d:bf:25:57:,UTTetudiants,-77,2026-04-30 10:56:43
e4:aa:5d:bf:25:57:,UTTetudiants,-63,2026-04-30 10:56:43
e4:aa:5d:bf:25:57:,UTTetudiants,-77,2026-04-30 10:56:43
e4:aa:5d:bf:25:57:,UTTetudiants,-75,2026-04-30 10:56:52
e4:aa:5d:bf:25:57:,UTTetudiants,-64,2026-04-30 10:56:52
e4:aa:5d:bf:25:57:,UTTetudiants,-75,2026-04-30 10:56:52
e4:aa:5d:bf:25:57:,UTTetudiants,-79,2026-04-30 10:56:56
e4:aa:5d:bf:25:57:,UTTetudiants,-64,2026-04-30 10:56:56
e4:aa:5d:bf:25:57:,UTTetudiants,-79,2026-04-30 10:56:56
e4:aa:5d:bf:25:57:,UTTetudiants,-79,2026-04-30 10:57:00
e4:aa:5d:bf:25:57:,UTTetudiants,-66,2026-04-30 10:57:00
e4:aa:5d:bf:25:57:,UTTetudiants,-79,2026-04-30 10:57:00
e4:aa:5d:bf:25:57:,UTTetudiants,-74,2026-04-30 10:57:04
e4:aa:5d:bf:25:57:,UTTetudiants,-60,2026-04-30 10:57:04
e4:aa:5d:bf:25:57:,UTTetudiants,-74,2026-04-30 10:57:04
e4:aa:5d:bf:25:57:,UTTetudiants,-85,2026-04-30 10:57:07
e4:aa:5d:bf:25:57:,UTTetudiants,-60,2026-04-30 10:57:07
e4:aa:5d:bf:25:57:,UTTetudiants,-85,2026-04-30 10:57:07
e4:aa:5d:bf:25:57:,UTTetudiants,-85,2026-04-30 10:57:11
e4:aa:5d:bf:25:57:,UTTetudiants,-67,2026-04-30 10:57:11
e4:aa:5d:bf:25:57:,UTTetudiants,-85,2026-04-30 10:57:11
e4:aa:5d:bf:25:57:,UTTetudiants,-85,2026-04-30 10:57:14
e4:aa:5d:bf:25:57:,UTTetudiants,-67,2026-04-30 10:57:14
e4:aa:5d:bf:25:57:,UTTetudiants,-85,2026-04-30 10:57:14
e4:aa:5d:bf:25:57:,UTTetudiants,-78,2026-04-30 10:57:16
e4:aa:5d:bf:25:57:,UTTetudiants,-67,2026-04-30 10:57:16
e4:aa:5d:bf:25:57:,UTTetudiants,-78,2026-04-30 10:57:16
e4:aa:5d:bf:25:57:,UTTetudiants,-78,2026-04-30 10:57:20
e4:aa:5d:bf:25:57:,UTTetudiants,-65,2026-04-30 10:57:20
e4:aa:5d:bf:25:57:,UTTetudiants,-78,2026-04-30 10:57:20
e4:aa:5d:bf:25:57:,UTTetudiants,-79,2026-04-30 10:57:28
e4:aa:5d:bf:25:57:,UTTetudiants,-60,2026-04-30 10:57:28
e4:aa:5d:bf:25:57:,UTTetudiants,-79,2026-04-30 10:57:28
e4:aa:5d:bf:25:57:,UTTetudiants,-76,2026-04-30 10:57:33
e4:aa:5d:bf:25:57:,UTTetudiants,-60,2026-04-30 10:57:33
e4:aa:5d:bf:25:57:,UTTetudiants,-76,2026-04-30 10:57:33
e4:aa:5d:bf:25:57:,UTTetudiants,-76,2026-04-30 10:57:36
e4:aa:5d:bf:25:57:,UTTetudiants,-60,2026-04-30 10:57:36
e4:aa:5d:bf:25:57:,UTTetudiants,-76,2026-04-30 10:57:36
e4:aa:5d:bf:25:57:,UTTetudiants,-76,2026-04-30 10:57:39
e4:aa:5d:bf:25:57:,UTTetudiants,-58,2026-04-30 10:57:39
e4:aa:5d:bf:25:57:,UTTetudiants,-76,2026-04-30 10:57:39
e4:aa:5d:bf:25:57:,UTTetudiants,-84,2026-04-30 10:57:42
e4:aa:5d:bf:25:57:,UTTetudiants,-58,2026-04-30 10:57:42
e4:aa:5d:bf:25:57:,UTTetudiants,-84,2026-04-30 10:57:42
e4:aa:5d:bf:25:57:,UTTetudiants,-84,2026-04-30 10:57:46
e4:aa:5d:bf:25:57:,UTTetudiants,-71,2026-04-30 10:57:46
e4:aa:5d:bf:25:57:,UTTetudiants,-84,2026-04-30 10:57:46
e4:aa:5d:bf:25:57:,UTTetudiants,-68,2026-04-30 10:57:50
e4:aa:5d:bf:25:57:,UTTetudiants,-57,2026-04-30 10:57:50
e4:aa:5d:bf:25:57:,UTTetudiants,-68,2026-04-30 10:57:50
e4:aa:5d:bf:25:57:,UTTetudiants,-80,2026-04-30 10:57:53
e4:aa:5d:bf:25:57:,UTTetudiants,-57,2026-04-30 10:57:53
e4:aa:5d:bf:25:57:,UTTetudiants,-80,2026-04-30 10:57:53
e4:aa:5d:bf:25:57:,UTTetudiants,-80,2026-04-30 10:57:57
e4:aa:5d:bf:25:57:,UTTetudiants,-67,2026-04-30 10:57:57
e4:aa:5d:bf:25:57:,UTTetudiants,-80,2026-04-30 10:57:57
e4:aa:5d:bf:25:57:,UTTetudiants,-76,2026-04-30 10:58:00
e4:aa:5d:bf:25:57:,UTTetudiants,-65,2026-04-30 10:58:00
e4:aa:5d:bf:25:57:,UTTetudiants,-76,2026-04-30 10:58:00
e4:aa:5d:bf:25:57:,UTTetudiants,-79,2026-04-30 10:58:03
e4:aa:5d:bf:25:57:,UTTetudiants,-65,2026-04-30 10:58:03
e4:aa:5d:bf:25:57:,UTTetudiants,-79,2026-04-30 10:58:03
e4:aa:5d:bf:25:57:,UTTetudiants,-79,2026-04-30 10:58:06
e4:aa:5d:bf:25:57:,UTTetudiants,-64,2026-04-30 10:58:06
e4:aa:5d:bf:25:57:,UTTetudiants,-79,2026-04-30 10:58:06
e4:aa:5d:bf:25:57:,UTTetudiants,-76,2026-04-30 10:58:12
e4:aa:5d:bf:25:57:,UTTetudiants,-62,2026-04-30 10:58:12
e4:aa:5d:bf:25:57:,UTTetudiants,-76,2026-04-30 10:58:12
e4:aa:5d:bf:25:57:,UTTetudiants,-80,2026-04-30 10:58:16
e4:aa:5d:bf:25:57:,UTTetudiants,-62,2026-04-30 10:58:16
e4:aa:5d:bf:25:57:,UTTetudiants,-80,2026-04-30 10:58:16
e4:aa:5d:bf:25:57:,UTTetudiants,-72,2026-04-30 10:58:20
e4:aa:5d:bf:25:57:,UTTetudiants,-62,2026-04-30 10:58:20
e4:aa:5d:bf:25:57:,UTTetudiants,-72,2026-04-30 10:58:20
e4:aa:5d:fd:3e:e7:,UTTetudiants,-81,2026-04-30 10:55:21
e4:aa:5d:fd:3e:e7:,UTTetudiants,-74,2026-04-30 10:55:21
e4:aa:5d:fd:3e:e7:,UTTetudiants,-81,2026-04-30 10:55:21
e4:aa:5d:fd:3e:e7:,UTTetudiants,-62,2026-04-30 10:55:24
e4:aa:5d:fd:3e:e7:,UTTetudiants,-74,2026-04-30 10:55:24
e4:aa:5d:fd:3e:e7:,UTTetudiants,-62,2026-04-30 10:55:24
e4:aa:5d:fd:3e:e7:,UTTetudiants,-62,2026-04-30 10:55:27
e4:aa:5d:fd:3e:e7:,UTTetudiants,-79,2026-04-30 10:55:27
e4:aa:5d:fd:3e:e7:,UTTetudiants,-62,2026-04-30 10:55:27
e4:aa:5d:fd:3e:e7:,UTTetudiants,-66,2026-04-30 10:55:30
e4:aa:5d:fd:3e:e7:,UTTetudiants,-73,2026-04-30 10:55:30
e4:aa:5d:fd:3e:e7:,UTTetudiants,-66,2026-04-30 10:55:30
e4:aa:5d:fd:3e:e7:,UTTetudiants,-72,2026-04-30 10:55:33
e4:aa:5d:fd:3e:e7:,UTTetudiants,-73,2026-04-30 10:55:33
e4:aa:5d:fd:3e:e7:,UTTetudiants,-72,2026-04-30 10:55:33
e4:aa:5d:fd:3e:e7:,UTTetudiants,-72,2026-04-30 10:55:36
e4:aa:5d:fd:3e:e7:,UTTetudiants,-73,2026-04-30 10:55:36
e4:aa:5d:fd:3e:e7:,UTTetudiants,-72,2026-04-30 10:55:36
e4:aa:5d:fd:3e:e7:,UTTetudiants,-80,2026-04-30 10:55:39
e4:aa:5d:fd:3e:e7:,UTTetudiants,-77,2026-04-30 10:55:39
e4:aa:5d:fd:3e:e7:,UTTetudiants,-80,2026-04-30 10:55:39
e4:aa:5d:fd:3e:e7:,UTTetudiants,-70,2026-04-30 10:55:42
e4:aa:5d:fd:3e:e7:,UTTetudiants,-77,2026-04-30 10:55:42
e4:aa:5d:fd:3e:e7:,UTTetudiants,-70,2026-04-30 10:55:42
e4:aa:5d:fd:3e:e7:,UTTetudiants,-68,2026-04-30 10:55:48
e4:aa:5d:fd:3e:e7:,UTTetudiants,-80,2026-04-30 10:55:48
e4:aa:5d:fd:3e:e7:,UTTetudiants,-68,2026-04-30 10:55:48
e4:aa:5d:fd:3e:e7:,UTTetudiants,-72,2026-04-30 10:55:51
e4:aa:5d:fd:3e:e7:,UTTetudiants,-80,2026-04-30 10:55:51
e4:aa:5d:fd:3e:e7:,UTTetudiants,-72,2026-04-30 10:55:51
e4:aa:5d:fd:3e:e7:,UTTetudiants,-72,2026-04-30 10:55:53
e4:aa:5d:fd:3e:e7:,UTTetudiants,-80,2026-04-30 10:55:53
e4:aa:5d:fd:3e:e7:,UTTetudiants,-72,2026-04-30 10:55:53
e4:aa:5d:fd:3e:e7:,UTTetudiants,-71,2026-04-30 10:55:56
e4:aa:5d:fd:3e:e7:,UTTetudiants,-80,2026-04-30 10:55:56
e4:aa:5d:fd:3e:e7:,UTTetudiants,-71,2026-04-30 10:55:56
e4:aa:5d:fd:3e:e7:,UTTetudiants,-69,2026-04-30 10:55:58
e4:aa:5d:fd:3e:e7:,UTTetudiants,-80,2026-04-30 10:55:58
e4:aa:5d:fd:3e:e7:,UTTetudiants,-69,2026-04-30 10:55:58
e4:aa:5d:fd:3e:e7:,UTTetudiants,-69,2026-04-30 10:56:02
e4:aa:5d:fd:3e:e7:,UTTetudiants,-80,2026-04-30 10:56:02
e4:aa:5d:fd:3e:e7:,UTTetudiants,-69,2026-04-30 10:56:02
e4:aa:5d:fd:3e:e7:,UTTetudiants,-75,2026-04-30 10:56:05
e4:aa:5d:fd:3e:e7:,UTTetudiants,-80,2026-04-30 10:56:05
e4:aa:5d:fd:3e:e7:,UTTetudiants,-75,2026-04-30 10:56:05
e4:aa:5d:fd:3e:e7:,UTTetudiants,-74,2026-04-30 10:56:09
e4:aa:5d:fd:3e:e7:,UTTetudiants,-80,2026-04-30 10:56:09
e4:aa:5d:fd:3e:e7:,UTTetudiants,-74,2026-04-30 10:56:09
e4:aa:5d:fd:3e:e7:,UTTetudiants,-74,2026-04-30 10:56:12
e4:aa:5d:fd:3e:e7:,UTTetudiants,-80,2026-04-30 10:56:12
e4:aa:5d:fd:3e:e7:,UTTetudiants,-74,2026-04-30 10:56:12
e4:aa:5d:fd:3e:e7:,UTTetudiants,-74,2026-04-30 10:56:14
e4:aa:5d:fd:3e:e7:,UTTetudiants,-80,2026-04-30 10:56:14
e4:aa:5d:fd:3e:e7:,UTTetudiants,-74,2026-04-30 10:56:14
e4:aa:5d:fd:3e:e7:,UTTetudiants,-72,2026-04-30 10:56:18
e4:aa:5d:fd:3e:e7:,UTTetudiants,-80,2026-04-30 10:56:18
e4:aa:5d:fd:3e:e7:,UTTetudiants,-72,2026-04-30 10:56:18
e4:aa:5d:fd:3e:e7:,UTTetudiants,-82,2026-04-30 10:56:23
e4:aa:5d:fd:3e:e7:,UTTetudiants,-82,2026-04-30 10:56:23
e4:aa:5d:fd:3e:e7:,UTTetudiants,-82,2026-04-30 10:56:23
e4:aa:5d:fd:3e:e7:,UTTetudiants,-77,2026-04-30 10:56:27
e4:aa:5d:fd:3e:e7:,UTTetudiants,-82,2026-04-30 10:56:27
e4:aa:5d:fd:3e:e7:,UTTetudiants,-77,2026-04-30 10:56:27
e4:aa:5d:fd:3e:e7:,UTTetudiants,-77,2026-04-30 10:56:29
e4:aa:5d:fd:3e:e7:,UTTetudiants,-82,2026-04-30 10:56:29
e4:aa:5d:fd:3e:e7:,UTTetudiants,-77,2026-04-30 10:56:29
e4:aa:5d:fd:3e:e7:,UTTetudiants,-82,2026-04-30 10:56:32
e4:aa:5d:fd:3e:e7:,UTTetudiants,-82,2026-04-30 10:56:32
e4:aa:5d:fd:3e:e7:,UTTetudiants,-82,2026-04-30 10:56:32
e4:aa:5d:fd:3e:e7:,UTTetudiants,-68,2026-04-30 10:56:35
e4:aa:5d:fd:3e:e7:,UTTetudiants,-82,2026-04-30 10:56:35
e4:aa:5d:fd:3e:e7:,UTTetudiants,-68,2026-04-30 10:56:35
e4:aa:5d:fd:3e:e7:,UTTetudiants,-68,2026-04-30 10:56:38
e4:aa:5d:fd:3e:e7:,UTTetudiants,-82,2026-04-30 10:56:38
e4:aa:5d:fd:3e:e7:,UTTetudiants,-68,2026-04-30 10:56:38
e4:aa:5d:fd:3e:e7:,UTTetudiants,-82,2026-04-30 10:56:41
e4:aa:5d:fd:3e:e7:,UTTetudiants,-82,2026-04-30 10:56:41
e4:aa:5d:fd:3e:e7:,UTTetudiants,-82,2026-04-30 10:56:41
e4:aa:5d:fd:3e:e7:,UTTetudiants,-77,2026-04-30 10:56:43
e4:aa:5d:fd:3e:e7:,UTTetudiants,-82,2026-04-30 10:56:43
e4:aa:5d:fd:3e:e7:,UTTetudiants,-77,2026-04-30 10:56:43
e4:aa:5d:fd:3e:e7:,UTTetudiants,-87,2026-04-30 10:56:52
e4:aa:5d:fd:3e:e7:,UTTetudiants,-82,2026-04-30 10:56:52
e4:aa:5d:fd:3e:e7:,UTTetudiants,-87,2026-04-30 10:56:52
e4:aa:5d:fd:3e:e7:,UTTetudiants,-72,2026-04-30 10:56:56
e4:aa:5d:fd:3e:e7:,UTTetudiants,-82,2026-04-30 10:56:56
e4:aa:5d:fd:3e:e7:,UTTetudiants,-72,2026-04-30 10:56:56
e4:aa:5d:fd:3e:e7:,UTTetudiants,-72,2026-04-30 10:57:00
e4:aa:5d:fd:3e:e7:,UTTetudiants,-82,2026-04-30 10:57:00
e4:aa:5d:fd:3e:e7:,UTTetudiants,-72,2026-04-30 10:57:00
e4:aa:5d:fd:3e:e7:,UTTetudiants,-78,2026-04-30 10:57:04
e4:aa:5d:fd:3e:e7:,UTTetudiants,-80,2026-04-30 10:57:04
e4:aa:5d:fd:3e:e7:,UTTetudiants,-78,2026-04-30 10:57:04
e4:aa:5d:fd:3e:e7:,UTTetudiants,-76,2026-04-30 10:57:07
e4:aa:5d:fd:3e:e7:,UTTetudiants,-80,2026-04-30 10:57:07
e4:aa:5d:fd:3e:e7:,UTTetudiants,-76,2026-04-30 10:57:07
e4:aa:5d:fd:3e:e7:,UTTetudiants,-76,2026-04-30 10:57:11
e4:aa:5d:fd:3e:e7:,UTTetudiants,-80,2026-04-30 10:57:11
e4:aa:5d:fd:3e:e7:,UTTetudiants,-76,2026-04-30 10:57:11
e4:aa:5d:fd:3e:e7:,UTTetudiants,-79,2026-04-30 10:57:14
e4:aa:5d:fd:3e:e7:,UTTetudiants,-80,2026-04-30 10:57:14
e4:aa:5d:fd:3e:e7:,UTTetudiants,-79,2026-04-30 10:57:14
e4:aa:5d:fd:3e:e7:,UTTetudiants,-78,2026-04-30 10:57:16
e4:aa:5d:fd:3e:e7:,UTTetudiants,-81,2026-04-30 10:57:16
e4:aa:5d:fd:3e:e7:,UTTetudiants,-78,2026-04-30 10:57:16
e4:aa:5d:fd:3e:e7:,UTTetudiants,-78,2026-04-30 10:57:20
e4:aa:5d:fd:3e:e7:,UTTetudiants,-81,2026-04-30 10:57:20
e4:aa:5d:fd:3e:e7:,UTTetudiants,-78,2026-04-30 10:57:20
e4:aa:5d:fd:3e:e7:,UTTetudiants,-75,2026-04-30 10:57:28
e4:aa:5d:fd:3e:e7:,UTTetudiants,-81,2026-04-30 10:57:28
e4:aa:5d:fd:3e:e7:,UTTetudiants,-75,2026-04-30 10:57:28
e4:aa:5d:fd:3e:e7:,UTTetudiants,-74,2026-04-30 10:57:33
e4:aa:5d:fd:3e:e7:,UTTetudiants,-81,2026-04-30 10:57:33
e4:aa:5d:fd:3e:e7:,UTTetudiants,-74,2026-04-30 10:57:33
e4:aa:5d:fd:3e:e7:,UTTetudiants,-74,2026-04-30 10:57:36
e4:aa:5d:fd:3e:e7:,UTTetudiants,-81,2026-04-30 10:57:36
e4:aa:5d:fd:3e:e7:,UTTetudiants,-74,2026-04-30 10:57:36
e4:aa:5d:fd:3e:e7:,UTTetudiants,-75,2026-04-30 10:57:39
e4:aa:5d:fd:3e:e7:,UTTetudiants,-81,2026-04-30 10:57:39
e4:aa:5d:fd:3e:e7:,UTTetudiants,-75,2026-04-30 10:57:39
e4:aa:5d:fd:3e:e7:,UTTetudiants,-70,2026-04-30 10:57:42
e4:aa:5d:fd:3e:e7:,UTTetudiants,-81,2026-04-30 10:57:42
e4:aa:5d:fd:3e:e7:,UTTetudiants,-70,2026-04-30 10:57:42
e4:aa:5d:fd:3e:e7:,UTTetudiants,-70,2026-04-30 10:57:46
e4:aa:5d:fd:3e:e7:,UTTetudiants,-81,2026-04-30 10:57:46
e4:aa:5d:fd:3e:e7:,UTTetudiants,-70,2026-04-30 10:57:46
e4:aa:5d:fd:3e:e7:,UTTetudiants,-77,2026-04-30 10:57:50
e4:aa:5d:fd:3e:e7:,UTTetudiants,-81,2026-04-30 10:57:50
e4:aa:5d:fd:3e:e7:,UTTetudiants,-77,2026-04-30 10:57:50
e4:aa:5d:fd:3e:e7:,UTTetudiants,-79,2026-04-30 10:57:53
e4:aa:5d:fd:3e:e7:,UTTetudiants,-81,2026-04-30 10:57:53
e4:aa:5d:fd:3e:e7:,UTTetudiants,-79,2026-04-30 10:57:53
e4:aa:5d:fd:3e:e7:,UTTetudiants,-79,2026-04-30 10:57:57
e4:aa:5d:fd:3e:e7:,UTTetudiants,-81,2026-04-30 10:57:57
e4:aa:5d:fd:3e:e7:,UTTetudiants,-79,2026-04-30 10:57:57
e4:aa:5d:fd:3e:e7:,UTTetudiants,-77,2026-04-30 10:58:00
e4:aa:5d:fd:3e:e7:,UTTetudiants,-81,2026-04-30 10:58:00
e4:aa:5d:fd:3e:e7:,UTTetudiants,-77,2026-04-30 10:58:00
e4:aa:5d:fd:3e:e7:,UTTetudiants,-83,2026-04-30 10:58:03
e4:aa:5d:fd:3e:e7:,UTTetudiants,-81,2026-04-30 10:58:03
e4:aa:5d:fd:3e:e7:,UTTetudiants,-83,2026-04-30 10:58:03
e4:aa:5d:fd:3e:e7:,UTTetudiants,-83,2026-04-30 10:58:06
e4:aa:5d:fd:3e:e7:,UTTetudiants,-81,2026-04-30 10:58:06
e4:aa:5d:fd:3e:e7:,UTTetudiants,-83,2026-04-30 10:58:06
e4:aa:5d:fd:3e:e7:,UTTetudiants,-81,2026-04-30 10:58:12
e4:aa:5d:fd:3e:e7:,UTTetudiants,-80,2026-04-30 10:58:12
e4:aa:5d:fd:3e:e7:,UTTetudiants,-81,2026-04-30 10:58:12
e4:aa:5d:fd:3e:e7:,UTTetudiants,-76,2026-04-30 10:58:16
e4:aa:5d:fd:3e:e7:,UTTetudiants,-78,2026-04-30 10:58:16
e4:aa:5d:fd:3e:e7:,UTTetudiants,-76,2026-04-30 10:58:16
e4:aa:5d:fd:3e:e7:,UTTetudiants,-79,2026-04-30 10:58:20
e4:aa:5d:fd:3e:e7:,UTTetudiants,-78,2026-04-30 10:58:20
e4:aa:5d:fd:3e:e7:,UTTetudiants,-79,2026-04-30 10:58:20
e4:aa:5d:bf:25:58:,UTTetudiants,-63,2026-04-30 10:55:21
e4:aa:5d:bf:25:58:,UTTetudiants,-82,2026-04-30 10:55:21
e4:aa:5d:bf:25:58:,UTTetudiants,-63,2026-04-30 10:55:21
e4:aa:5d:bf:25:58:,UTTetudiants,-63,2026-04-30 10:55:24
e4:aa:5d:bf:25:58:,UTTetudiants,-70,2026-04-30 10:55:24
e4:aa:5d:bf:25:58:,UTTetudiants,-63,2026-04-30 10:55:24
e4:aa:5d:bf:25:58:,UTTetudiants,-56,2026-04-30 10:55:27
e4:aa:5d:bf:25:58:,UTTetudiants,-70,2026-04-30 10:55:27
e4:aa:5d:bf:25:58:,UTTetudiants,-56,2026-04-30 10:55:27
e4:aa:5d:bf:25:58:,UTTetudiants,-64,2026-04-30 10:55:30
e4:aa:5d:bf:25:58:,UTTetudiants,-76,2026-04-30 10:55:30
e4:aa:5d:bf:25:58:,UTTetudiants,-64,2026-04-30 10:55:30
e4:aa:5d:bf:25:58:,UTTetudiants,-64,2026-04-30 10:55:33
e4:aa:5d:bf:25:58:,UTTetudiants,-80,2026-04-30 10:55:33
e4:aa:5d:bf:25:58:,UTTetudiants,-64,2026-04-30 10:55:33
e4:aa:5d:bf:25:58:,UTTetudiants,-66,2026-04-30 10:55:36
e4:aa:5d:bf:25:58:,UTTetudiants,-80,2026-04-30 10:55:36
e4:aa:5d:bf:25:58:,UTTetudiants,-66,2026-04-30 10:55:36
e4:aa:5d:bf:25:58:,UTTetudiants,-63,2026-04-30 10:55:39
e4:aa:5d:bf:25:58:,UTTetudiants,-81,2026-04-30 10:55:39
e4:aa:5d:bf:25:58:,UTTetudiants,-63,2026-04-30 10:55:39
e4:aa:5d:bf:25:58:,UTTetudiants,-63,2026-04-30 10:55:42
e4:aa:5d:bf:25:58:,UTTetudiants,-73,2026-04-30 10:55:42
e4:aa:5d:bf:25:58:,UTTetudiants,-63,2026-04-30 10:55:42
e4:aa:5d:bf:25:58:,UTTetudiants,-58,2026-04-30 10:55:48
e4:aa:5d:bf:25:58:,UTTetudiants,-77,2026-04-30 10:55:48
e4:aa:5d:bf:25:58:,UTTetudiants,-58,2026-04-30 10:55:48
e4:aa:5d:bf:25:58:,UTTetudiants,-58,2026-04-30 10:55:51
e4:aa:5d:bf:25:58:,UTTetudiants,-65,2026-04-30 10:55:51
e4:aa:5d:bf:25:58:,UTTetudiants,-58,2026-04-30 10:55:51
e4:aa:5d:bf:25:58:,UTTetudiants,-66,2026-04-30 10:55:53
e4:aa:5d:bf:25:58:,UTTetudiants,-65,2026-04-30 10:55:53
e4:aa:5d:bf:25:58:,UTTetudiants,-66,2026-04-30 10:55:53
e4:aa:5d:bf:25:58:,UTTetudiants,-55,2026-04-30 10:55:56
e4:aa:5d:bf:25:58:,UTTetudiants,-82,2026-04-30 10:55:56
e4:aa:5d:bf:25:58:,UTTetudiants,-55,2026-04-30 10:55:56
e4:aa:5d:bf:25:58:,UTTetudiants,-55,2026-04-30 10:55:58
e4:aa:5d:bf:25:58:,UTTetudiants,-75,2026-04-30 10:55:58
e4:aa:5d:bf:25:58:,UTTetudiants,-55,2026-04-30 10:55:58
e4:aa:5d:bf:25:58:,UTTetudiants,-57,2026-04-30 10:56:02
e4:aa:5d:bf:25:58:,UTTetudiants,-75,2026-04-30 10:56:02
e4:aa:5d:bf:25:58:,UTTetudiants,-57,2026-04-30 10:56:02
e4:aa:5d:bf:25:58:,UTTetudiants,-61,2026-04-30 10:56:05
e4:aa:5d:bf:25:58:,UTTetudiants,-75,2026-04-30 10:56:05
e4:aa:5d:bf:25:58:,UTTetudiants,-61,2026-04-30 10:56:05
e4:aa:5d:bf:25:58:,UTTetudiants,-61,2026-04-30 10:56:09
e4:aa:5d:bf:25:58:,UTTetudiants,-66,2026-04-30 10:56:09
e4:aa:5d:bf:25:58:,UTTetudiants,-61,2026-04-30 10:56:09
e4:aa:5d:bf:25:58:,UTTetudiants,-64,2026-04-30 10:56:12
e4:aa:5d:bf:25:58:,UTTetudiants,-66,2026-04-30 10:56:12
e4:aa:5d:bf:25:58:,UTTetudiants,-64,2026-04-30 10:56:12
e4:aa:5d:bf:25:58:,UTTetudiants,-62,2026-04-30 10:56:14
e4:aa:5d:bf:25:58:,UTTetudiants,-78,2026-04-30 10:56:14
e4:aa:5d:bf:25:58:,UTTetudiants,-62,2026-04-30 10:56:14
e4:aa:5d:bf:25:58:,UTTetudiants,-62,2026-04-30 10:56:18
e4:aa:5d:bf:25:58:,UTTetudiants,-76,2026-04-30 10:56:18
e4:aa:5d:bf:25:58:,UTTetudiants,-62,2026-04-30 10:56:18
e4:aa:5d:bf:25:58:,UTTetudiants,-58,2026-04-30 10:56:23
e4:aa:5d:bf:25:58:,UTTetudiants,-76,2026-04-30 10:56:23
e4:aa:5d:bf:25:58:,UTTetudiants,-58,2026-04-30 10:56:23
e4:aa:5d:bf:25:58:,UTTetudiants,-58,2026-04-30 10:56:27
e4:aa:5d:bf:25:58:,UTTetudiants,-69,2026-04-30 10:56:27
e4:aa:5d:bf:25:58:,UTTetudiants,-58,2026-04-30 10:56:27
e4:aa:5d:bf:25:58:,UTTetudiants,-60,2026-04-30 10:56:29
e4:aa:5d:bf:25:58:,UTTetudiants,-69,2026-04-30 10:56:29
e4:aa:5d:bf:25:58:,UTTetudiants,-60,2026-04-30 10:56:29
e4:aa:5d:bf:25:58:,UTTetudiants,-60,2026-04-30 10:56:32
e4:aa:5d:bf:25:58:,UTTetudiants,-75,2026-04-30 10:56:32
e4:aa:5d:bf:25:58:,UTTetudiants,-60,2026-04-30 10:56:32
e4:aa:5d:bf:25:58:,UTTetudiants,-60,2026-04-30 10:56:35
e4:aa:5d:bf:25:58:,UTTetudiants,-78,2026-04-30 10:56:35
e4:aa:5d:bf:25:58:,UTTetudiants,-60,2026-04-30 10:56:35
e4:aa:5d:bf:25:58:,UTTetudiants,-63,2026-04-30 10:56:38
e4:aa:5d:bf:25:58:,UTTetudiants,-78,2026-04-30 10:56:38
e4:aa:5d:bf:25:58:,UTTetudiants,-63,2026-04-30 10:56:38
e4:aa:5d:bf:25:58:,UTTetudiants,-66,2026-04-30 10:56:41
e4:aa:5d:bf:25:58:,UTTetudiants,-78,2026-04-30 10:56:41
e4:aa:5d:bf:25:58:,UTTetudiants,-66,2026-04-30 10:56:41
e4:aa:5d:bf:25:58:,UTTetudiants,-66,2026-04-30 10:56:43
e4:aa:5d:bf:25:58:,UTTetudiants,-77,2026-04-30 10:56:43
e4:aa:5d:bf:25:58:,UTTetudiants,-66,2026-04-30 10:56:43
e4:aa:5d:bf:25:58:,UTTetudiants,-65,2026-04-30 10:56:52
e4:aa:5d:bf:25:58:,UTTetudiants,-75,2026-04-30 10:56:52
e4:aa:5d:bf:25:58:,UTTetudiants,-65,2026-04-30 10:56:52
e4:aa:5d:bf:25:58:,UTTetudiants,-65,2026-04-30 10:56:56
e4:aa:5d:bf:25:58:,UTTetudiants,-79,2026-04-30 10:56:56
e4:aa:5d:bf:25:58:,UTTetudiants,-65,2026-04-30 10:56:56
e4:aa:5d:bf:25:58:,UTTetudiants,-68,2026-04-30 10:57:00
e4:aa:5d:bf:25:58:,UTTetudiants,-79,2026-04-30 10:57:00
e4:aa:5d:bf:25:58:,UTTetudiants,-68,2026-04-30 10:57:00
e4:aa:5d:bf:25:58:,UTTetudiants,-60,2026-04-30 10:57:04
e4:aa:5d:bf:25:58:,UTTetudiants,-74,2026-04-30 10:57:04
e4:aa:5d:bf:25:58:,UTTetudiants,-60,2026-04-30 10:57:04
e4:aa:5d:bf:25:58:,UTTetudiants,-60,2026-04-30 10:57:07
e4:aa:5d:bf:25:58:,UTTetudiants,-85,2026-04-30 10:57:07
e4:aa:5d:bf:25:58:,UTTetudiants,-60,2026-04-30 10:57:07
e4:aa:5d:bf:25:58:,UTTetudiants,-67,2026-04-30 10:57:11
e4:aa:5d:bf:25:58:,UTTetudiants,-85,2026-04-30 10:57:11
e4:aa:5d:bf:25:58:,UTTetudiants,-67,2026-04-30 10:57:11
e4:aa:5d:bf:25:58:,UTTetudiants,-60,2026-04-30 10:57:14
e4:aa:5d:bf:25:58:,UTTetudiants,-84,2026-04-30 10:57:14
e4:aa:5d:bf:25:58:,UTTetudiants,-60,2026-04-30 10:57:14
e4:aa:5d:bf:25:58:,UTTetudiants,-60,2026-04-30 10:57:16
e4:aa:5d:bf:25:58:,UTTetudiants,-78,2026-04-30 10:57:16
e4:aa:5d:bf:25:58:,UTTetudiants,-60,2026-04-30 10:57:16
e4:aa:5d:bf:25:58:,UTTetudiants,-66,2026-04-30 10:57:20
e4:aa:5d:bf:25:58:,UTTetudiants,-78,2026-04-30 10:57:20
e4:aa:5d:bf:25:58:,UTTetudiants,-66,2026-04-30 10:57:20
e4:aa:5d:bf:25:58:,UTTetudiants,-60,2026-04-30 10:57:28
e4:aa:5d:bf:25:58:,UTTetudiants,-79,2026-04-30 10:57:28
e4:aa:5d:bf:25:58:,UTTetudiants,-60,2026-04-30 10:57:28
e4:aa:5d:bf:25:58:,UTTetudiants,-60,2026-04-30 10:57:33
e4:aa:5d:bf:25:58:,UTTetudiants,-77,2026-04-30 10:57:33
e4:aa:5d:bf:25:58:,UTTetudiants,-60,2026-04-30 10:57:33
e4:aa:5d:bf:25:58:,UTTetudiants,-61,2026-04-30 10:57:36
e4:aa:5d:bf:25:58:,UTTetudiants,-77,2026-04-30 10:57:36
e4:aa:5d:bf:25:58:,UTTetudiants,-61,2026-04-30 10:57:36
e4:aa:5d:bf:25:58:,UTTetudiants,-59,2026-04-30 10:57:39
e4:aa:5d:bf:25:58:,UTTetudiants,-75,2026-04-30 10:57:39
e4:aa:5d:bf:25:58:,UTTetudiants,-59,2026-04-30 10:57:39
e4:aa:5d:bf:25:58:,UTTetudiants,-59,2026-04-30 10:57:42
e4:aa:5d:bf:25:58:,UTTetudiants,-82,2026-04-30 10:57:42
e4:aa:5d:bf:25:58:,UTTetudiants,-59,2026-04-30 10:57:42
e4:aa:5d:bf:25:58:,UTTetudiants,-72,2026-04-30 10:57:46
e4:aa:5d:bf:25:58:,UTTetudiants,-82,2026-04-30 10:57:46
e4:aa:5d:bf:25:58:,UTTetudiants,-72,2026-04-30 10:57:46
e4:aa:5d:bf:25:58:,UTTetudiants,-57,2026-04-30 10:57:50
e4:aa:5d:bf:25:58:,UTTetudiants,-69,2026-04-30 10:57:50
e4:aa:5d:bf:25:58:,UTTetudiants,-57,2026-04-30 10:57:50
e4:aa:5d:bf:25:58:,UTTetudiants,-57,2026-04-30 10:57:53
e4:aa:5d:bf:25:58:,UTTetudiants,-80,2026-04-30 10:57:53
e4:aa:5d:bf:25:58:,UTTetudiants,-57,2026-04-30 10:57:53
e4:aa:5d:bf:25:58:,UTTetudiants,-67,2026-04-30 10:57:57
e4:aa:5d:bf:25:58:,UTTetudiants,-80,2026-04-30 10:57:57
e4:aa:5d:bf:25:58:,UTTetudiants,-67,2026-04-30 10:57:57
e4:aa:5d:bf:25:58:,UTTetudiants,-66,2026-04-30 10:58:00
e4:aa:5d:bf:25:58:,UTTetudiants,-77,2026-04-30 10:58:00
e4:aa:5d:bf:25:58:,UTTetudiants,-66,2026-04-30 10:58:00
e4:aa:5d:bf:25:58:,UTTetudiants,-66,2026-04-30 10:58:03
e4:aa:5d:bf:25:58:,UTTetudiants,-82,2026-04-30 10:58:03
e4:aa:5d:bf:25:58:,UTTetudiants,-66,2026-04-30 10:58:03
e4:aa:5d:bf:25:58:,UTTetudiants,-64,2026-04-30 10:58:06
e4:aa:5d:bf:25:58:,UTTetudiants,-82,2026-04-30 10:58:06
e4:aa:5d:bf:25:58:,UTTetudiants,-64,2026-04-30 10:58:06
e4:aa:5d:bf:25:58:,UTTetudiants,-60,2026-04-30 10:58:12
e4:aa:5d:bf:25:58:,UTTetudiants,-77,2026-04-30 10:58:12
e4:aa:5d:bf:25:58:,UTTetudiants,-60,2026-04-30 10:58:12
e4:aa:5d:bf:25:58:,UTTetudiants,-58,2026-04-30 10:58:16
e4:aa:5d:bf:25:58:,UTTetudiants,-81,2026-04-30 10:58:16
e4:aa:5d:bf:25:58:,UTTetudiants,-58,2026-04-30 10:58:16
e4:aa:5d:bf:25:58:,UTTetudiants,-58,2026-04-30 10:58:20
e4:aa:5d:bf:25:58:,UTTetudiants,-71,2026-04-30 10:58:20
e4:aa:5d:bf:25:58:,UTTetudiants,-58,2026-04-30 10:58:20
f8:6b:d9:95:d8:87:,UTTetudiants,-81,2026-04-30 10:55:21
f8:6b:d9:95:d8:87:,UTTetudiants,-81,2026-04-30 10:55:21
f8:6b:d9:95:d8:87:,UTTetudiants,-81,2026-04-30 10:55:24
f8:6b:d9:95:d8:87:,UTTetudiants,-81,2026-04-30 10:55:24
f8:6b:d9:95:d8:87:,UTTetudiants,-81,2026-04-30 10:55:27
f8:6b:d9:95:d8:87:,UTTetudiants,-81,2026-04-30 10:55:27
f8:6b:d9:95:d8:87:,UTTetudiants,-87,2026-04-30 10:55:30
f8:6b:d9:95:d8:87:,UTTetudiants,-85,2026-04-30 10:55:30
f8:6b:d9:95:d8:87:,UTTetudiants,-87,2026-04-30 10:55:30
f8:6b:d9:95:d8:87:,UTTetudiants,-87,2026-04-30 10:55:33
f8:6b:d9:95:d8:87:,UTTetudiants,-85,2026-04-30 10:55:33
f8:6b:d9:95:d8:87:,UTTetudiants,-87,2026-04-30 10:55:33
f8:6b:d9:95:d8:87:,UTTetudiants,-87,2026-04-30 10:55:36
f8:6b:d9:95:d8:87:,UTTetudiants,-85,2026-04-30 10:55:36
f8:6b:d9:95:d8:87:,UTTetudiants,-87,2026-04-30 10:55:36
f8:6b:d9:95:d8:87:,UTTetudiants,-87,2026-04-30 10:55:39
f8:6b:d9:95:d8:87:,UTTetudiants,-85,2026-04-30 10:55:39
f8:6b:d9:95:d8:87:,UTTetudiants,-87,2026-04-30 10:55:39
f8:6b:d9:95:d8:87:,UTTetudiants,-85,2026-04-30 10:55:42
f8:6b:d9:95:d8:87:,UTTetudiants,-85,2026-04-30 10:55:42
f8:6b:d9:95:d8:87:,UTTetudiants,-85,2026-04-30 10:55:42
f8:6b:d9:95:d8:87:,UTTetudiants,-85,2026-04-30 10:55:48
f8:6b:d9:95:d8:87:,UTTetudiants,-85,2026-04-30 10:55:48
f8:6b:d9:95:d8:87:,UTTetudiants,-85,2026-04-30 10:55:48
f8:6b:d9:95:d8:87:,UTTetudiants,-85,2026-04-30 10:55:51
f8:6b:d9:95:d8:87:,UTTetudiants,-85,2026-04-30 10:55:51
f8:6b:d9:95:d8:87:,UTTetudiants,-85,2026-04-30 10:55:51
f8:6b:d9:95:d8:87:,UTTetudiants,-85,2026-04-30 10:55:53
f8:6b:d9:95:d8:87:,UTTetudiants,-85,2026-04-30 10:55:53
f8:6b:d9:95:d8:87:,UTTetudiants,-85,2026-04-30 10:55:53
f8:6b:d9:95:d8:87:,UTTetudiants,-85,2026-04-30 10:55:56
f8:6b:d9:95:d8:87:,UTTetudiants,-85,2026-04-30 10:55:56
f8:6b:d9:95:d8:87:,UTTetudiants,-85,2026-04-30 10:55:56
f8:6b:d9:95:d8:87:,UTTetudiants,-85,2026-04-30 10:55:58
f8:6b:d9:95:d8:87:,UTTetudiants,-85,2026-04-30 10:55:58
f8:6b:d9:95:d8:87:,UTTetudiants,-85,2026-04-30 10:55:58
f8:6b:d9:95:d8:87:,UTTetudiants,-85,2026-04-30 10:56:02
f8:6b:d9:95:d8:87:,UTTetudiants,-85,2026-04-30 10:56:02
f8:6b:d9:95:d8:87:,UTTetudiants,-85,2026-04-30 10:56:02
f8:6b:d9:95:d8:87:,UTTetudiants,-85,2026-04-30 10:56:05
f8:6b:d9:95:d8:87:,UTTetudiants,-85,2026-04-30 10:56:05
f8:6b:d9:95:d8:87:,UTTetudiants,-85,2026-04-30 10:56:05
f8:6b:d9:95:d8:87:,UTTetudiants,-85,2026-04-30 10:56:09
f8:6b:d9:95:d8:87:,UTTetudiants,-85,2026-04-30 10:56:09
f8:6b:d9:95:d8:87:,UTTetudiants,-85,2026-04-30 10:56:09
f8:6b:d9:95:d8:87:,UTTetudiants,-85,2026-04-30 10:56:12
f8:6b:d9:95:d8:87:,UTTetudiants,-85,2026-04-30 10:56:12
f8:6b:d9:95:d8:87:,UTTetudiants,-85,2026-04-30 10:56:12
f8:6b:d9:95:d8:87:,UTTetudiants,-85,2026-04-30 10:56:14
f8:6b:d9:95:d8:87:,UTTetudiants,-85,2026-04-30 10:56:14
f8:6b:d9:95:d8:87:,UTTetudiants,-85,2026-04-30 10:56:14
f8:6b:d9:95:d8:87:,UTTetudiants,-85,2026-04-30 10:56:18
f8:6b:d9:95:d8:87:,UTTetudiants,-85,2026-04-30 10:56:18
f8:6b:d9:95:d8:87:,UTTetudiants,-85,2026-04-30 10:56:18
f8:6b:d9:95:d8:87:,UTTetudiants,-85,2026-04-30 10:56:23
f8:6b:d9:95:d8:87:,UTTetudiants,-85,2026-04-30 10:56:23
f8:6b:d9:95:d8:87:,UTTetudiants,-85,2026-04-30 10:56:23
f8:6b:d9:95:d8:87:,UTTetudiants,-85,2026-04-30 10:56:27
f8:6b:d9:95:d8:87:,UTTetudiants,-85,2026-04-30 10:56:27
f8:6b:d9:95:d8:87:,UTTetudiants,-85,2026-04-30 10:56:27
f8:6b:d9:95:d8:87:,UTTetudiants,-85,2026-04-30 10:56:29
f8:6b:d9:95:d8:87:,UTTetudiants,-85,2026-04-30 10:56:29
f8:6b:d9:95:d8:87:,UTTetudiants,-85,2026-04-30 10:56:29
f8:6b:d9:95:d8:87:,UTTetudiants,-85,2026-04-30 10:56:32
f8:6b:d9:95:d8:87:,UTTetudiants,-85,2026-04-30 10:56:32
f8:6b:d9:95:d8:87:,UTTetudiants,-85,2026-04-30 10:56:32
f8:6b:d9:95:d8:87:,UTTetudiants,-85,2026-04-30 10:56:35
f8:6b:d9:95:d8:87:,UTTetudiants,-85,2026-04-30 10:56:35
f8:6b:d9:95:d8:87:,UTTetudiants,-85,2026-04-30 10:56:35
f8:6b:d9:95:d8:87:,UTTetudiants,-85,2026-04-30 10:56:38
f8:6b:d9:95:d8:87:,UTTetudiants,-85,2026-04-30 10:56:38
f8:6b:d9:95:d8:87:,UTTetudiants,-85,2026-04-30 10:56:38
f8:6b:d9:95:d8:87:,UTTetudiants,-85,2026-04-30 10:56:41
f8:6b:d9:95:d8:87:,UTTetudiants,-85,2026-04-30 10:56:41
f8:6b:d9:95:d8:87:,UTTetudiants,-85,2026-04-30 10:56:41
f8:6b:d9:95:d8:87:,UTTetudiants,-85,2026-04-30 10:56:43
f8:6b:d9:95:d8:87:,UTTetudiants,-85,2026-04-30 10:56:43
f8:6b:d9:95:d8:87:,UTTetudiants,-85,2026-04-30 10:56:43
f8:6b:d9:95:d8:87:,UTTetudiants,-85,2026-04-30 10:56:52
f8:6b:d9:95:d8:87:,UTTetudiants,-85,2026-04-30 10:56:52
f8:6b:d9:95:d8:87:,UTTetudiants,-85,2026-04-30 10:56:52
f8:6b:d9:95:d8:87:,UTTetudiants,-85,2026-04-30 10:56:56
f8:6b:d9:95:d8:87:,UTTetudiants,-85,2026-04-30 10:56:56
f8:6b:d9:95:d8:87:,UTTetudiants,-85,2026-04-30 10:56:56
f8:6b:d9:95:d8:87:,UTTetudiants,-85,2026-04-30 10:57:00
f8:6b:d9:95:d8:87:,UTTetudiants,-85,2026-04-30 10:57:00
f8:6b:d9:95:d8:87:,UTTetudiants,-85,2026-04-30 10:57:00
f8:6b:d9:95:d8:87:,UTTetudiants,-85,2026-04-30 10:57:04
f8:6b:d9:95:d8:87:,UTTetudiants,-85,2026-04-30 10:57:04
f8:6b:d9:95:d8:87:,UTTetudiants,-85,2026-04-30 10:57:04
f8:6b:d9:95:d8:87:,UTTetudiants,-85,2026-04-30 10:57:07
f8:6b:d9:95:d8:87:,UTTetudiants,-85,2026-04-30 10:57:07
f8:6b:d9:95:d8:87:,UTTetudiants,-85,2026-04-30 10:57:07
f8:6b:d9:95:d8:87:,UTTetudiants,-85,2026-04-30 10:57:11
f8:6b:d9:95:d8:87:,UTTetudiants,-85,2026-04-30 10:57:11
f8:6b:d9:95:d8:87:,UTTetudiants,-85,2026-04-30 10:57:11
f8:6b:d9:95:d8:87:,UTTetudiants,-85,2026-04-30 10:57:14
f8:6b:d9:95:d8:87:,UTTetudiants,-85,2026-04-30 10:57:14
f8:6b:d9:95:d8:87:,UTTetudiants,-85,2026-04-30 10:57:14
f8:6b:d9:95:d8:87:,UTTetudiants,-85,2026-04-30 10:57:16
f8:6b:d9:95:d8:87:,UTTetudiants,-85,2026-04-30 10:57:16
f8:6b:d9:95:d8:87:,UTTetudiants,-85,2026-04-30 10:57:16
f8:6b:d9:95:d8:87:,UTTetudiants,-85,2026-04-30 10:57:20
f8:6b:d9:95:d8:87:,UTTetudiants,-85,2026-04-30 10:57:20
f8:6b:d9:95:d8:87:,UTTetudiants,-85,2026-04-30 10:57:20
f8:6b:d9:95:d8:87:,UTTetudiants,-85,2026-04-30 10:57:28
f8:6b:d9:95:d8:87:,UTTetudiants,-85,2026-04-30 10:57:28
f8:6b:d9:95:d8:87:,UTTetudiants,-85,2026-04-30 10:57:28
f8:6b:d9:95:d8:87:,UTTetudiants,-85,2026-04-30 10:57:33
f8:6b:d9:95:d8:87:,UTTetudiants,-85,2026-04-30 10:57:33
f8:6b:d9:95:d8:87:,UTTetudiants,-85,2026-04-30 10:57:36
f8:6b:d9:95:d8:87:,UTTetudiants,-85,2026-04-30 10:57:36
f8:6b:d9:95:d8:87:,UTTetudiants,-85,2026-04-30 10:57:39
f8:6b:d9:95:d8:87:,UTTetudiants,-85,2026-04-30 10:57:39
ac:2a:a1:7e:df:67:,UTTetudiants,-86,2026-04-30 10:55:21
ac:2a:a1:7e:df:67:,UTTetudiants,-86,2026-04-30 10:55:21
ac:2a:a1:7e:df:67:,UTTetudiants,-86,2026-04-30 10:55:24
ac:2a:a1:7e:df:67:,UTTetudiants,-86,2026-04-30 10:55:24
ac:2a:a1:7e:df:67:,UTTetudiants,-86,2026-04-30 10:55:27
ac:2a:a1:7e:df:67:,UTTetudiants,-85,2026-04-30 10:55:27
ac:2a:a1:7e:df:67:,UTTetudiants,-86,2026-04-30 10:55:27
ac:2a:a1:7e:df:67:,UTTetudiants,-86,2026-04-30 10:55:30
ac:2a:a1:7e:df:67:,UTTetudiants,-79,2026-04-30 10:55:30
ac:2a:a1:7e:df:67:,UTTetudiants,-86,2026-04-30 10:55:30
ac:2a:a1:7e:df:67:,UTTetudiants,-73,2026-04-30 10:55:33
ac:2a:a1:7e:df:67:,UTTetudiants,-79,2026-04-30 10:55:33
ac:2a:a1:7e:df:67:,UTTetudiants,-73,2026-04-30 10:55:33
ac:2a:a1:7e:df:67:,UTTetudiants,-73,2026-04-30 10:55:36
ac:2a:a1:7e:df:67:,UTTetudiants,-79,2026-04-30 10:55:36
ac:2a:a1:7e:df:67:,UTTetudiants,-73,2026-04-30 10:55:36
ac:2a:a1:7e:df:67:,UTTetudiants,-86,2026-04-30 10:55:39
ac:2a:a1:7e:df:67:,UTTetudiants,-79,2026-04-30 10:55:39
ac:2a:a1:7e:df:67:,UTTetudiants,-86,2026-04-30 10:55:39
ac:2a:a1:7e:df:67:,UTTetudiants,-73,2026-04-30 10:55:42
ac:2a:a1:7e:df:67:,UTTetudiants,-79,2026-04-30 10:55:42
ac:2a:a1:7e:df:67:,UTTetudiants,-73,2026-04-30 10:55:42
ac:2a:a1:7e:df:67:,UTTetudiants,-79,2026-04-30 10:55:48
ac:2a:a1:7e:df:67:,UTTetudiants,-85,2026-04-30 10:55:48
ac:2a:a1:7e:df:67:,UTTetudiants,-79,2026-04-30 10:55:48
ac:2a:a1:7e:df:67:,UTTetudiants,-73,2026-04-30 10:55:51
ac:2a:a1:7e:df:67:,UTTetudiants,-85,2026-04-30 10:55:51
ac:2a:a1:7e:df:67:,UTTetudiants,-73,2026-04-30 10:55:51
ac:2a:a1:7e:df:67:,UTTetudiants,-73,2026-04-30 10:55:53
ac:2a:a1:7e:df:67:,UTTetudiants,-85,2026-04-30 10:55:53
ac:2a:a1:7e:df:67:,UTTetudiants,-73,2026-04-30 10:55:53
ac:2a:a1:7e:df:67:,UTTetudiants,-90,2026-04-30 10:55:56
ac:2a:a1:7e:df:67:,UTTetudiants,-85,2026-04-30 10:55:56
ac:2a:a1:7e:df:67:,UTTetudiants,-90,2026-04-30 10:55:56
ac:2a:a1:7e:df:67:,UTTetudiants,-78,2026-04-30 10:55:58
ac:2a:a1:7e:df:67:,UTTetudiants,-85,2026-04-30 10:55:58
ac:2a:a1:7e:df:67:,UTTetudiants,-78,2026-04-30 10:55:58
ac:2a:a1:7e:df:67:,UTTetudiants,-78,2026-04-30 10:56:02
ac:2a:a1:7e:df:67:,UTTetudiants,-85,2026-04-30 10:56:02
ac:2a:a1:7e:df:67:,UTTetudiants,-78,2026-04-30 10:56:02
ac:2a:a1:7e:df:67:,UTTetudiants,-82,2026-04-30 10:56:05
ac:2a:a1:7e:df:67:,UTTetudiants,-85,2026-04-30 10:56:05
ac:2a:a1:7e:df:67:,UTTetudiants,-82,2026-04-30 10:56:05
ac:2a:a1:7e:df:67:,UTTetudiants,-76,2026-04-30 10:56:09
ac:2a:a1:7e:df:67:,UTTetudiants,-85,2026-04-30 10:56:09
ac:2a:a1:7e:df:67:,UTTetudiants,-76,2026-04-30 10:56:09
ac:2a:a1:7e:df:67:,UTTetudiants,-76,2026-04-30 10:56:12
ac:2a:a1:7e:df:67:,UTTetudiants,-85,2026-04-30 10:56:12
ac:2a:a1:7e:df:67:,UTTetudiants,-76,2026-04-30 10:56:12
ac:2a:a1:7e:df:67:,UTTetudiants,-83,2026-04-30 10:56:14
ac:2a:a1:7e:df:67:,UTTetudiants,-85,2026-04-30 10:56:14
ac:2a:a1:7e:df:67:,UTTetudiants,-83,2026-04-30 10:56:14
ac:2a:a1:7e:df:67:,UTTetudiants,-79,2026-04-30 10:56:18
ac:2a:a1:7e:df:67:,UTTetudiants,-85,2026-04-30 10:56:18
ac:2a:a1:7e:df:67:,UTTetudiants,-79,2026-04-30 10:56:18
ac:2a:a1:7e:df:67:,UTTetudiants,-86,2026-04-30 10:56:23
ac:2a:a1:7e:df:67:,UTTetudiants,-85,2026-04-30 10:56:23
ac:2a:a1:7e:df:67:,UTTetudiants,-86,2026-04-30 10:56:23
ac:2a:a1:7e:df:67:,UTTetudiants,-81,2026-04-30 10:56:27
ac:2a:a1:7e:df:67:,UTTetudiants,-85,2026-04-30 10:56:27
ac:2a:a1:7e:df:67:,UTTetudiants,-81,2026-04-30 10:56:27
ac:2a:a1:7e:df:67:,UTTetudiants,-81,2026-04-30 10:56:29
ac:2a:a1:7e:df:67:,UTTetudiants,-85,2026-04-30 10:56:29
ac:2a:a1:7e:df:67:,UTTetudiants,-81,2026-04-30 10:56:29
ac:2a:a1:7e:df:67:,UTTetudiants,-81,2026-04-30 10:56:32
ac:2a:a1:7e:df:67:,UTTetudiants,-85,2026-04-30 10:56:32
ac:2a:a1:7e:df:67:,UTTetudiants,-81,2026-04-30 10:56:32
ac:2a:a1:7e:df:67:,UTTetudiants,-80,2026-04-30 10:56:35
ac:2a:a1:7e:df:67:,UTTetudiants,-85,2026-04-30 10:56:35
ac:2a:a1:7e:df:67:,UTTetudiants,-80,2026-04-30 10:56:35
ac:2a:a1:7e:df:67:,UTTetudiants,-80,2026-04-30 10:56:38
ac:2a:a1:7e:df:67:,UTTetudiants,-85,2026-04-30 10:56:38
ac:2a:a1:7e:df:67:,UTTetudiants,-80,2026-04-30 10:56:38
ac:2a:a1:7e:df:67:,UTTetudiants,-84,2026-04-30 10:56:41
ac:2a:a1:7e:df:67:,UTTetudiants,-85,2026-04-30 10:56:41
ac:2a:a1:7e:df:67:,UTTetudiants,-84,2026-04-30 10:56:41
ac:2a:a1:7e:df:67:,UTTetudiants,-83,2026-04-30 10:56:43
ac:2a:a1:7e:df:67:,UTTetudiants,-85,2026-04-30 10:56:43
ac:2a:a1:7e:df:67:,UTTetudiants,-83,2026-04-30 10:56:43
ac:2a:a1:7e:df:67:,UTTetudiants,-80,2026-04-30 10:56:52
ac:2a:a1:7e:df:67:,UTTetudiants,-85,2026-04-30 10:56:52
ac:2a:a1:7e:df:67:,UTTetudiants,-80,2026-04-30 10:56:52
ac:2a:a1:7e:df:67:,UTTetudiants,-80,2026-04-30 10:56:56
ac:2a:a1:7e:df:67:,UTTetudiants,-85,2026-04-30 10:56:56
ac:2a:a1:7e:df:67:,UTTetudiants,-80,2026-04-30 10:56:56
ac:2a:a1:7e:df:67:,UTTetudiants,-80,2026-04-30 10:57:00
ac:2a:a1:7e:df:67:,UTTetudiants,-85,2026-04-30 10:57:00
ac:2a:a1:7e:df:67:,UTTetudiants,-80,2026-04-30 10:57:00
ac:2a:a1:7e:df:67:,UTTetudiants,-85,2026-04-30 10:57:04
ac:2a:a1:7e:df:67:,UTTetudiants,-85,2026-04-30 10:57:04
ac:2a:a1:7e:df:67:,UTTetudiants,-85,2026-04-30 10:57:04
ac:2a:a1:7e:df:67:,UTTetudiants,-76,2026-04-30 10:57:07
ac:2a:a1:7e:df:67:,UTTetudiants,-85,2026-04-30 10:57:07
ac:2a:a1:7e:df:67:,UTTetudiants,-76,2026-04-30 10:57:07
ac:2a:a1:7e:df:67:,UTTetudiants,-76,2026-04-30 10:57:11
ac:2a:a1:7e:df:67:,UTTetudiants,-85,2026-04-30 10:57:11
ac:2a:a1:7e:df:67:,UTTetudiants,-76,2026-04-30 10:57:11
ac:2a:a1:7e:df:67:,UTTetudiants,-84,2026-04-30 10:57:14
ac:2a:a1:7e:df:67:,UTTetudiants,-85,2026-04-30 10:57:14
ac:2a:a1:7e:df:67:,UTTetudiants,-84,2026-04-30 10:57:14
ac:2a:a1:7e:df:67:,UTTetudiants,-80,2026-04-30 10:57:16
ac:2a:a1:7e:df:67:,UTTetudiants,-85,2026-04-30 10:57:16
ac:2a:a1:7e:df:67:,UTTetudiants,-80,2026-04-30 10:57:16
ac:2a:a1:7e:df:67:,UTTetudiants,-80,2026-04-30 10:57:20
ac:2a:a1:7e:df:67:,UTTetudiants,-85,2026-04-30 10:57:20
ac:2a:a1:7e:df:67:,UTTetudiants,-80,2026-04-30 10:57:20
ac:2a:a1:7e:df:67:,UTTetudiants,-80,2026-04-30 10:57:28
ac:2a:a1:7e:df:67:,UTTetudiants,-85,2026-04-30 10:57:28
ac:2a:a1:7e:df:67:,UTTetudiants,-80,2026-04-30 10:57:28
ac:2a:a1:7e:df:67:,UTTetudiants,-86,2026-04-30 10:57:33
ac:2a:a1:7e:df:67:,UTTetudiants,-85,2026-04-30 10:57:33
ac:2a:a1:7e:df:67:,UTTetudiants,-86,2026-04-30 10:57:33
ac:2a:a1:7e:df:67:,UTTetudiants,-86,2026-04-30 10:57:36
ac:2a:a1:7e:df:67:,UTTetudiants,-85,2026-04-30 10:57:36
ac:2a:a1:7e:df:67:,UTTetudiants,-86,2026-04-30 10:57:36
ac:2a:a1:7e:df:67:,UTTetudiants,-86,2026-04-30 10:57:39
ac:2a:a1:7e:df:67:,UTTetudiants,-85,2026-04-30 10:57:39
ac:2a:a1:7e:df:67:,UTTetudiants,-86,2026-04-30 10:57:39
ac:2a:a1:7e:df:67:,UTTetudiants,-84,2026-04-30 10:57:42
ac:2a:a1:7e:df:67:,UTTetudiants,-85,2026-04-30 10:57:42
ac:2a:a1:7e:df:67:,UTTetudiants,-84,2026-04-30 10:57:42
ac:2a:a1:7e:df:67:,UTTetudiants,-84,2026-04-30 10:57:46
ac:2a:a1:7e:df:67:,UTTetudiants,-84,2026-04-30 10:57:46
ac:2a:a1:7e:df:67:,UTTetudiants,-86,2026-04-30 10:57:50
ac:2a:a1:7e:df:67:,UTTetudiants,-86,2026-04-30 10:57:50
ac:2a:a1:7e:df:67:,UTTetudiants,-85,2026-04-30 10:57:53
ac:2a:a1:7e:df:67:,UTTetudiants,-85,2026-04-30 10:57:53
ac:2a:a1:7e:df:67:,UTTetudiants,-85,2026-04-30 10:57:57
ac:2a:a1:7e:df:67:,UTTetudiants,-85,2026-04-30 10:57:57
ac:2a:a1:7e:df:67:,UTTetudiants,-85,2026-04-30 10:58:00
ac:2a:a1:7e:df:67:,UTTetudiants,-85,2026-04-30 10:58:00
ac:2a:a1:7e:df:67:,UTTetudiants,-85,2026-04-30 10:58:03
ac:2a:a1:7e:df:67:,UTTetudiants,-85,2026-04-30 10:58:03
ac:2a:a1:7e:df:67:,UTTetudiants,-85,2026-04-30 10:58:06
ac:2a:a1:7e:df:67:,UTTetudiants,-85,2026-04-30 10:58:06
ac:2a:a1:7e:df:67:,UTTetudiants,-80,2026-04-30 10:58:12
ac:2a:a1:7e:df:67:,UTTetudiants,-80,2026-04-30 10:58:12
ac:2a:a1:7e:df:67:,UTTetudiants,-84,2026-04-30 10:58:16
ac:2a:a1:7e:df:67:,UTTetudiants,-84,2026-04-30 10:58:16
ac:2a:a1:7e:df:67:,UTTetudiants,-77,2026-04-30 10:58:20
ac:2a:a1:7e:df:67:,UTTetudiants,-77,2026-04-30 10:58:20
e4:aa:5d:fd:3e:e8:,UTTetudiants,-74,2026-04-30 10:55:21
e4:aa:5d:fd:3e:e8:,UTTetudiants,-83,2026-04-30 10:55:21
e4:aa:5d:fd:3e:e8:,UTTetudiants,-74,2026-04-30 10:55:21
e4:aa:5d:fd:3e:e8:,UTTetudiants,-74,2026-04-30 10:55:24
e4:aa:5d:fd:3e:e8:,UTTetudiants,-62,2026-04-30 10:55:24
e4:aa:5d:fd:3e:e8:,UTTetudiants,-74,2026-04-30 10:55:24
e4:aa:5d:fd:3e:e8:,UTTetudiants,-79,2026-04-30 10:55:27
e4:aa:5d:fd:3e:e8:,UTTetudiants,-62,2026-04-30 10:55:27
e4:aa:5d:fd:3e:e8:,UTTetudiants,-79,2026-04-30 10:55:27
e4:aa:5d:fd:3e:e8:,UTTetudiants,-73,2026-04-30 10:55:30
e4:aa:5d:fd:3e:e8:,UTTetudiants,-65,2026-04-30 10:55:30
e4:aa:5d:fd:3e:e8:,UTTetudiants,-73,2026-04-30 10:55:30
e4:aa:5d:fd:3e:e8:,UTTetudiants,-73,2026-04-30 10:55:33
e4:aa:5d:fd:3e:e8:,UTTetudiants,-74,2026-04-30 10:55:33
e4:aa:5d:fd:3e:e8:,UTTetudiants,-73,2026-04-30 10:55:33
e4:aa:5d:fd:3e:e8:,UTTetudiants,-73,2026-04-30 10:55:36
e4:aa:5d:fd:3e:e8:,UTTetudiants,-74,2026-04-30 10:55:36
e4:aa:5d:fd:3e:e8:,UTTetudiants,-73,2026-04-30 10:55:36
e4:aa:5d:fd:3e:e8:,UTTetudiants,-80,2026-04-30 10:55:39
e4:aa:5d:fd:3e:e8:,UTTetudiants,-80,2026-04-30 10:55:39
e4:aa:5d:fd:3e:e8:,UTTetudiants,-80,2026-04-30 10:55:39
e4:aa:5d:fd:3e:e8:,UTTetudiants,-80,2026-04-30 10:55:42
e4:aa:5d:fd:3e:e8:,UTTetudiants,-69,2026-04-30 10:55:42
e4:aa:5d:fd:3e:e8:,UTTetudiants,-80,2026-04-30 10:55:42
e4:aa:5d:fd:3e:e8:,UTTetudiants,-79,2026-04-30 10:55:48
e4:aa:5d:fd:3e:e8:,UTTetudiants,-67,2026-04-30 10:55:48
e4:aa:5d:fd:3e:e8:,UTTetudiants,-79,2026-04-30 10:55:48
e4:aa:5d:fd:3e:e8:,UTTetudiants,-79,2026-04-30 10:55:51
e4:aa:5d:fd:3e:e8:,UTTetudiants,-72,2026-04-30 10:55:51
e4:aa:5d:fd:3e:e8:,UTTetudiants,-79,2026-04-30 10:55:51
e4:aa:5d:fd:3e:e8:,UTTetudiants,-79,2026-04-30 10:55:53
e4:aa:5d:fd:3e:e8:,UTTetudiants,-72,2026-04-30 10:55:53
e4:aa:5d:fd:3e:e8:,UTTetudiants,-79,2026-04-30 10:55:53
e4:aa:5d:fd:3e:e8:,UTTetudiants,-79,2026-04-30 10:55:56
e4:aa:5d:fd:3e:e8:,UTTetudiants,-71,2026-04-30 10:55:56
e4:aa:5d:fd:3e:e8:,UTTetudiants,-79,2026-04-30 10:55:56
e4:aa:5d:fd:3e:e8:,UTTetudiants,-79,2026-04-30 10:55:58
e4:aa:5d:fd:3e:e8:,UTTetudiants,-71,2026-04-30 10:55:58
e4:aa:5d:fd:3e:e8:,UTTetudiants,-79,2026-04-30 10:55:58
e4:aa:5d:fd:3e:e8:,UTTetudiants,-79,2026-04-30 10:56:02
e4:aa:5d:fd:3e:e8:,UTTetudiants,-71,2026-04-30 10:56:02
e4:aa:5d:fd:3e:e8:,UTTetudiants,-79,2026-04-30 10:56:02
e4:aa:5d:fd:3e:e8:,UTTetudiants,-79,2026-04-30 10:56:05
e4:aa:5d:fd:3e:e8:,UTTetudiants,-76,2026-04-30 10:56:05
e4:aa:5d:fd:3e:e8:,UTTetudiants,-79,2026-04-30 10:56:05
e4:aa:5d:fd:3e:e8:,UTTetudiants,-79,2026-04-30 10:56:09
e4:aa:5d:fd:3e:e8:,UTTetudiants,-73,2026-04-30 10:56:09
e4:aa:5d:fd:3e:e8:,UTTetudiants,-79,2026-04-30 10:56:09
e4:aa:5d:fd:3e:e8:,UTTetudiants,-79,2026-04-30 10:56:12
e4:aa:5d:fd:3e:e8:,UTTetudiants,-73,2026-04-30 10:56:12
e4:aa:5d:fd:3e:e8:,UTTetudiants,-79,2026-04-30 10:56:12
e4:aa:5d:fd:3e:e8:,UTTetudiants,-84,2026-04-30 10:56:14
e4:aa:5d:fd:3e:e8:,UTTetudiants,-74,2026-04-30 10:56:14
e4:aa:5d:fd:3e:e8:,UTTetudiants,-84,2026-04-30 10:56:14
e4:aa:5d:fd:3e:e8:,UTTetudiants,-84,2026-04-30 10:56:18
e4:aa:5d:fd:3e:e8:,UTTetudiants,-72,2026-04-30 10:56:18
e4:aa:5d:fd:3e:e8:,UTTetudiants,-84,2026-04-30 10:56:18
e4:aa:5d:fd:3e:e8:,UTTetudiants,-83,2026-04-30 10:56:23
e4:aa:5d:fd:3e:e8:,UTTetudiants,-83,2026-04-30 10:56:23
e4:aa:5d:fd:3e:e8:,UTTetudiants,-83,2026-04-30 10:56:23
e4:aa:5d:fd:3e:e8:,UTTetudiants,-83,2026-04-30 10:56:27
e4:aa:5d:fd:3e:e8:,UTTetudiants,-76,2026-04-30 10:56:27
e4:aa:5d:fd:3e:e8:,UTTetudiants,-83,2026-04-30 10:56:27
e4:aa:5d:fd:3e:e8:,UTTetudiants,-83,2026-04-30 10:56:29
e4:aa:5d:fd:3e:e8:,UTTetudiants,-76,2026-04-30 10:56:29
e4:aa:5d:fd:3e:e8:,UTTetudiants,-83,2026-04-30 10:56:29
e4:aa:5d:fd:3e:e8:,UTTetudiants,-83,2026-04-30 10:56:32
e4:aa:5d:fd:3e:e8:,UTTetudiants,-80,2026-04-30 10:56:32
e4:aa:5d:fd:3e:e8:,UTTetudiants,-83,2026-04-30 10:56:32
e4:aa:5d:fd:3e:e8:,UTTetudiants,-83,2026-04-30 10:56:35
e4:aa:5d:fd:3e:e8:,UTTetudiants,-69,2026-04-30 10:56:35
e4:aa:5d:fd:3e:e8:,UTTetudiants,-83,2026-04-30 10:56:35
e4:aa:5d:fd:3e:e8:,UTTetudiants,-83,2026-04-30 10:56:38
e4:aa:5d:fd:3e:e8:,UTTetudiants,-69,2026-04-30 10:56:38
e4:aa:5d:fd:3e:e8:,UTTetudiants,-83,2026-04-30 10:56:38
e4:aa:5d:fd:3e:e8:,UTTetudiants,-83,2026-04-30 10:56:41
e4:aa:5d:fd:3e:e8:,UTTetudiants,-73,2026-04-30 10:56:41
e4:aa:5d:fd:3e:e8:,UTTetudiants,-83,2026-04-30 10:56:41
e4:aa:5d:fd:3e:e8:,UTTetudiants,-83,2026-04-30 10:56:43
e4:aa:5d:fd:3e:e8:,UTTetudiants,-77,2026-04-30 10:56:43
e4:aa:5d:fd:3e:e8:,UTTetudiants,-83,2026-04-30 10:56:43
e4:aa:5d:fd:3e:e8:,UTTetudiants,-83,2026-04-30 10:56:52
e4:aa:5d:fd:3e:e8:,UTTetudiants,-87,2026-04-30 10:56:52
e4:aa:5d:fd:3e:e8:,UTTetudiants,-83,2026-04-30 10:56:52
e4:aa:5d:fd:3e:e8:,UTTetudiants,-83,2026-04-30 10:56:56
e4:aa:5d:fd:3e:e8:,UTTetudiants,-72,2026-04-30 10:56:56
e4:aa:5d:fd:3e:e8:,UTTetudiants,-83,2026-04-30 10:56:56
e4:aa:5d:fd:3e:e8:,UTTetudiants,-83,2026-04-30 10:57:00
e4:aa:5d:fd:3e:e8:,UTTetudiants,-72,2026-04-30 10:57:00
e4:aa:5d:fd:3e:e8:,UTTetudiants,-83,2026-04-30 10:57:00
e4:aa:5d:fd:3e:e8:,UTTetudiants,-81,2026-04-30 10:57:04
e4:aa:5d:fd:3e:e8:,UTTetudiants,-78,2026-04-30 10:57:04
e4:aa:5d:fd:3e:e8:,UTTetudiants,-81,2026-04-30 10:57:04
e4:aa:5d:fd:3e:e8:,UTTetudiants,-81,2026-04-30 10:57:07
e4:aa:5d:fd:3e:e8:,UTTetudiants,-76,2026-04-30 10:57:07
e4:aa:5d:fd:3e:e8:,UTTetudiants,-81,2026-04-30 10:57:07
e4:aa:5d:fd:3e:e8:,UTTetudiants,-81,2026-04-30 10:57:11
e4:aa:5d:fd:3e:e8:,UTTetudiants,-76,2026-04-30 10:57:11
e4:aa:5d:fd:3e:e8:,UTTetudiants,-81,2026-04-30 10:57:11
e4:aa:5d:fd:3e:e8:,UTTetudiants,-81,2026-04-30 10:57:14
e4:aa:5d:fd:3e:e8:,UTTetudiants,-78,2026-04-30 10:57:14
e4:aa:5d:fd:3e:e8:,UTTetudiants,-82,2026-04-30 10:57:14
e4:aa:5d:fd:3e:e8:,UTTetudiants,-82,2026-04-30 10:57:16
e4:aa:5d:fd:3e:e8:,UTTetudiants,-78,2026-04-30 10:57:16
e4:aa:5d:fd:3e:e8:,UTTetudiants,-82,2026-04-30 10:57:16
e4:aa:5d:fd:3e:e8:,UTTetudiants,-82,2026-04-30 10:57:20
e4:aa:5d:fd:3e:e8:,UTTetudiants,-78,2026-04-30 10:57:20
e4:aa:5d:fd:3e:e8:,UTTetudiants,-82,2026-04-30 10:57:20
e4:aa:5d:fd:3e:e8:,UTTetudiants,-82,2026-04-30 10:57:28
e4:aa:5d:fd:3e:e8:,UTTetudiants,-74,2026-04-30 10:57:28
e4:aa:5d:fd:3e:e8:,UTTetudiants,-82,2026-04-30 10:57:28
e4:aa:5d:fd:3e:e8:,UTTetudiants,-82,2026-04-30 10:57:33
e4:aa:5d:fd:3e:e8:,UTTetudiants,-75,2026-04-30 10:57:33
e4:aa:5d:fd:3e:e8:,UTTetudiants,-82,2026-04-30 10:57:33
e4:aa:5d:fd:3e:e8:,UTTetudiants,-82,2026-04-30 10:57:36
e4:aa:5d:fd:3e:e8:,UTTetudiants,-75,2026-04-30 10:57:36
e4:aa:5d:fd:3e:e8:,UTTetudiants,-82,2026-04-30 10:57:36
e4:aa:5d:fd:3e:e8:,UTTetudiants,-82,2026-04-30 10:57:39
e4:aa:5d:fd:3e:e8:,UTTetudiants,-77,2026-04-30 10:57:39
e4:aa:5d:fd:3e:e8:,UTTetudiants,-82,2026-04-30 10:57:39
e4:aa:5d:fd:3e:e8:,UTTetudiants,-82,2026-04-30 10:57:42
e4:aa:5d:fd:3e:e8:,UTTetudiants,-69,2026-04-30 10:57:42
e4:aa:5d:fd:3e:e8:,UTTetudiants,-82,2026-04-30 10:57:42
e4:aa:5d:fd:3e:e8:,UTTetudiants,-82,2026-04-30 10:57:46
e4:aa:5d:fd:3e:e8:,UTTetudiants,-69,2026-04-30 10:57:46
e4:aa:5d:fd:3e:e8:,UTTetudiants,-82,2026-04-30 10:57:46
e4:aa:5d:fd:3e:e8:,UTTetudiants,-82,2026-04-30 10:57:50
e4:aa:5d:fd:3e:e8:,UTTetudiants,-79,2026-04-30 10:57:50
e4:aa:5d:fd:3e:e8:,UTTetudiants,-82,2026-04-30 10:57:50
e4:aa:5d:fd:3e:e8:,UTTetudiants,-82,2026-04-30 10:57:53
e4:aa:5d:fd:3e:e8:,UTTetudiants,-78,2026-04-30 10:57:53
e4:aa:5d:fd:3e:e8:,UTTetudiants,-82,2026-04-30 10:57:53
e4:aa:5d:fd:3e:e8:,UTTetudiants,-82,2026-04-30 10:57:57
e4:aa:5d:fd:3e:e8:,UTTetudiants,-78,2026-04-30 10:57:57
e4:aa:5d:fd:3e:e8:,UTTetudiants,-82,2026-04-30 10:57:57
e4:aa:5d:fd:3e:e8:,UTTetudiants,-82,2026-04-30 10:58:00
e4:aa:5d:fd:3e:e8:,UTTetudiants,-78,2026-04-30 10:58:00
e4:aa:5d:fd:3e:e8:,UTTetudiants,-82,2026-04-30 10:58:00
e4:aa:5d:fd:3e:e8:,UTTetudiants,-82,2026-04-30 10:58:03
e4:aa:5d:fd:3e:e8:,UTTetudiants,-80,2026-04-30 10:58:03
e4:aa:5d:fd:3e:e8:,UTTetudiants,-82,2026-04-30 10:58:03
e4:aa:5d:fd:3e:e8:,UTTetudiants,-82,2026-04-30 10:58:06
e4:aa:5d:fd:3e:e8:,UTTetudiants,-80,2026-04-30 10:58:06
e4:aa:5d:fd:3e:e8:,UTTetudiants,-82,2026-04-30 10:58:06
e4:aa:5d:fd:3e:e8:,UTTetudiants,-80,2026-04-30 10:58:12
e4:aa:5d:fd:3e:e8:,UTTetudiants,-77,2026-04-30 10:58:12
e4:aa:5d:fd:3e:e8:,UTTetudiants,-80,2026-04-30 10:58:12
e4:aa:5d:fd:3e:e8:,UTTetudiants,-78,2026-04-30 10:58:16
e4:aa:5d:fd:3e:e8:,UTTetudiants,-78,2026-04-30 10:58:16
e4:aa:5d:fd:3e:e8:,UTTetudiants,-78,2026-04-30 10:58:16
e4:aa:5d:fd:3e:e8:,UTTetudiants,-78,2026-04-30 10:58:20
e4:aa:5d:fd:3e:e8:,UTTetudiants,-82,2026-04-30 10:58:20
e4:aa:5d:fd:3e:e8:,UTTetudiants,-78,2026-04-30 10:58:20
f8:6b:d9:01:93:68:,UTTetudiants,-55,2026-04-30 10:55:21
f8:6b:d9:01:93:68:,UTTetudiants,-63,2026-04-30 10:55:21
f8:6b:d9:01:93:68:,UTTetudiants,-55,2026-04-30 10:55:21
f8:6b:d9:01:93:68:,UTTetudiants,-49,2026-04-30 10:55:24
f8:6b:d9:01:93:68:,UTTetudiants,-60,2026-04-30 10:55:24
f8:6b:d9:01:93:68:,UTTetudiants,-49,2026-04-30 10:55:24
f8:6b:d9:01:93:68:,UTTetudiants,-49,2026-04-30 10:55:27
f8:6b:d9:01:93:68:,UTTetudiants,-60,2026-04-30 10:55:27
f8:6b:d9:01:93:68:,UTTetudiants,-49,2026-04-30 10:55:27
f8:6b:d9:01:93:68:,UTTetudiants,-49,2026-04-30 10:55:30
f8:6b:d9:01:93:68:,UTTetudiants,-67,2026-04-30 10:55:30
f8:6b:d9:01:93:68:,UTTetudiants,-49,2026-04-30 10:55:30
f8:6b:d9:01:93:68:,UTTetudiants,-52,2026-04-30 10:55:33
f8:6b:d9:01:93:68:,UTTetudiants,-52,2026-04-30 10:55:33
f8:6b:d9:01:93:68:,UTTetudiants,-52,2026-04-30 10:55:33
f8:6b:d9:01:93:68:,UTTetudiants,-52,2026-04-30 10:55:36
f8:6b:d9:01:93:68:,UTTetudiants,-52,2026-04-30 10:55:36
f8:6b:d9:01:93:68:,UTTetudiants,-52,2026-04-30 10:55:36
f8:6b:d9:01:93:68:,UTTetudiants,-50,2026-04-30 10:55:39
f8:6b:d9:01:93:68:,UTTetudiants,-58,2026-04-30 10:55:39
f8:6b:d9:01:93:68:,UTTetudiants,-50,2026-04-30 10:55:39
f8:6b:d9:01:93:68:,UTTetudiants,-56,2026-04-30 10:55:42
f8:6b:d9:01:93:68:,UTTetudiants,-56,2026-04-30 10:55:42
f8:6b:d9:01:93:68:,UTTetudiants,-56,2026-04-30 10:55:42
f8:6b:d9:01:93:68:,UTTetudiants,-55,2026-04-30 10:55:48
f8:6b:d9:01:93:68:,UTTetudiants,-62,2026-04-30 10:55:48
f8:6b:d9:01:93:68:,UTTetudiants,-55,2026-04-30 10:55:48
f8:6b:d9:01:93:68:,UTTetudiants,-49,2026-04-30 10:55:51
f8:6b:d9:01:93:68:,UTTetudiants,-51,2026-04-30 10:55:51
f8:6b:d9:01:93:68:,UTTetudiants,-49,2026-04-30 10:55:51
f8:6b:d9:01:93:68:,UTTetudiants,-49,2026-04-30 10:55:53
f8:6b:d9:01:93:68:,UTTetudiants,-51,2026-04-30 10:55:53
f8:6b:d9:01:93:68:,UTTetudiants,-49,2026-04-30 10:55:53
f8:6b:d9:01:93:68:,UTTetudiants,-52,2026-04-30 10:55:56
f8:6b:d9:01:93:68:,UTTetudiants,-57,2026-04-30 10:55:56
f8:6b:d9:01:93:68:,UTTetudiants,-52,2026-04-30 10:55:56
f8:6b:d9:01:93:68:,UTTetudiants,-52,2026-04-30 10:55:58
f8:6b:d9:01:93:68:,UTTetudiants,-52,2026-04-30 10:55:58
f8:6b:d9:01:93:68:,UTTetudiants,-52,2026-04-30 10:55:58
f8:6b:d9:01:93:68:,UTTetudiants,-48,2026-04-30 10:56:02
f8:6b:d9:01:93:68:,UTTetudiants,-52,2026-04-30 10:56:02
f8:6b:d9:01:93:68:,UTTetudiants,-48,2026-04-30 10:56:02
f8:6b:d9:01:93:68:,UTTetudiants,-50,2026-04-30 10:56:05
f8:6b:d9:01:93:68:,UTTetudiants,-71,2026-04-30 10:56:05
f8:6b:d9:01:93:68:,UTTetudiants,-50,2026-04-30 10:56:05
f8:6b:d9:01:93:68:,UTTetudiants,-50,2026-04-30 10:56:09
f8:6b:d9:01:93:68:,UTTetudiants,-50,2026-04-30 10:56:09
f8:6b:d9:01:93:68:,UTTetudiants,-50,2026-04-30 10:56:09
f8:6b:d9:01:93:68:,UTTetudiants,-47,2026-04-30 10:56:12
f8:6b:d9:01:93:68:,UTTetudiants,-50,2026-04-30 10:56:12
f8:6b:d9:01:93:68:,UTTetudiants,-47,2026-04-30 10:56:12
f8:6b:d9:01:93:68:,UTTetudiants,-47,2026-04-30 10:56:14
f8:6b:d9:01:93:68:,UTTetudiants,-63,2026-04-30 10:56:14
f8:6b:d9:01:93:68:,UTTetudiants,-47,2026-04-30 10:56:14
f8:6b:d9:01:93:68:,UTTetudiants,-51,2026-04-30 10:56:18
f8:6b:d9:01:93:68:,UTTetudiants,-53,2026-04-30 10:56:18
f8:6b:d9:01:93:68:,UTTetudiants,-51,2026-04-30 10:56:18
f8:6b:d9:01:93:68:,UTTetudiants,-50,2026-04-30 10:56:23
f8:6b:d9:01:93:68:,UTTetudiants,-50,2026-04-30 10:56:23
f8:6b:d9:01:93:68:,UTTetudiants,-50,2026-04-30 10:56:23
f8:6b:d9:01:93:68:,UTTetudiants,-51,2026-04-30 10:56:27
f8:6b:d9:01:93:68:,UTTetudiants,-48,2026-04-30 10:56:27
f8:6b:d9:01:93:68:,UTTetudiants,-51,2026-04-30 10:56:27
f8:6b:d9:01:93:68:,UTTetudiants,-51,2026-04-30 10:56:29
f8:6b:d9:01:93:68:,UTTetudiants,-48,2026-04-30 10:56:29
f8:6b:d9:01:93:68:,UTTetudiants,-51,2026-04-30 10:56:29
f8:6b:d9:01:93:68:,UTTetudiants,-48,2026-04-30 10:56:32
f8:6b:d9:01:93:68:,UTTetudiants,-57,2026-04-30 10:56:32
f8:6b:d9:01:93:68:,UTTetudiants,-48,2026-04-30 10:56:32
f8:6b:d9:01:93:68:,UTTetudiants,-48,2026-04-30 10:56:35
f8:6b:d9:01:93:68:,UTTetudiants,-53,2026-04-30 10:56:35
f8:6b:d9:01:93:68:,UTTetudiants,-48,2026-04-30 10:56:35
f8:6b:d9:01:93:68:,UTTetudiants,-47,2026-04-30 10:56:38
f8:6b:d9:01:93:68:,UTTetudiants,-53,2026-04-30 10:56:38
f8:6b:d9:01:93:68:,UTTetudiants,-47,2026-04-30 10:56:38
f8:6b:d9:01:93:68:,UTTetudiants,-53,2026-04-30 10:56:41
f8:6b:d9:01:93:68:,UTTetudiants,-65,2026-04-30 10:56:41
f8:6b:d9:01:93:68:,UTTetudiants,-53,2026-04-30 10:56:41
f8:6b:d9:01:93:68:,UTTetudiants,-53,2026-04-30 10:56:43
f8:6b:d9:01:93:68:,UTTetudiants,-59,2026-04-30 10:56:43
f8:6b:d9:01:93:68:,UTTetudiants,-53,2026-04-30 10:56:43
f8:6b:d9:01:93:68:,UTTetudiants,-50,2026-04-30 10:56:52
f8:6b:d9:01:93:68:,UTTetudiants,-58,2026-04-30 10:56:52
f8:6b:d9:01:93:68:,UTTetudiants,-50,2026-04-30 10:56:52
f8:6b:d9:01:93:68:,UTTetudiants,-47,2026-04-30 10:56:56
f8:6b:d9:01:93:68:,UTTetudiants,-51,2026-04-30 10:56:56
f8:6b:d9:01:93:68:,UTTetudiants,-47,2026-04-30 10:56:56
f8:6b:d9:01:93:68:,UTTetudiants,-47,2026-04-30 10:57:00
f8:6b:d9:01:93:68:,UTTetudiants,-51,2026-04-30 10:57:00
f8:6b:d9:01:93:68:,UTTetudiants,-47,2026-04-30 10:57:00
f8:6b:d9:01:93:68:,UTTetudiants,-46,2026-04-30 10:57:04
f8:6b:d9:01:93:68:,UTTetudiants,-58,2026-04-30 10:57:04
f8:6b:d9:01:93:68:,UTTetudiants,-46,2026-04-30 10:57:04
f8:6b:d9:01:93:68:,UTTetudiants,-51,2026-04-30 10:57:07
f8:6b:d9:01:93:68:,UTTetudiants,-54,2026-04-30 10:57:07
f8:6b:d9:01:93:68:,UTTetudiants,-51,2026-04-30 10:57:07
f8:6b:d9:01:93:68:,UTTetudiants,-51,2026-04-30 10:57:11
f8:6b:d9:01:93:68:,UTTetudiants,-54,2026-04-30 10:57:11
f8:6b:d9:01:93:68:,UTTetudiants,-51,2026-04-30 10:57:11
f8:6b:d9:01:93:68:,UTTetudiants,-49,2026-04-30 10:57:14
f8:6b:d9:01:93:68:,UTTetudiants,-58,2026-04-30 10:57:14
f8:6b:d9:01:93:68:,UTTetudiants,-49,2026-04-30 10:57:14
f8:6b:d9:01:93:68:,UTTetudiants,-50,2026-04-30 10:57:16
f8:6b:d9:01:93:68:,UTTetudiants,-60,2026-04-30 10:57:16
f8:6b:d9:01:93:68:,UTTetudiants,-50,2026-04-30 10:57:16
f8:6b:d9:01:93:68:,UTTetudiants,-50,2026-04-30 10:57:20
f8:6b:d9:01:93:68:,UTTetudiants,-60,2026-04-30 10:57:20
f8:6b:d9:01:93:68:,UTTetudiants,-50,2026-04-30 10:57:20
f8:6b:d9:01:93:68:,UTTetudiants,-54,2026-04-30 10:57:28
f8:6b:d9:01:93:68:,UTTetudiants,-56,2026-04-30 10:57:28
f8:6b:d9:01:93:68:,UTTetudiants,-54,2026-04-30 10:57:28
f8:6b:d9:01:93:68:,UTTetudiants,-55,2026-04-30 10:57:33
f8:6b:d9:01:93:68:,UTTetudiants,-53,2026-04-30 10:57:33
f8:6b:d9:01:93:68:,UTTetudiants,-55,2026-04-30 10:57:33
f8:6b:d9:01:93:68:,UTTetudiants,-55,2026-04-30 10:57:36
f8:6b:d9:01:93:68:,UTTetudiants,-53,2026-04-30 10:57:36
f8:6b:d9:01:93:68:,UTTetudiants,-49,2026-04-30 10:57:36
f8:6b:d9:01:93:68:,UTTetudiants,-49,2026-04-30 10:57:39
f8:6b:d9:01:93:68:,UTTetudiants,-58,2026-04-30 10:57:39
f8:6b:d9:01:93:68:,UTTetudiants,-49,2026-04-30 10:57:39
f8:6b:d9:01:93:68:,UTTetudiants,-50,2026-04-30 10:57:42
f8:6b:d9:01:93:68:,UTTetudiants,-61,2026-04-30 10:57:42
f8:6b:d9:01:93:68:,UTTetudiants,-50,2026-04-30 10:57:42
f8:6b:d9:01:93:68:,UTTetudiants,-50,2026-04-30 10:57:46
f8:6b:d9:01:93:68:,UTTetudiants,-61,2026-04-30 10:57:46
f8:6b:d9:01:93:68:,UTTetudiants,-50,2026-04-30 10:57:46
f8:6b:d9:01:93:68:,UTTetudiants,-52,2026-04-30 10:57:50
f8:6b:d9:01:93:68:,UTTetudiants,-62,2026-04-30 10:57:50
f8:6b:d9:01:93:68:,UTTetudiants,-52,2026-04-30 10:57:50
f8:6b:d9:01:93:68:,UTTetudiants,-48,2026-04-30 10:57:53
f8:6b:d9:01:93:68:,UTTetudiants,-60,2026-04-30 10:57:53
f8:6b:d9:01:93:68:,UTTetudiants,-48,2026-04-30 10:57:53
f8:6b:d9:01:93:68:,UTTetudiants,-48,2026-04-30 10:57:57
f8:6b:d9:01:93:68:,UTTetudiants,-60,2026-04-30 10:57:57
f8:6b:d9:01:93:68:,UTTetudiants,-49,2026-04-30 10:57:57
f8:6b:d9:01:93:68:,UTTetudiants,-49,2026-04-30 10:58:00
f8:6b:d9:01:93:68:,UTTetudiants,-65,2026-04-30 10:58:00
f8:6b:d9:01:93:68:,UTTetudiants,-49,2026-04-30 10:58:00
f8:6b:d9:01:93:68:,UTTetudiants,-55,2026-04-30 10:58:03
f8:6b:d9:01:93:68:,UTTetudiants,-58,2026-04-30 10:58:03
f8:6b:d9:01:93:68:,UTTetudiants,-55,2026-04-30 10:58:03
f8:6b:d9:01:93:68:,UTTetudiants,-55,2026-04-30 10:58:06
f8:6b:d9:01:93:68:,UTTetudiants,-58,2026-04-30 10:58:06
f8:6b:d9:01:93:68:,UTTetudiants,-55,2026-04-30 10:58:06
f8:6b:d9:01:93:68:,UTTetudiants,-55,2026-04-30 10:58:12
f8:6b:d9:01:93:68:,UTTetudiants,-61,2026-04-30 10:58:12
f8:6b:d9:01:93:68:,UTTetudiants,-55,2026-04-30 10:58:12
f8:6b:d9:01:93:68:,UTTetudiants,-55,2026-04-30 10:58:16
f8:6b:d9:01:93:68:,UTTetudiants,-59,2026-04-30 10:58:16
f8:6b:d9:01:93:68:,UTTetudiants,-55,2026-04-30 10:58:16
f8:6b:d9:01:93:68:,UTTetudiants,-49,2026-04-30 10:58:20
f8:6b:d9:01:93:68:,UTTetudiants,-50,2026-04-30 10:58:20
f8:6b:d9:01:93:68:,UTTetudiants,-49,2026-04-30 10:58:20
f8:6b:d9:01:93:67:,UTTetudiants,-63,2026-04-30 10:55:21
f8:6b:d9:01:93:67:,UTTetudiants,-56,2026-04-30 10:55:21
f8:6b:d9:01:93:67:,UTTetudiants,-63,2026-04-30 10:55:21
f8:6b:d9:01:93:67:,UTTetudiants,-61,2026-04-30 10:55:24
f8:6b:d9:01:93:67:,UTTetudiants,-55,2026-04-30 10:55:24
f8:6b:d9:01:93:67:,UTTetudiants,-61,2026-04-30 10:55:24
f8:6b:d9:01:93:67:,UTTetudiants,-61,2026-04-30 10:55:27
f8:6b:d9:01:93:67:,UTTetudiants,-55,2026-04-30 10:55:27
f8:6b:d9:01:93:67:,UTTetudiants,-61,2026-04-30 10:55:27
f8:6b:d9:01:93:67:,UTTetudiants,-68,2026-04-30 10:55:30
f8:6b:d9:01:93:67:,UTTetudiants,-52,2026-04-30 10:55:30
f8:6b:d9:01:93:67:,UTTetudiants,-68,2026-04-30 10:55:30
f8:6b:d9:01:93:67:,UTTetudiants,-52,2026-04-30 10:55:33
f8:6b:d9:01:93:67:,UTTetudiants,-55,2026-04-30 10:55:33
f8:6b:d9:01:93:67:,UTTetudiants,-52,2026-04-30 10:55:33
f8:6b:d9:01:93:67:,UTTetudiants,-52,2026-04-30 10:55:36
f8:6b:d9:01:93:67:,UTTetudiants,-55,2026-04-30 10:55:36
f8:6b:d9:01:93:67:,UTTetudiants,-52,2026-04-30 10:55:36
f8:6b:d9:01:93:67:,UTTetudiants,-58,2026-04-30 10:55:39
f8:6b:d9:01:93:67:,UTTetudiants,-53,2026-04-30 10:55:39
f8:6b:d9:01:93:67:,UTTetudiants,-58,2026-04-30 10:55:39
f8:6b:d9:01:93:67:,UTTetudiants,-57,2026-04-30 10:55:42
f8:6b:d9:01:93:67:,UTTetudiants,-56,2026-04-30 10:55:42
f8:6b:d9:01:93:67:,UTTetudiants,-57,2026-04-30 10:55:42
f8:6b:d9:01:93:67:,UTTetudiants,-62,2026-04-30 10:55:48
f8:6b:d9:01:93:67:,UTTetudiants,-51,2026-04-30 10:55:48
f8:6b:d9:01:93:67:,UTTetudiants,-62,2026-04-30 10:55:48
f8:6b:d9:01:93:67:,UTTetudiants,-52,2026-04-30 10:55:51
f8:6b:d9:01:93:67:,UTTetudiants,-60,2026-04-30 10:55:51
f8:6b:d9:01:93:67:,UTTetudiants,-52,2026-04-30 10:55:51
f8:6b:d9:01:93:67:,UTTetudiants,-52,2026-04-30 10:55:53
f8:6b:d9:01:93:67:,UTTetudiants,-60,2026-04-30 10:55:53
f8:6b:d9:01:93:67:,UTTetudiants,-52,2026-04-30 10:55:53
f8:6b:d9:01:93:67:,UTTetudiants,-58,2026-04-30 10:55:56
f8:6b:d9:01:93:67:,UTTetudiants,-53,2026-04-30 10:55:56
f8:6b:d9:01:93:67:,UTTetudiants,-58,2026-04-30 10:55:56
f8:6b:d9:01:93:67:,UTTetudiants,-52,2026-04-30 10:55:58
f8:6b:d9:01:93:67:,UTTetudiants,-54,2026-04-30 10:55:58
f8:6b:d9:01:93:67:,UTTetudiants,-52,2026-04-30 10:55:58
f8:6b:d9:01:93:67:,UTTetudiants,-52,2026-04-30 10:56:02
f8:6b:d9:01:93:67:,UTTetudiants,-54,2026-04-30 10:56:02
f8:6b:d9:01:93:67:,UTTetudiants,-52,2026-04-30 10:56:02
f8:6b:d9:01:93:67:,UTTetudiants,-72,2026-04-30 10:56:05
f8:6b:d9:01:93:67:,UTTetudiants,-48,2026-04-30 10:56:05
f8:6b:d9:01:93:67:,UTTetudiants,-72,2026-04-30 10:56:05
f8:6b:d9:01:93:67:,UTTetudiants,-51,2026-04-30 10:56:09
f8:6b:d9:01:93:67:,UTTetudiants,-47,2026-04-30 10:56:09
f8:6b:d9:01:93:67:,UTTetudiants,-51,2026-04-30 10:56:09
f8:6b:d9:01:93:67:,UTTetudiants,-51,2026-04-30 10:56:12
f8:6b:d9:01:93:67:,UTTetudiants,-47,2026-04-30 10:56:12
f8:6b:d9:01:93:67:,UTTetudiants,-51,2026-04-30 10:56:12
f8:6b:d9:01:93:67:,UTTetudiants,-64,2026-04-30 10:56:14
f8:6b:d9:01:93:67:,UTTetudiants,-49,2026-04-30 10:56:14
f8:6b:d9:01:93:67:,UTTetudiants,-64,2026-04-30 10:56:14
f8:6b:d9:01:93:67:,UTTetudiants,-54,2026-04-30 10:56:18
f8:6b:d9:01:93:67:,UTTetudiants,-54,2026-04-30 10:56:18
f8:6b:d9:01:93:67:,UTTetudiants,-54,2026-04-30 10:56:18
f8:6b:d9:01:93:67:,UTTetudiants,-51,2026-04-30 10:56:23
f8:6b:d9:01:93:67:,UTTetudiants,-45,2026-04-30 10:56:23
f8:6b:d9:01:93:67:,UTTetudiants,-51,2026-04-30 10:56:23
f8:6b:d9:01:93:67:,UTTetudiants,-48,2026-04-30 10:56:27
f8:6b:d9:01:93:67:,UTTetudiants,-51,2026-04-30 10:56:27
f8:6b:d9:01:93:67:,UTTetudiants,-48,2026-04-30 10:56:27
f8:6b:d9:01:93:67:,UTTetudiants,-48,2026-04-30 10:56:29
f8:6b:d9:01:93:67:,UTTetudiants,-51,2026-04-30 10:56:29
f8:6b:d9:01:93:67:,UTTetudiants,-48,2026-04-30 10:56:29
f8:6b:d9:01:93:67:,UTTetudiants,-58,2026-04-30 10:56:32
f8:6b:d9:01:93:67:,UTTetudiants,-46,2026-04-30 10:56:32
f8:6b:d9:01:93:67:,UTTetudiants,-58,2026-04-30 10:56:32
f8:6b:d9:01:93:67:,UTTetudiants,-54,2026-04-30 10:56:35
f8:6b:d9:01:93:67:,UTTetudiants,-57,2026-04-30 10:56:35
f8:6b:d9:01:93:67:,UTTetudiants,-54,2026-04-30 10:56:35
f8:6b:d9:01:93:67:,UTTetudiants,-54,2026-04-30 10:56:38
f8:6b:d9:01:93:67:,UTTetudiants,-57,2026-04-30 10:56:38
f8:6b:d9:01:93:67:,UTTetudiants,-54,2026-04-30 10:56:38
f8:6b:d9:01:93:67:,UTTetudiants,-65,2026-04-30 10:56:41
f8:6b:d9:01:93:67:,UTTetudiants,-52,2026-04-30 10:56:41
f8:6b:d9:01:93:67:,UTTetudiants,-65,2026-04-30 10:56:41
f8:6b:d9:01:93:67:,UTTetudiants,-61,2026-04-30 10:56:43
f8:6b:d9:01:93:67:,UTTetudiants,-60,2026-04-30 10:56:43
f8:6b:d9:01:93:67:,UTTetudiants,-61,2026-04-30 10:56:43
f8:6b:d9:01:93:67:,UTTetudiants,-56,2026-04-30 10:56:52
f8:6b:d9:01:93:67:,UTTetudiants,-48,2026-04-30 10:56:52
f8:6b:d9:01:93:67:,UTTetudiants,-56,2026-04-30 10:56:52
f8:6b:d9:01:93:67:,UTTetudiants,-51,2026-04-30 10:56:56
f8:6b:d9:01:93:67:,UTTetudiants,-57,2026-04-30 10:56:56
f8:6b:d9:01:93:67:,UTTetudiants,-51,2026-04-30 10:56:56
f8:6b:d9:01:93:67:,UTTetudiants,-51,2026-04-30 10:57:00
f8:6b:d9:01:93:67:,UTTetudiants,-57,2026-04-30 10:57:00
f8:6b:d9:01:93:67:,UTTetudiants,-51,2026-04-30 10:57:00
f8:6b:d9:01:93:67:,UTTetudiants,-57,2026-04-30 10:57:04
f8:6b:d9:01:93:67:,UTTetudiants,-48,2026-04-30 10:57:04
f8:6b:d9:01:93:67:,UTTetudiants,-57,2026-04-30 10:57:04
f8:6b:d9:01:93:67:,UTTetudiants,-54,2026-04-30 10:57:07
f8:6b:d9:01:93:67:,UTTetudiants,-54,2026-04-30 10:57:07
f8:6b:d9:01:93:67:,UTTetudiants,-54,2026-04-30 10:57:07
f8:6b:d9:01:93:67:,UTTetudiants,-54,2026-04-30 10:57:11
f8:6b:d9:01:93:67:,UTTetudiants,-54,2026-04-30 10:57:11
f8:6b:d9:01:93:67:,UTTetudiants,-54,2026-04-30 10:57:11
f8:6b:d9:01:93:67:,UTTetudiants,-59,2026-04-30 10:57:14
f8:6b:d9:01:93:67:,UTTetudiants,-51,2026-04-30 10:57:14
f8:6b:d9:01:93:67:,UTTetudiants,-59,2026-04-30 10:57:14
f8:6b:d9:01:93:67:,UTTetudiants,-60,2026-04-30 10:57:16
f8:6b:d9:01:93:67:,UTTetudiants,-59,2026-04-30 10:57:16
f8:6b:d9:01:93:67:,UTTetudiants,-60,2026-04-30 10:57:16
f8:6b:d9:01:93:67:,UTTetudiants,-60,2026-04-30 10:57:20
f8:6b:d9:01:93:67:,UTTetudiants,-59,2026-04-30 10:57:20
f8:6b:d9:01:93:67:,UTTetudiants,-60,2026-04-30 10:57:20
f8:6b:d9:01:93:67:,UTTetudiants,-55,2026-04-30 10:57:28
f8:6b:d9:01:93:67:,UTTetudiants,-52,2026-04-30 10:57:28
f8:6b:d9:01:93:67:,UTTetudiants,-55,2026-04-30 10:57:28
f8:6b:d9:01:93:67:,UTTetudiants,-52,2026-04-30 10:57:33
f8:6b:d9:01:93:67:,UTTetudiants,-56,2026-04-30 10:57:33
f8:6b:d9:01:93:67:,UTTetudiants,-52,2026-04-30 10:57:33
f8:6b:d9:01:93:67:,UTTetudiants,-52,2026-04-30 10:57:36
f8:6b:d9:01:93:67:,UTTetudiants,-56,2026-04-30 10:57:36
f8:6b:d9:01:93:67:,UTTetudiants,-52,2026-04-30 10:57:36
f8:6b:d9:01:93:67:,UTTetudiants,-57,2026-04-30 10:57:39
f8:6b:d9:01:93:67:,UTTetudiants,-49,2026-04-30 10:57:39
f8:6b:d9:01:93:67:,UTTetudiants,-57,2026-04-30 10:57:39
f8:6b:d9:01:93:67:,UTTetudiants,-61,2026-04-30 10:57:42
f8:6b:d9:01:93:67:,UTTetudiants,-66,2026-04-30 10:57:42
f8:6b:d9:01:93:67:,UTTetudiants,-61,2026-04-30 10:57:42
f8:6b:d9:01:93:67:,UTTetudiants,-61,2026-04-30 10:57:46
f8:6b:d9:01:93:67:,UTTetudiants,-66,2026-04-30 10:57:46
f8:6b:d9:01:93:67:,UTTetudiants,-61,2026-04-30 10:57:46
f8:6b:d9:01:93:67:,UTTetudiants,-62,2026-04-30 10:57:50
f8:6b:d9:01:93:67:,UTTetudiants,-50,2026-04-30 10:57:50
f8:6b:d9:01:93:67:,UTTetudiants,-62,2026-04-30 10:57:50
f8:6b:d9:01:93:67:,UTTetudiants,-59,2026-04-30 10:57:53
f8:6b:d9:01:93:67:,UTTetudiants,-50,2026-04-30 10:57:53
f8:6b:d9:01:93:67:,UTTetudiants,-59,2026-04-30 10:57:53
f8:6b:d9:01:93:67:,UTTetudiants,-59,2026-04-30 10:57:57
f8:6b:d9:01:93:67:,UTTetudiants,-50,2026-04-30 10:57:57
f8:6b:d9:01:93:67:,UTTetudiants,-59,2026-04-30 10:57:57
f8:6b:d9:01:93:67:,UTTetudiants,-65,2026-04-30 10:58:00
f8:6b:d9:01:93:67:,UTTetudiants,-53,2026-04-30 10:58:00
f8:6b:d9:01:93:67:,UTTetudiants,-65,2026-04-30 10:58:00
f8:6b:d9:01:93:67:,UTTetudiants,-59,2026-04-30 10:58:03
f8:6b:d9:01:93:67:,UTTetudiants,-57,2026-04-30 10:58:03
f8:6b:d9:01:93:67:,UTTetudiants,-59,2026-04-30 10:58:03
f8:6b:d9:01:93:67:,UTTetudiants,-59,2026-04-30 10:58:06
f8:6b:d9:01:93:67:,UTTetudiants,-57,2026-04-30 10:58:06
f8:6b:d9:01:93:67:,UTTetudiants,-59,2026-04-30 10:58:06
f8:6b:d9:01:93:67:,UTTetudiants,-62,2026-04-30 10:58:12
f8:6b:d9:01:93:67:,UTTetudiants,-57,2026-04-30 10:58:12
f8:6b:d9:01:93:67:,UTTetudiants,-62,2026-04-30 10:58:12
f8:6b:d9:01:93:67:,UTTetudiants,-60,2026-04-30 10:58:16
f8:6b:d9:01:93:67:,UTTetudiants,-51,2026-04-30 10:58:16
f8:6b:d9:01:93:67:,UTTetudiants,-60,2026-04-30 10:58:16
f8:6b:d9:01:93:67:,UTTetudiants,-50,2026-04-30 10:58:20
f8:6b:d9:01:93:67:,UTTetudiants,-45,2026-04-30 10:58:20
f8:6b:d9:01:93:67:,UTTetudiants,-50,2026-04-30 10:58:20
ac:2a:a1:7e:df:68:,UTTpersonnels,-86,2026-04-30 10:55:21
ac:2a:a1:7e:df:68:,UTTpersonnels,-86,2026-04-30 10:55:24
ac:2a:a1:7e:df:68:,UTTpersonnels,-86,2026-04-30 10:55:27
ac:2a:a1:7e:df:68:,UTTpersonnels,-81,2026-04-30 10:55:30
ac:2a:a1:7e:df:68:,UTTpersonnels,-86,2026-04-30 10:55:30
ac:2a:a1:7e:df:68:,UTTpersonnels,-81,2026-04-30 10:55:30
ac:2a:a1:7e:df:68:,UTTpersonnels,-81,2026-04-30 10:55:33
ac:2a:a1:7e:df:68:,UTTpersonnels,-72,2026-04-30 10:55:33
ac:2a:a1:7e:df:68:,UTTpersonnels,-81,2026-04-30 10:55:33
ac:2a:a1:7e:df:68:,UTTpersonnels,-81,2026-04-30 10:55:36
ac:2a:a1:7e:df:68:,UTTpersonnels,-72,2026-04-30 10:55:36
ac:2a:a1:7e:df:68:,UTTpersonnels,-81,2026-04-30 10:55:36
ac:2a:a1:7e:df:68:,UTTpersonnels,-81,2026-04-30 10:55:39
ac:2a:a1:7e:df:68:,UTTpersonnels,-86,2026-04-30 10:55:39
ac:2a:a1:7e:df:68:,UTTpersonnels,-81,2026-04-30 10:55:39
ac:2a:a1:7e:df:68:,UTTpersonnels,-81,2026-04-30 10:55:42
ac:2a:a1:7e:df:68:,UTTpersonnels,-74,2026-04-30 10:55:42
ac:2a:a1:7e:df:68:,UTTpersonnels,-81,2026-04-30 10:55:42
ac:2a:a1:7e:df:68:,UTTpersonnels,-85,2026-04-30 10:55:48
ac:2a:a1:7e:df:68:,UTTpersonnels,-79,2026-04-30 10:55:48
ac:2a:a1:7e:df:68:,UTTpersonnels,-85,2026-04-30 10:55:48
ac:2a:a1:7e:df:68:,UTTpersonnels,-85,2026-04-30 10:55:51
ac:2a:a1:7e:df:68:,UTTpersonnels,-73,2026-04-30 10:55:51
ac:2a:a1:7e:df:68:,UTTpersonnels,-85,2026-04-30 10:55:51
ac:2a:a1:7e:df:68:,UTTpersonnels,-85,2026-04-30 10:55:53
ac:2a:a1:7e:df:68:,UTTpersonnels,-73,2026-04-30 10:55:53
ac:2a:a1:7e:df:68:,UTTpersonnels,-85,2026-04-30 10:55:53
ac:2a:a1:7e:df:68:,UTTpersonnels,-85,2026-04-30 10:55:56
ac:2a:a1:7e:df:68:,UTTpersonnels,-87,2026-04-30 10:55:56
ac:2a:a1:7e:df:68:,UTTpersonnels,-85,2026-04-30 10:55:56
ac:2a:a1:7e:df:68:,UTTpersonnels,-85,2026-04-30 10:55:58
ac:2a:a1:7e:df:68:,UTTpersonnels,-79,2026-04-30 10:55:58
ac:2a:a1:7e:df:68:,UTTpersonnels,-85,2026-04-30 10:55:58
ac:2a:a1:7e:df:68:,UTTpersonnels,-85,2026-04-30 10:56:02
ac:2a:a1:7e:df:68:,UTTpersonnels,-79,2026-04-30 10:56:02
ac:2a:a1:7e:df:68:,UTTpersonnels,-85,2026-04-30 10:56:02
ac:2a:a1:7e:df:68:,UTTpersonnels,-85,2026-04-30 10:56:05
ac:2a:a1:7e:df:68:,UTTpersonnels,-82,2026-04-30 10:56:05
ac:2a:a1:7e:df:68:,UTTpersonnels,-85,2026-04-30 10:56:05
ac:2a:a1:7e:df:68:,UTTpersonnels,-85,2026-04-30 10:56:09
ac:2a:a1:7e:df:68:,UTTpersonnels,-76,2026-04-30 10:56:09
ac:2a:a1:7e:df:68:,UTTpersonnels,-85,2026-04-30 10:56:09
ac:2a:a1:7e:df:68:,UTTpersonnels,-85,2026-04-30 10:56:12
ac:2a:a1:7e:df:68:,UTTpersonnels,-76,2026-04-30 10:56:12
ac:2a:a1:7e:df:68:,UTTpersonnels,-85,2026-04-30 10:56:12
ac:2a:a1:7e:df:68:,UTTpersonnels,-85,2026-04-30 10:56:14
ac:2a:a1:7e:df:68:,UTTpersonnels,-82,2026-04-30 10:56:14
ac:2a:a1:7e:df:68:,UTTpersonnels,-85,2026-04-30 10:56:14
ac:2a:a1:7e:df:68:,UTTpersonnels,-85,2026-04-30 10:56:18
ac:2a:a1:7e:df:68:,UTTpersonnels,-78,2026-04-30 10:56:18
ac:2a:a1:7e:df:68:,UTTpersonnels,-85,2026-04-30 10:56:18
ac:2a:a1:7e:df:68:,UTTpersonnels,-85,2026-04-30 10:56:23
ac:2a:a1:7e:df:68:,UTTpersonnels,-87,2026-04-30 10:56:23
ac:2a:a1:7e:df:68:,UTTpersonnels,-85,2026-04-30 10:56:23
ac:2a:a1:7e:df:68:,UTTpersonnels,-85,2026-04-30 10:56:27
ac:2a:a1:7e:df:68:,UTTpersonnels,-81,2026-04-30 10:56:27
ac:2a:a1:7e:df:68:,UTTpersonnels,-85,2026-04-30 10:56:27
ac:2a:a1:7e:df:68:,UTTpersonnels,-85,2026-04-30 10:56:29
ac:2a:a1:7e:df:68:,UTTpersonnels,-81,2026-04-30 10:56:29
ac:2a:a1:7e:df:68:,UTTpersonnels,-85,2026-04-30 10:56:29
ac:2a:a1:7e:df:68:,UTTpersonnels,-85,2026-04-30 10:56:32
ac:2a:a1:7e:df:68:,UTTpersonnels,-81,2026-04-30 10:56:32
ac:2a:a1:7e:df:68:,UTTpersonnels,-85,2026-04-30 10:56:32
ac:2a:a1:7e:df:68:,UTTpersonnels,-85,2026-04-30 10:56:35
ac:2a:a1:7e:df:68:,UTTpersonnels,-80,2026-04-30 10:56:35
ac:2a:a1:7e:df:68:,UTTpersonnels,-85,2026-04-30 10:56:35
ac:2a:a1:7e:df:68:,UTTpersonnels,-85,2026-04-30 10:56:38
ac:2a:a1:7e:df:68:,UTTpersonnels,-80,2026-04-30 10:56:38
ac:2a:a1:7e:df:68:,UTTpersonnels,-85,2026-04-30 10:56:38
ac:2a:a1:7e:df:68:,UTTpersonnels,-85,2026-04-30 10:56:41
ac:2a:a1:7e:df:68:,UTTpersonnels,-84,2026-04-30 10:56:41
ac:2a:a1:7e:df:68:,UTTpersonnels,-85,2026-04-30 10:56:41
ac:2a:a1:7e:df:68:,UTTpersonnels,-85,2026-04-30 10:56:43
ac:2a:a1:7e:df:68:,UTTpersonnels,-81,2026-04-30 10:56:43
ac:2a:a1:7e:df:68:,UTTpersonnels,-85,2026-04-30 10:56:43
ac:2a:a1:7e:df:68:,UTTpersonnels,-85,2026-04-30 10:56:52
ac:2a:a1:7e:df:68:,UTTpersonnels,-81,2026-04-30 10:56:52
ac:2a:a1:7e:df:68:,UTTpersonnels,-85,2026-04-30 10:56:52
ac:2a:a1:7e:df:68:,UTTpersonnels,-85,2026-04-30 10:56:56
ac:2a:a1:7e:df:68:,UTTpersonnels,-81,2026-04-30 10:56:56
ac:2a:a1:7e:df:68:,UTTpersonnels,-85,2026-04-30 10:56:56
ac:2a:a1:7e:df:68:,UTTpersonnels,-85,2026-04-30 10:57:00
ac:2a:a1:7e:df:68:,UTTpersonnels,-81,2026-04-30 10:57:00
ac:2a:a1:7e:df:68:,UTTpersonnels,-85,2026-04-30 10:57:00
ac:2a:a1:7e:df:68:,UTTpersonnels,-85,2026-04-30 10:57:04
ac:2a:a1:7e:df:68:,UTTpersonnels,-84,2026-04-30 10:57:04
ac:2a:a1:7e:df:68:,UTTpersonnels,-85,2026-04-30 10:57:04
ac:2a:a1:7e:df:68:,UTTpersonnels,-85,2026-04-30 10:57:07
ac:2a:a1:7e:df:68:,UTTpersonnels,-78,2026-04-30 10:57:07
ac:2a:a1:7e:df:68:,UTTpersonnels,-85,2026-04-30 10:57:07
ac:2a:a1:7e:df:68:,UTTpersonnels,-85,2026-04-30 10:57:11
ac:2a:a1:7e:df:68:,UTTpersonnels,-78,2026-04-30 10:57:11
ac:2a:a1:7e:df:68:,UTTpersonnels,-85,2026-04-30 10:57:11
ac:2a:a1:7e:df:68:,UTTpersonnels,-85,2026-04-30 10:57:14
ac:2a:a1:7e:df:68:,UTTpersonnels,-84,2026-04-30 10:57:14
ac:2a:a1:7e:df:68:,UTTpersonnels,-85,2026-04-30 10:57:14
ac:2a:a1:7e:df:68:,UTTpersonnels,-85,2026-04-30 10:57:16
ac:2a:a1:7e:df:68:,UTTpersonnels,-84,2026-04-30 10:57:16
ac:2a:a1:7e:df:68:,UTTpersonnels,-85,2026-04-30 10:57:16
ac:2a:a1:7e:df:68:,UTTpersonnels,-85,2026-04-30 10:57:20
ac:2a:a1:7e:df:68:,UTTpersonnels,-84,2026-04-30 10:57:20
ac:2a:a1:7e:df:68:,UTTpersonnels,-85,2026-04-30 10:57:20
ac:2a:a1:7e:df:68:,UTTpersonnels,-85,2026-04-30 10:57:28
ac:2a:a1:7e:df:68:,UTTpersonnels,-84,2026-04-30 10:57:28
ac:2a:a1:7e:df:68:,UTTpersonnels,-85,2026-04-30 10:57:28
ac:2a:a1:7e:df:68:,UTTpersonnels,-85,2026-04-30 10:57:33
ac:2a:a1:7e:df:68:,UTTpersonnels,-88,2026-04-30 10:57:33
ac:2a:a1:7e:df:68:,UTTpersonnels,-85,2026-04-30 10:57:33
ac:2a:a1:7e:df:68:,UTTpersonnels,-85,2026-04-30 10:57:36
ac:2a:a1:7e:df:68:,UTTpersonnels,-88,2026-04-30 10:57:36
ac:2a:a1:7e:df:68:,UTTpersonnels,-85,2026-04-30 10:57:36
ac:2a:a1:7e:df:68:,UTTpersonnels,-85,2026-04-30 10:57:39
ac:2a:a1:7e:df:68:,UTTpersonnels,-88,2026-04-30 10:57:39
ac:2a:a1:7e:df:68:,UTTpersonnels,-85,2026-04-30 10:57:39
ac:2a:a1:7e:df:68:,UTTpersonnels,-85,2026-04-30 10:57:42
ac:2a:a1:7e:df:68:,UTTpersonnels,-86,2026-04-30 10:57:42
ac:2a:a1:7e:df:68:,UTTpersonnels,-85,2026-04-30 10:57:42
ac:2a:a1:7e:df:68:,UTTpersonnels,-86,2026-04-30 10:57:46
ac:2a:a1:7e:df:68:,UTTpersonnels,-85,2026-04-30 10:57:50
ac:2a:a1:7e:df:68:,UTTpersonnels,-84,2026-04-30 10:57:53
ac:2a:a1:7e:df:68:,UTTpersonnels,-84,2026-04-30 10:57:57
ac:2a:a1:7e:df:68:,UTTpersonnels,-84,2026-04-30 10:58:00
ac:2a:a1:7e:df:68:,UTTpersonnels,-87,2026-04-30 10:58:03
ac:2a:a1:7e:df:68:,UTTpersonnels,-87,2026-04-30 10:58:06
ac:2a:a1:7e:df:68:,UTTpersonnels,-80,2026-04-30 10:58:12
ac:2a:a1:7e:df:68:,UTTpersonnels,-84,2026-04-30 10:58:16
ac:2a:a1:7e:df:68:,UTTpersonnels,-77,2026-04-30 10:58:20
f8:6b:d9:01:93:6d:,eduroam,-56,2026-04-30 10:55:21
f8:6b:d9:01:93:6d:,eduroam,-55,2026-04-30 10:55:24
f8:6b:d9:01:93:6d:,eduroam,-55,2026-04-30 10:55:27
f8:6b:d9:01:93:6d:,eduroam,-52,2026-04-30 10:55:30
f8:6b:d9:01:93:6d:,eduroam,-55,2026-04-30 10:55:33
f8:6b:d9:01:93:6d:,eduroam,-55,2026-04-30 10:55:36
f8:6b:d9:01:93:6d:,eduroam,-53,2026-04-30 10:55:39
f8:6b:d9:01:93:6d:,eduroam,-56,2026-04-30 10:55:42
f8:6b:d9:01:93:6d:,eduroam,-51,2026-04-30 10:55:48
f8:6b:d9:01:93:6d:,eduroam,-60,2026-04-30 10:55:51
f8:6b:d9:01:93:6d:,eduroam,-60,2026-04-30 10:55:53
f8:6b:d9:01:93:6d:,eduroam,-53,2026-04-30 10:55:56
f8:6b:d9:01:93:6d:,eduroam,-54,2026-04-30 10:55:58
f8:6b:d9:01:93:6d:,eduroam,-54,2026-04-30 10:56:02
f8:6b:d9:01:93:6d:,eduroam,-48,2026-04-30 10:56:05
f8:6b:d9:01:93:6d:,eduroam,-47,2026-04-30 10:56:09
f8:6b:d9:01:93:6d:,eduroam,-47,2026-04-30 10:56:12
f8:6b:d9:01:93:6d:,eduroam,-49,2026-04-30 10:56:14
f8:6b:d9:01:93:6d:,eduroam,-54,2026-04-30 10:56:18
f8:6b:d9:01:93:6d:,eduroam,-45,2026-04-30 10:56:23
f8:6b:d9:01:93:6d:,eduroam,-51,2026-04-30 10:56:27
f8:6b:d9:01:93:6d:,eduroam,-51,2026-04-30 10:56:29
f8:6b:d9:01:93:6d:,eduroam,-46,2026-04-30 10:56:32
f8:6b:d9:01:93:6d:,eduroam,-57,2026-04-30 10:56:35
f8:6b:d9:01:93:6d:,eduroam,-57,2026-04-30 10:56:38
f8:6b:d9:01:93:6d:,eduroam,-52,2026-04-30 10:56:41
f8:6b:d9:01:93:6d:,eduroam,-60,2026-04-30 10:56:43
f8:6b:d9:01:93:6d:,eduroam,-48,2026-04-30 10:56:52
f8:6b:d9:01:93:6d:,eduroam,-57,2026-04-30 10:56:56
f8:6b:d9:01:93:6d:,eduroam,-57,2026-04-30 10:57:00
f8:6b:d9:01:93:6d:,eduroam,-48,2026-04-30 10:57:04
f8:6b:d9:01:93:6d:,eduroam,-54,2026-04-30 10:57:07
f8:6b:d9:01:93:6d:,eduroam,-54,2026-04-30 10:57:11
f8:6b:d9:01:93:6d:,eduroam,-51,2026-04-30 10:57:14
f8:6b:d9:01:93:6d:,eduroam,-59,2026-04-30 10:57:16
f8:6b:d9:01:93:6d:,eduroam,-59,2026-04-30 10:57:20
f8:6b:d9:01:93:6d:,eduroam,-52,2026-04-30 10:57:28
f8:6b:d9:01:93:6d:,eduroam,-56,2026-04-30 10:57:33
f8:6b:d9:01:93:6d:,eduroam,-56,2026-04-30 10:57:36
f8:6b:d9:01:93:6d:,eduroam,-49,2026-04-30 10:57:39
f8:6b:d9:01:93:6d:,eduroam,-66,2026-04-30 10:57:42
f8:6b:d9:01:93:6d:,eduroam,-66,2026-04-30 10:57:46
f8:6b:d9:01:93:6d:,eduroam,-50,2026-04-30 10:57:50
f8:6b:d9:01:93:6d:,eduroam,-50,2026-04-30 10:57:53
f8:6b:d9:01:93:6d:,eduroam,-50,2026-04-30 10:57:57
f8:6b:d9:01:93:6d:,eduroam,-53,2026-04-30 10:58:00
f8:6b:d9:01:93:6d:,eduroam,-57,2026-04-30 10:58:03
f8:6b:d9:01:93:6d:,eduroam,-57,2026-04-30 10:58:06
f8:6b:d9:01:93:6d:,eduroam,-57,2026-04-30 10:58:12
f8:6b:d9:01:93:6d:,eduroam,-50,2026-04-30 10:58:16
f8:6b:d9:01:93:6d:,eduroam,-45,2026-04-30 10:58:20
e4:aa:5d:bf:25:5d:,eduroam,-62,2026-04-30 10:55:21
e4:aa:5d:bf:25:5d:,eduroam,-62,2026-04-30 10:55:24
e4:aa:5d:bf:25:5d:,eduroam,-56,2026-04-30 10:55:27
e4:aa:5d:bf:25:5d:,eduroam,-63,2026-04-30 10:55:30
e4:aa:5d:bf:25:5d:,eduroam,-63,2026-04-30 10:55:33
e4:aa:5d:bf:25:5d:,eduroam,-65,2026-04-30 10:55:36
e4:aa:5d:bf:25:5d:,eduroam,-63,2026-04-30 10:55:39
e4:aa:5d:bf:25:5d:,eduroam,-63,2026-04-30 10:55:42
e4:aa:5d:bf:25:5d:,eduroam,-57,2026-04-30 10:55:48
e4:aa:5d:bf:25:5d:,eduroam,-57,2026-04-30 10:55:51
e4:aa:5d:bf:25:5d:,eduroam,-65,2026-04-30 10:55:53
e4:aa:5d:bf:25:5d:,eduroam,-56,2026-04-30 10:55:56
e4:aa:5d:bf:25:5d:,eduroam,-56,2026-04-30 10:55:58
e4:aa:5d:bf:25:5d:,eduroam,-57,2026-04-30 10:56:02
e4:aa:5d:bf:25:5d:,eduroam,-60,2026-04-30 10:56:05
e4:aa:5d:bf:25:5d:,eduroam,-60,2026-04-30 10:56:09
e4:aa:5d:bf:25:5d:,eduroam,-63,2026-04-30 10:56:12
e4:aa:5d:bf:25:5d:,eduroam,-60,2026-04-30 10:56:14
e4:aa:5d:bf:25:5d:,eduroam,-60,2026-04-30 10:56:18
e4:aa:5d:bf:25:5d:,eduroam,-58,2026-04-30 10:56:23
e4:aa:5d:bf:25:5d:,eduroam,-58,2026-04-30 10:56:27
e4:aa:5d:bf:25:5d:,eduroam,-60,2026-04-30 10:56:29
e4:aa:5d:bf:25:5d:,eduroam,-59,2026-04-30 10:56:32
e4:aa:5d:bf:25:5d:,eduroam,-59,2026-04-30 10:56:35
e4:aa:5d:bf:25:5d:,eduroam,-62,2026-04-30 10:56:38
e4:aa:5d:bf:25:5d:,eduroam,-66,2026-04-30 10:56:41
e4:aa:5d:bf:25:5d:,eduroam,-66,2026-04-30 10:56:43
e4:aa:5d:bf:25:5d:,eduroam,-64,2026-04-30 10:56:52
e4:aa:5d:bf:25:5d:,eduroam,-64,2026-04-30 10:56:56
e4:aa:5d:bf:25:5d:,eduroam,-67,2026-04-30 10:57:00
e4:aa:5d:bf:25:5d:,eduroam,-59,2026-04-30 10:57:04
e4:aa:5d:bf:25:5d:,eduroam,-59,2026-04-30 10:57:07
e4:aa:5d:bf:25:5d:,eduroam,-67,2026-04-30 10:57:11
e4:aa:5d:bf:25:5d:,eduroam,-59,2026-04-30 10:57:14
e4:aa:5d:bf:25:5d:,eduroam,-59,2026-04-30 10:57:16
e4:aa:5d:bf:25:5d:,eduroam,-67,2026-04-30 10:57:20
e4:aa:5d:bf:25:5d:,eduroam,-60,2026-04-30 10:57:28
e4:aa:5d:bf:25:5d:,eduroam,-60,2026-04-30 10:57:33
e4:aa:5d:bf:25:5d:,eduroam,-61,2026-04-30 10:57:36
e4:aa:5d:bf:25:5d:,eduroam,-58,2026-04-30 10:57:39
e4:aa:5d:bf:25:5d:,eduroam,-58,2026-04-30 10:57:42
e4:aa:5d:bf:25:5d:,eduroam,-70,2026-04-30 10:57:46
e4:aa:5d:bf:25:5d:,eduroam,-57,2026-04-30 10:57:50
e4:aa:5d:bf:25:5d:,eduroam,-57,2026-04-30 10:57:53
e4:aa:5d:bf:25:5d:,eduroam,-66,2026-04-30 10:57:57
e4:aa:5d:bf:25:5d:,eduroam,-65,2026-04-30 10:58:00
e4:aa:5d:bf:25:5d:,eduroam,-65,2026-04-30 10:58:03
e4:aa:5d:bf:25:5d:,eduroam,-64,2026-04-30 10:58:06
e4:aa:5d:bf:25:5d:,eduroam,-62,2026-04-30 10:58:12
e4:aa:5d:bf:25:5d:,eduroam,-57,2026-04-30 10:58:16
e4:aa:5d:bf:25:5d:,eduroam,-57,2026-04-30 10:58:20
e4:aa:5d:bf:25:52:,eduroam,-82,2026-04-30 10:55:21
e4:aa:5d:bf:25:52:,eduroam,-70,2026-04-30 10:55:24
e4:aa:5d:bf:25:52:,eduroam,-70,2026-04-30 10:55:27
e4:aa:5d:bf:25:52:,eduroam,-77,2026-04-30 10:55:30
e4:aa:5d:bf:25:52:,eduroam,-77,2026-04-30 10:55:33
e4:aa:5d:bf:25:52:,eduroam,-77,2026-04-30 10:55:36
e4:aa:5d:bf:25:52:,eduroam,-80,2026-04-30 10:55:39
e4:aa:5d:bf:25:52:,eduroam,-74,2026-04-30 10:55:42
e4:aa:5d:bf:25:52:,eduroam,-76,2026-04-30 10:55:48
e4:aa:5d:bf:25:52:,eduroam,-65,2026-04-30 10:55:51
e4:aa:5d:bf:25:52:,eduroam,-65,2026-04-30 10:55:53
e4:aa:5d:bf:25:52:,eduroam,-83,2026-04-30 10:55:56
e4:aa:5d:bf:25:52:,eduroam,-74,2026-04-30 10:55:58
e4:aa:5d:bf:25:52:,eduroam,-74,2026-04-30 10:56:02
e4:aa:5d:bf:25:52:,eduroam,-73,2026-04-30 10:56:05
e4:aa:5d:bf:25:52:,eduroam,-66,2026-04-30 10:56:09
e4:aa:5d:bf:25:52:,eduroam,-66,2026-04-30 10:56:12
e4:aa:5d:bf:25:52:,eduroam,-78,2026-04-30 10:56:14
e4:aa:5d:bf:25:52:,eduroam,-75,2026-04-30 10:56:18
e4:aa:5d:bf:25:52:,eduroam,-76,2026-04-30 10:56:23
e4:aa:5d:bf:25:52:,eduroam,-70,2026-04-30 10:56:27
e4:aa:5d:bf:25:52:,eduroam,-70,2026-04-30 10:56:29
e4:aa:5d:bf:25:52:,eduroam,-77,2026-04-30 10:56:32
e4:aa:5d:bf:25:52:,eduroam,-79,2026-04-30 10:56:35
e4:aa:5d:bf:25:52:,eduroam,-79,2026-04-30 10:56:38
e4:aa:5d:bf:25:52:,eduroam,-77,2026-04-30 10:56:41
e4:aa:5d:bf:25:52:,eduroam,-77,2026-04-30 10:56:43
e4:aa:5d:bf:25:52:,eduroam,-74,2026-04-30 10:56:52
e4:aa:5d:bf:25:52:,eduroam,-80,2026-04-30 10:56:56
e4:aa:5d:bf:25:52:,eduroam,-80,2026-04-30 10:57:00
e4:aa:5d:bf:25:52:,eduroam,-74,2026-04-30 10:57:04
e4:aa:5d:bf:25:52:,eduroam,-84,2026-04-30 10:57:07
e4:aa:5d:bf:25:52:,eduroam,-84,2026-04-30 10:57:11
e4:aa:5d:bf:25:52:,eduroam,-86,2026-04-30 10:57:14
e4:aa:5d:bf:25:52:,eduroam,-77,2026-04-30 10:57:16
e4:aa:5d:bf:25:52:,eduroam,-77,2026-04-30 10:57:20
e4:aa:5d:bf:25:52:,eduroam,-79,2026-04-30 10:57:28
e4:aa:5d:bf:25:52:,eduroam,-77,2026-04-30 10:57:33
e4:aa:5d:bf:25:52:,eduroam,-77,2026-04-30 10:57:36
e4:aa:5d:bf:25:52:,eduroam,-78,2026-04-30 10:57:39
e4:aa:5d:bf:25:52:,eduroam,-83,2026-04-30 10:57:42
e4:aa:5d:bf:25:52:,eduroam,-83,2026-04-30 10:57:46
e4:aa:5d:bf:25:52:,eduroam,-68,2026-04-30 10:57:50
e4:aa:5d:bf:25:52:,eduroam,-81,2026-04-30 10:57:53
e4:aa:5d:bf:25:52:,eduroam,-81,2026-04-30 10:57:57
e4:aa:5d:bf:25:52:,eduroam,-76,2026-04-30 10:58:00
e4:aa:5d:bf:25:52:,eduroam,-82,2026-04-30 10:58:03
e4:aa:5d:bf:25:52:,eduroam,-82,2026-04-30 10:58:06
e4:aa:5d:bf:25:52:,eduroam,-78,2026-04-30 10:58:12
e4:aa:5d:bf:25:52:,eduroam,-81,2026-04-30 10:58:16
e4:aa:5d:bf:25:52:,eduroam,-72,2026-04-30 10:58:20
f8:6b:d9:01:93:62:,eduroam,-62,2026-04-30 10:55:21
f8:6b:d9:01:93:62:,eduroam,-59,2026-04-30 10:55:24
f8:6b:d9:01:93:62:,eduroam,-59,2026-04-30 10:55:27
f8:6b:d9:01:93:62:,eduroam,-67,2026-04-30 10:55:30
f8:6b:d9:01:93:62:,eduroam,-51,2026-04-30 10:55:33
f8:6b:d9:01:93:62:,eduroam,-51,2026-04-30 10:55:36
f8:6b:d9:01:93:62:,eduroam,-57,2026-04-30 10:55:39
f8:6b:d9:01:93:62:,eduroam,-57,2026-04-30 10:55:42
f8:6b:d9:01:93:62:,eduroam,-60,2026-04-30 10:55:48
f8:6b:d9:01:93:62:,eduroam,-52,2026-04-30 10:55:51
f8:6b:d9:01:93:62:,eduroam,-52,2026-04-30 10:55:53
f8:6b:d9:01:93:62:,eduroam,-57,2026-04-30 10:55:56
f8:6b:d9:01:93:62:,eduroam,-52,2026-04-30 10:55:58
f8:6b:d9:01:93:62:,eduroam,-52,2026-04-30 10:56:02
f8:6b:d9:01:93:62:,eduroam,-70,2026-04-30 10:56:05
f8:6b:d9:01:93:62:,eduroam,-51,2026-04-30 10:56:09
f8:6b:d9:01:93:62:,eduroam,-51,2026-04-30 10:56:12
f8:6b:d9:01:93:62:,eduroam,-63,2026-04-30 10:56:14
f8:6b:d9:01:93:62:,eduroam,-55,2026-04-30 10:56:18
f8:6b:d9:01:93:62:,eduroam,-50,2026-04-30 10:56:23
f8:6b:d9:01:93:62:,eduroam,-46,2026-04-30 10:56:27
f8:6b:d9:01:93:62:,eduroam,-46,2026-04-30 10:56:29
f8:6b:d9:01:93:62:,eduroam,-58,2026-04-30 10:56:32
f8:6b:d9:01:93:62:,eduroam,-53,2026-04-30 10:56:35
f8:6b:d9:01:93:62:,eduroam,-53,2026-04-30 10:56:38
f8:6b:d9:01:93:62:,eduroam,-64,2026-04-30 10:56:41
f8:6b:d9:01:93:62:,eduroam,-59,2026-04-30 10:56:43
f8:6b:d9:01:93:62:,eduroam,-55,2026-04-30 10:56:52
f8:6b:d9:01:93:62:,eduroam,-49,2026-04-30 10:56:56
f8:6b:d9:01:93:62:,eduroam,-49,2026-04-30 10:57:00
f8:6b:d9:01:93:62:,eduroam,-59,2026-04-30 10:57:04
f8:6b:d9:01:93:62:,eduroam,-54,2026-04-30 10:57:07
f8:6b:d9:01:93:62:,eduroam,-54,2026-04-30 10:57:11
f8:6b:d9:01:93:62:,eduroam,-58,2026-04-30 10:57:14
f8:6b:d9:01:93:62:,eduroam,-60,2026-04-30 10:57:16
f8:6b:d9:01:93:62:,eduroam,-60,2026-04-30 10:57:20
f8:6b:d9:01:93:62:,eduroam,-54,2026-04-30 10:57:28
f8:6b:d9:01:93:62:,eduroam,-53,2026-04-30 10:57:33
f8:6b:d9:01:93:62:,eduroam,-53,2026-04-30 10:57:36
f8:6b:d9:01:93:62:,eduroam,-58,2026-04-30 10:57:39
f8:6b:d9:01:93:62:,eduroam,-61,2026-04-30 10:57:42
f8:6b:d9:01:93:62:,eduroam,-61,2026-04-30 10:57:46
f8:6b:d9:01:93:62:,eduroam,-61,2026-04-30 10:57:50
f8:6b:d9:01:93:62:,eduroam,-59,2026-04-30 10:57:53
f8:6b:d9:01:93:62:,eduroam,-59,2026-04-30 10:57:57
f8:6b:d9:01:93:62:,eduroam,-65,2026-04-30 10:58:00
f8:6b:d9:01:93:62:,eduroam,-59,2026-04-30 10:58:03
f8:6b:d9:01:93:62:,eduroam,-59,2026-04-30 10:58:06
f8:6b:d9:01:93:62:,eduroam,-65,2026-04-30 10:58:12
f8:6b:d9:01:93:62:,eduroam,-59,2026-04-30 10:58:16
f8:6b:d9:01:93:62:,eduroam,-51,2026-04-30 10:58:20
f8:6b:d9:95:d8:82:,eduroam,-83,2026-04-30 10:55:21
f8:6b:d9:95:d8:82:,eduroam,-83,2026-04-30 10:55:24
f8:6b:d9:95:d8:82:,eduroam,-83,2026-04-30 10:55:27
f8:6b:d9:95:d8:82:,eduroam,-86,2026-04-30 10:55:30
f8:6b:d9:95:d8:82:,eduroam,-84,2026-04-30 10:55:33
f8:6b:d9:95:d8:82:,eduroam,-84,2026-04-30 10:55:36
f8:6b:d9:95:d8:82:,eduroam,-84,2026-04-30 10:55:39
f8:6b:d9:95:d8:82:,eduroam,-85,2026-04-30 10:55:42
f8:6b:d9:95:d8:82:,eduroam,-85,2026-04-30 10:55:48
f8:6b:d9:95:d8:82:,eduroam,-87,2026-04-30 10:55:51
f8:6b:d9:95:d8:82:,eduroam,-87,2026-04-30 10:55:53
f8:6b:d9:95:d8:82:,eduroam,-87,2026-04-30 10:55:56
f8:6b:d9:95:d8:82:,eduroam,-87,2026-04-30 10:55:58
f8:6b:d9:95:d8:82:,eduroam,-87,2026-04-30 10:56:02
f8:6b:d9:95:d8:82:,eduroam,-87,2026-04-30 10:56:05
f8:6b:d9:95:d8:82:,eduroam,-87,2026-04-30 10:56:09
f8:6b:d9:95:d8:82:,eduroam,-87,2026-04-30 10:56:12
f8:6b:d9:95:d8:82:,eduroam,-87,2026-04-30 10:56:14
f8:6b:d9:95:d8:82:,eduroam,-87,2026-04-30 10:56:18
f8:6b:d9:95:d8:82:,eduroam,-87,2026-04-30 10:56:23
f8:6b:d9:95:d8:82:,eduroam,-87,2026-04-30 10:56:27
f8:6b:d9:95:d8:82:,eduroam,-87,2026-04-30 10:56:29
f8:6b:d9:95:d8:82:,eduroam,-87,2026-04-30 10:56:32
f8:6b:d9:95:d8:82:,eduroam,-87,2026-04-30 10:56:35
f8:6b:d9:95:d8:82:,eduroam,-87,2026-04-30 10:56:38
f8:6b:d9:95:d8:82:,eduroam,-87,2026-04-30 10:56:41
f8:6b:d9:95:d8:82:,eduroam,-87,2026-04-30 10:56:43
f8:6b:d9:95:d8:82:,eduroam,-87,2026-04-30 10:56:52
f8:6b:d9:95:d8:82:,eduroam,-87,2026-04-30 10:56:56
f8:6b:d9:95:d8:82:,eduroam,-87,2026-04-30 10:57:00
f8:6b:d9:95:d8:82:,eduroam,-87,2026-04-30 10:57:04
f8:6b:d9:95:d8:82:,eduroam,-87,2026-04-30 10:57:07
f8:6b:d9:95:d8:82:,eduroam,-87,2026-04-30 10:57:11
f8:6b:d9:95:d8:82:,eduroam,-87,2026-04-30 10:57:14
f8:6b:d9:95:d8:82:,eduroam,-87,2026-04-30 10:57:16
f8:6b:d9:95:d8:82:,eduroam,-87,2026-04-30 10:57:20
f8:6b:d9:95:d8:82:,eduroam,-87,2026-04-30 10:57:28
f8:6b:d9:95:d8:82:,eduroam,-87,2026-04-30 10:57:33
f8:6b:d9:95:d8:82:,eduroam,-87,2026-04-30 10:57:36
f8:6b:d9:95:d8:82:,eduroam,-87,2026-04-30 10:57:39
f8:6b:d9:95:d8:82:,eduroam,-87,2026-04-30 10:57:42
f8:6b:d9:95:d8:82:,eduroam,-87,2026-04-30 10:57:46
ac:2a:a1:7e:df:62:,eduroam,-86,2026-04-30 10:55:21
ac:2a:a1:7e:df:62:,eduroam,-76,2026-04-30 10:55:24
ac:2a:a1:7e:df:62:,eduroam,-76,2026-04-30 10:55:27
ac:2a:a1:7e:df:62:,eduroam,-76,2026-04-30 10:55:30
ac:2a:a1:7e:df:62:,eduroam,-69,2026-04-30 10:55:33
ac:2a:a1:7e:df:62:,eduroam,-69,2026-04-30 10:55:36
ac:2a:a1:7e:df:62:,eduroam,-85,2026-04-30 10:55:39
ac:2a:a1:7e:df:62:,eduroam,-74,2026-04-30 10:55:42
ac:2a:a1:7e:df:62:,eduroam,-78,2026-04-30 10:55:48
ac:2a:a1:7e:df:62:,eduroam,-72,2026-04-30 10:55:51
ac:2a:a1:7e:df:62:,eduroam,-72,2026-04-30 10:55:53
ac:2a:a1:7e:df:62:,eduroam,-88,2026-04-30 10:55:56
ac:2a:a1:7e:df:62:,eduroam,-77,2026-04-30 10:55:58
ac:2a:a1:7e:df:62:,eduroam,-77,2026-04-30 10:56:02
ac:2a:a1:7e:df:62:,eduroam,-80,2026-04-30 10:56:05
ac:2a:a1:7e:df:62:,eduroam,-76,2026-04-30 10:56:09
ac:2a:a1:7e:df:62:,eduroam,-76,2026-04-30 10:56:12
ac:2a:a1:7e:df:62:,eduroam,-81,2026-04-30 10:56:14
ac:2a:a1:7e:df:62:,eduroam,-78,2026-04-30 10:56:18
ac:2a:a1:7e:df:62:,eduroam,-85,2026-04-30 10:56:23
ac:2a:a1:7e:df:62:,eduroam,-81,2026-04-30 10:56:27
ac:2a:a1:7e:df:62:,eduroam,-81,2026-04-30 10:56:29
ac:2a:a1:7e:df:62:,eduroam,-81,2026-04-30 10:56:32
ac:2a:a1:7e:df:62:,eduroam,-82,2026-04-30 10:56:35
ac:2a:a1:7e:df:62:,eduroam,-82,2026-04-30 10:56:38
ac:2a:a1:7e:df:62:,eduroam,-81,2026-04-30 10:56:41
ac:2a:a1:7e:df:62:,eduroam,-82,2026-04-30 10:56:43
ac:2a:a1:7e:df:62:,eduroam,-80,2026-04-30 10:56:52
ac:2a:a1:7e:df:62:,eduroam,-81,2026-04-30 10:56:56
ac:2a:a1:7e:df:62:,eduroam,-81,2026-04-30 10:57:00
ac:2a:a1:7e:df:62:,eduroam,-81,2026-04-30 10:57:04
ac:2a:a1:7e:df:62:,eduroam,-77,2026-04-30 10:57:07
ac:2a:a1:7e:df:62:,eduroam,-77,2026-04-30 10:57:11
ac:2a:a1:7e:df:62:,eduroam,-84,2026-04-30 10:57:14
ac:2a:a1:7e:df:62:,eduroam,-83,2026-04-30 10:57:16
ac:2a:a1:7e:df:62:,eduroam,-83,2026-04-30 10:57:20
ac:2a:a1:7e:df:62:,eduroam,-83,2026-04-30 10:57:28
ac:2a:a1:7e:df:62:,eduroam,-85,2026-04-30 10:57:33
ac:2a:a1:7e:df:62:,eduroam,-85,2026-04-30 10:57:36
ac:2a:a1:7e:df:62:,eduroam,-85,2026-04-30 10:57:39
ac:2a:a1:7e:df:62:,eduroam,-85,2026-04-30 10:57:42
ac:2a:a1:7e:df:62:,eduroam,-85,2026-04-30 10:57:46
ac:2a:a1:7e:df:62:,eduroam,-84,2026-04-30 10:57:50
ac:2a:a1:7e:df:62:,eduroam,-85,2026-04-30 10:57:53
ac:2a:a1:7e:df:62:,eduroam,-85,2026-04-30 10:57:57
ac:2a:a1:7e:df:62:,eduroam,-85,2026-04-30 10:58:00
ac:2a:a1:7e:df:62:,eduroam,-85,2026-04-30 10:58:03
ac:2a:a1:7e:df:62:,eduroam,-85,2026-04-30 10:58:06
ac:2a:a1:7e:df:62:,eduroam,-79,2026-04-30 10:58:12
ac:2a:a1:7e:df:62:,eduroam,-83,2026-04-30 10:58:16
ac:2a:a1:7e:df:62:,eduroam,-77,2026-04-30 10:58:20
e4:aa:5d:fd:3e:ed:,eduroam,-73,2026-04-30 10:55:21
e4:aa:5d:fd:3e:ed:,eduroam,-73,2026-04-30 10:55:24
e4:aa:5d:fd:3e:ed:,eduroam,-79,2026-04-30 10:55:27
e4:aa:5d:fd:3e:ed:,eduroam,-73,2026-04-30 10:55:30
e4:aa:5d:fd:3e:ed:,eduroam,-73,2026-04-30 10:55:33
e4:aa:5d:fd:3e:ed:,eduroam,-73,2026-04-30 10:55:36
e4:aa:5d:fd:3e:ed:,eduroam,-77,2026-04-30 10:55:39
e4:aa:5d:fd:3e:ed:,eduroam,-77,2026-04-30 10:55:42
e4:aa:5d:fd:3e:ed:,eduroam,-80,2026-04-30 10:55:48
e4:aa:5d:fd:3e:ed:,eduroam,-80,2026-04-30 10:55:51
e4:aa:5d:fd:3e:ed:,eduroam,-80,2026-04-30 10:55:53
e4:aa:5d:fd:3e:ed:,eduroam,-80,2026-04-30 10:55:56
e4:aa:5d:fd:3e:ed:,eduroam,-80,2026-04-30 10:55:58
e4:aa:5d:fd:3e:ed:,eduroam,-80,2026-04-30 10:56:02
e4:aa:5d:fd:3e:ed:,eduroam,-78,2026-04-30 10:56:05
e4:aa:5d:fd:3e:ed:,eduroam,-78,2026-04-30 10:56:09
e4:aa:5d:fd:3e:ed:,eduroam,-78,2026-04-30 10:56:12
e4:aa:5d:fd:3e:ed:,eduroam,-78,2026-04-30 10:56:14
e4:aa:5d:fd:3e:ed:,eduroam,-78,2026-04-30 10:56:18
e4:aa:5d:fd:3e:ed:,eduroam,-82,2026-04-30 10:56:23
e4:aa:5d:fd:3e:ed:,eduroam,-82,2026-04-30 10:56:27
e4:aa:5d:fd:3e:ed:,eduroam,-82,2026-04-30 10:56:29
e4:aa:5d:fd:3e:ed:,eduroam,-83,2026-04-30 10:56:32
e4:aa:5d:fd:3e:ed:,eduroam,-83,2026-04-30 10:56:35
e4:aa:5d:fd:3e:ed:,eduroam,-83,2026-04-30 10:56:38
e4:aa:5d:fd:3e:ed:,eduroam,-83,2026-04-30 10:56:41
e4:aa:5d:fd:3e:ed:,eduroam,-83,2026-04-30 10:56:43
e4:aa:5d:fd:3e:ed:,eduroam,-83,2026-04-30 10:56:52
e4:aa:5d:fd:3e:ed:,eduroam,-83,2026-04-30 10:56:56
e4:aa:5d:fd:3e:ed:,eduroam,-83,2026-04-30 10:57:00
e4:aa:5d:fd:3e:ed:,eduroam,-79,2026-04-30 10:57:04
e4:aa:5d:fd:3e:ed:,eduroam,-79,2026-04-30 10:57:07
e4:aa:5d:fd:3e:ed:,eduroam,-79,2026-04-30 10:57:11
e4:aa:5d:fd:3e:ed:,eduroam,-81,2026-04-30 10:57:14
e4:aa:5d:fd:3e:ed:,eduroam,-81,2026-04-30 10:57:16
e4:aa:5d:fd:3e:ed:,eduroam,-81,2026-04-30 10:57:20
e4:aa:5d:fd:3e:ed:,eduroam,-81,2026-04-30 10:57:28
e4:aa:5d:fd:3e:ed:,eduroam,-81,2026-04-30 10:57:33
e4:aa:5d:fd:3e:ed:,eduroam,-81,2026-04-30 10:57:36
e4:aa:5d:fd:3e:ed:,eduroam,-81,2026-04-30 10:57:39
e4:aa:5d:fd:3e:ed:,eduroam,-81,2026-04-30 10:57:42
e4:aa:5d:fd:3e:ed:,eduroam,-81,2026-04-30 10:57:46
e4:aa:5d:fd:3e:ed:,eduroam,-81,2026-04-30 10:57:50
e4:aa:5d:fd:3e:ed:,eduroam,-81,2026-04-30 10:57:53
e4:aa:5d:fd:3e:ed:,eduroam,-81,2026-04-30 10:57:57
e4:aa:5d:fd:3e:ed:,eduroam,-81,2026-04-30 10:58:00
e4:aa:5d:fd:3e:ed:,eduroam,-81,2026-04-30 10:58:03
e4:aa:5d:fd:3e:ed:,eduroam,-81,2026-04-30 10:58:06
e4:aa:5d:fd:3e:ed:,eduroam,-79,2026-04-30 10:58:12
e4:aa:5d:fd:3e:ed:,eduroam,-77,2026-04-30 10:58:16
e4:aa:5d:fd:3e:ed:,eduroam,-77,2026-04-30 10:58:20
e4:aa:5d:fd:3e:e2:,eduroam,-79,2026-04-30 10:55:21
e4:aa:5d:fd:3e:e2:,eduroam,-62,2026-04-30 10:55:24
e4:aa:5d:fd:3e:e2:,eduroam,-62,2026-04-30 10:55:27
e4:aa:5d:fd:3e:e2:,eduroam,-65,2026-04-30 10:55:30
e4:aa:5d:fd:3e:e2:,eduroam,-77,2026-04-30 10:55:33
e4:aa:5d:fd:3e:e2:,eduroam,-77,2026-04-30 10:55:36
e4:aa:5d:fd:3e:e2:,eduroam,-80,2026-04-30 10:55:39
e4:aa:5d:fd:3e:e2:,eduroam,-69,2026-04-30 10:55:42
e4:aa:5d:fd:3e:e2:,eduroam,-69,2026-04-30 10:55:48
e4:aa:5d:fd:3e:e2:,eduroam,-74,2026-04-30 10:55:51
e4:aa:5d:fd:3e:e2:,eduroam,-74,2026-04-30 10:55:53
e4:aa:5d:fd:3e:e2:,eduroam,-70,2026-04-30 10:55:56
e4:aa:5d:fd:3e:e2:,eduroam,-70,2026-04-30 10:55:58
e4:aa:5d:fd:3e:e2:,eduroam,-70,2026-04-30 10:56:02
e4:aa:5d:fd:3e:e2:,eduroam,-75,2026-04-30 10:56:05
e4:aa:5d:fd:3e:e2:,eduroam,-75,2026-04-30 10:56:09
e4:aa:5d:fd:3e:e2:,eduroam,-75,2026-04-30 10:56:12
e4:aa:5d:fd:3e:e2:,eduroam,-74,2026-04-30 10:56:14
e4:aa:5d:fd:3e:e2:,eduroam,-71,2026-04-30 10:56:18
e4:aa:5d:fd:3e:e2:,eduroam,-83,2026-04-30 10:56:23
e4:aa:5d:fd:3e:e2:,eduroam,-76,2026-04-30 10:56:27
e4:aa:5d:fd:3e:e2:,eduroam,-76,2026-04-30 10:56:29
e4:aa:5d:fd:3e:e2:,eduroam,-81,2026-04-30 10:56:32
e4:aa:5d:fd:3e:e2:,eduroam,-68,2026-04-30 10:56:35
e4:aa:5d:fd:3e:e2:,eduroam,-68,2026-04-30 10:56:38
e4:aa:5d:fd:3e:e2:,eduroam,-82,2026-04-30 10:56:41
e4:aa:5d:fd:3e:e2:,eduroam,-77,2026-04-30 10:56:43
e4:aa:5d:fd:3e:e2:,eduroam,-88,2026-04-30 10:56:52
e4:aa:5d:fd:3e:e2:,eduroam,-72,2026-04-30 10:56:56
e4:aa:5d:fd:3e:e2:,eduroam,-72,2026-04-30 10:57:00
e4:aa:5d:fd:3e:e2:,eduroam,-78,2026-04-30 10:57:04
e4:aa:5d:fd:3e:e2:,eduroam,-76,2026-04-30 10:57:07
e4:aa:5d:fd:3e:e2:,eduroam,-76,2026-04-30 10:57:11
e4:aa:5d:fd:3e:e2:,eduroam,-78,2026-04-30 10:57:14
e4:aa:5d:fd:3e:e2:,eduroam,-78,2026-04-30 10:57:16
e4:aa:5d:fd:3e:e2:,eduroam,-78,2026-04-30 10:57:20
e4:aa:5d:fd:3e:e2:,eduroam,-75,2026-04-30 10:57:28
e4:aa:5d:fd:3e:e2:,eduroam,-74,2026-04-30 10:57:33
e4:aa:5d:fd:3e:e2:,eduroam,-74,2026-04-30 10:57:36
e4:aa:5d:fd:3e:e2:,eduroam,-75,2026-04-30 10:57:39
e4:aa:5d:fd:3e:e2:,eduroam,-69,2026-04-30 10:57:42
e4:aa:5d:fd:3e:e2:,eduroam,-69,2026-04-30 10:57:46
e4:aa:5d:fd:3e:e2:,eduroam,-79,2026-04-30 10:57:50
e4:aa:5d:fd:3e:e2:,eduroam,-81,2026-04-30 10:57:53
e4:aa:5d:fd:3e:e2:,eduroam,-81,2026-04-30 10:57:57
e4:aa:5d:fd:3e:e2:,eduroam,-77,2026-04-30 10:58:00
e4:aa:5d:fd:3e:e2:,eduroam,-81,2026-04-30 10:58:03
e4:aa:5d:fd:3e:e2:,eduroam,-81,2026-04-30 10:58:06
e4:aa:5d:fd:3e:e2:,eduroam,-78,2026-04-30 10:58:12
e4:aa:5d:fd:3e:e2:,eduroam,-77,2026-04-30 10:58:16
e4:aa:5d:fd:3e:e2:,eduroam,-78,2026-04-30 10:58:20
e4:aa:5d:bf:25:5e:,UTT,-62,2026-04-30 10:55:21
e4:aa:5d:bf:25:5e:,UTT,-62,2026-04-30 10:55:24
e4:aa:5d:bf:25:5e:,UTT,-56,2026-04-30 10:55:27
e4:aa:5d:bf:25:5e:,UTT,-64,2026-04-30 10:55:30
e4:aa:5d:bf:25:5e:,UTT,-64,2026-04-30 10:55:33
e4:aa:5d:bf:25:5e:,UTT,-66,2026-04-30 10:55:36
e4:aa:5d:bf:25:5e:,UTT,-62,2026-04-30 10:55:39
e4:aa:5d:bf:25:5e:,UTT,-62,2026-04-30 10:55:42
e4:aa:5d:bf:25:5e:,UTT,-58,2026-04-30 10:55:48
e4:aa:5d:bf:25:5e:,UTT,-58,2026-04-30 10:55:51
e4:aa:5d:bf:25:5e:,UTT,-66,2026-04-30 10:55:53
e4:aa:5d:bf:25:5e:,UTT,-55,2026-04-30 10:55:56
e4:aa:5d:bf:25:5e:,UTT,-55,2026-04-30 10:55:58
e4:aa:5d:bf:25:5e:,UTT,-57,2026-04-30 10:56:02
e4:aa:5d:bf:25:5e:,UTT,-60,2026-04-30 10:56:05
e4:aa:5d:bf:25:5e:,UTT,-60,2026-04-30 10:56:09
e4:aa:5d:bf:25:5e:,UTT,-64,2026-04-30 10:56:12
e4:aa:5d:bf:25:5e:,UTT,-61,2026-04-30 10:56:14
e4:aa:5d:bf:25:5e:,UTT,-61,2026-04-30 10:56:18
e4:aa:5d:bf:25:5e:,UTT,-58,2026-04-30 10:56:23
e4:aa:5d:bf:25:5e:,UTT,-58,2026-04-30 10:56:27
e4:aa:5d:bf:25:5e:,UTT,-59,2026-04-30 10:56:29
e4:aa:5d:bf:25:5e:,UTT,-60,2026-04-30 10:56:32
e4:aa:5d:bf:25:5e:,UTT,-60,2026-04-30 10:56:35
e4:aa:5d:bf:25:5e:,UTT,-64,2026-04-30 10:56:38
e4:aa:5d:bf:25:5e:,UTT,-65,2026-04-30 10:56:41
e4:aa:5d:bf:25:5e:,UTT,-65,2026-04-30 10:56:43
e4:aa:5d:bf:25:5e:,UTT,-64,2026-04-30 10:56:52
e4:aa:5d:bf:25:5e:,UTT,-64,2026-04-30 10:56:56
e4:aa:5d:bf:25:5e:,UTT,-67,2026-04-30 10:57:00
e4:aa:5d:bf:25:5e:,UTT,-60,2026-04-30 10:57:04
e4:aa:5d:bf:25:5e:,UTT,-60,2026-04-30 10:57:07
e4:aa:5d:bf:25:5e:,UTT,-68,2026-04-30 10:57:11
e4:aa:5d:bf:25:5e:,UTT,-60,2026-04-30 10:57:14
e4:aa:5d:bf:25:5e:,UTT,-60,2026-04-30 10:57:16
e4:aa:5d:bf:25:5e:,UTT,-66,2026-04-30 10:57:20
e4:aa:5d:bf:25:5e:,UTT,-60,2026-04-30 10:57:28
e4:aa:5d:bf:25:5e:,UTT,-60,2026-04-30 10:57:33
e4:aa:5d:bf:25:5e:,UTT,-62,2026-04-30 10:57:36
e4:aa:5d:bf:25:5e:,UTT,-58,2026-04-30 10:57:39
e4:aa:5d:bf:25:5e:,UTT,-58,2026-04-30 10:57:42
e4:aa:5d:bf:25:5e:,UTT,-72,2026-04-30 10:57:46
e4:aa:5d:bf:25:5e:,UTT,-57,2026-04-30 10:57:50
e4:aa:5d:bf:25:5e:,UTT,-57,2026-04-30 10:57:53
e4:aa:5d:bf:25:5e:,UTT,-67,2026-04-30 10:57:57
e4:aa:5d:bf:25:5e:,UTT,-65,2026-04-30 10:58:00
e4:aa:5d:bf:25:5e:,UTT,-65,2026-04-30 10:58:03
e4:aa:5d:bf:25:5e:,UTT,-64,2026-04-30 10:58:06
e4:aa:5d:bf:25:5e:,UTT,-60,2026-04-30 10:58:12
e4:aa:5d:bf:25:5e:,UTT,-58,2026-04-30 10:58:16
e4:aa:5d:bf:25:5e:,UTT,-58,2026-04-30 10:58:20
e4:aa:5d:bf:25:51:,UTT,-82,2026-04-30 10:55:21
e4:aa:5d:bf:25:51:,UTT,-69,2026-04-30 10:55:24
e4:aa:5d:bf:25:51:,UTT,-69,2026-04-30 10:55:27
e4:aa:5d:bf:25:51:,UTT,-76,2026-04-30 10:55:30
e4:aa:5d:bf:25:51:,UTT,-78,2026-04-30 10:55:33
e4:aa:5d:bf:25:51:,UTT,-78,2026-04-30 10:55:36
e4:aa:5d:bf:25:51:,UTT,-80,2026-04-30 10:55:39
e4:aa:5d:bf:25:51:,UTT,-74,2026-04-30 10:55:42
e4:aa:5d:bf:25:51:,UTT,-77,2026-04-30 10:55:48
e4:aa:5d:bf:25:51:,UTT,-66,2026-04-30 10:55:51
e4:aa:5d:bf:25:51:,UTT,-66,2026-04-30 10:55:53
e4:aa:5d:bf:25:51:,UTT,-83,2026-04-30 10:55:56
e4:aa:5d:bf:25:51:,UTT,-75,2026-04-30 10:55:58
e4:aa:5d:bf:25:51:,UTT,-75,2026-04-30 10:56:02
e4:aa:5d:bf:25:51:,UTT,-74,2026-04-30 10:56:05
e4:aa:5d:bf:25:51:,UTT,-66,2026-04-30 10:56:09
e4:aa:5d:bf:25:51:,UTT,-66,2026-04-30 10:56:12
e4:aa:5d:bf:25:51:,UTT,-79,2026-04-30 10:56:14
e4:aa:5d:bf:25:51:,UTT,-75,2026-04-30 10:56:18
e4:aa:5d:bf:25:51:,UTT,-78,2026-04-30 10:56:23
e4:aa:5d:bf:25:51:,UTT,-69,2026-04-30 10:56:27
e4:aa:5d:bf:25:51:,UTT,-69,2026-04-30 10:56:29
e4:aa:5d:bf:25:51:,UTT,-77,2026-04-30 10:56:32
e4:aa:5d:bf:25:51:,UTT,-79,2026-04-30 10:56:35
e4:aa:5d:bf:25:51:,UTT,-79,2026-04-30 10:56:38
e4:aa:5d:bf:25:51:,UTT,-77,2026-04-30 10:56:41
e4:aa:5d:bf:25:51:,UTT,-76,2026-04-30 10:56:43
e4:aa:5d:bf:25:51:,UTT,-74,2026-04-30 10:56:52
e4:aa:5d:bf:25:51:,UTT,-79,2026-04-30 10:56:56
e4:aa:5d:bf:25:51:,UTT,-79,2026-04-30 10:57:00
e4:aa:5d:bf:25:51:,UTT,-74,2026-04-30 10:57:04
e4:aa:5d:bf:25:51:,UTT,-83,2026-04-30 10:57:07
e4:aa:5d:bf:25:51:,UTT,-83,2026-04-30 10:57:11
e4:aa:5d:bf:25:51:,UTT,-84,2026-04-30 10:57:14
e4:aa:5d:bf:25:51:,UTT,-78,2026-04-30 10:57:16
e4:aa:5d:bf:25:51:,UTT,-78,2026-04-30 10:57:20
e4:aa:5d:bf:25:51:,UTT,-82,2026-04-30 10:57:28
e4:aa:5d:bf:25:51:,UTT,-76,2026-04-30 10:57:33
e4:aa:5d:bf:25:51:,UTT,-76,2026-04-30 10:57:36
e4:aa:5d:bf:25:51:,UTT,-75,2026-04-30 10:57:39
e4:aa:5d:bf:25:51:,UTT,-85,2026-04-30 10:57:42
e4:aa:5d:bf:25:51:,UTT,-85,2026-04-30 10:57:46
e4:aa:5d:bf:25:51:,UTT,-68,2026-04-30 10:57:50
e4:aa:5d:bf:25:51:,UTT,-81,2026-04-30 10:57:53
e4:aa:5d:bf:25:51:,UTT,-81,2026-04-30 10:57:57
e4:aa:5d:bf:25:51:,UTT,-76,2026-04-30 10:58:00
e4:aa:5d:bf:25:51:,UTT,-81,2026-04-30 10:58:03
e4:aa:5d:bf:25:51:,UTT,-81,2026-04-30 10:58:06
e4:aa:5d:bf:25:51:,UTT,-77,2026-04-30 10:58:12
e4:aa:5d:bf:25:51:,UTT,-81,2026-04-30 10:58:16
e4:aa:5d:bf:25:51:,UTT,-73,2026-04-30 10:58:20
f8:6b:d9:95:d8:81:,UTT,-82,2026-04-30 10:55:21
f8:6b:d9:95:d8:81:,UTT,-81,2026-04-30 10:55:24
f8:6b:d9:95:d8:81:,UTT,-81,2026-04-30 10:55:27
f8:6b:d9:95:d8:81:,UTT,-81,2026-04-30 10:55:30
f8:6b:d9:95:d8:81:,UTT,-85,2026-04-30 10:55:33
f8:6b:d9:95:d8:81:,UTT,-85,2026-04-30 10:55:36
f8:6b:d9:95:d8:81:,UTT,-85,2026-04-30 10:55:39
f8:6b:d9:95:d8:81:,UTT,-84,2026-04-30 10:55:42
f8:6b:d9:95:d8:81:,UTT,-84,2026-04-30 10:55:48
f8:6b:d9:95:d8:81:,UTT,-84,2026-04-30 10:55:51
f8:6b:d9:95:d8:81:,UTT,-84,2026-04-30 10:55:53
f8:6b:d9:95:d8:81:,UTT,-84,2026-04-30 10:55:56
f8:6b:d9:95:d8:81:,UTT,-84,2026-04-30 10:55:58
f8:6b:d9:95:d8:81:,UTT,-84,2026-04-30 10:56:02
f8:6b:d9:95:d8:81:,UTT,-84,2026-04-30 10:56:05
f8:6b:d9:95:d8:81:,UTT,-84,2026-04-30 10:56:09
f8:6b:d9:95:d8:81:,UTT,-84,2026-04-30 10:56:12
f8:6b:d9:95:d8:81:,UTT,-84,2026-04-30 10:56:14
f8:6b:d9:95:d8:81:,UTT,-87,2026-04-30 10:56:18
f8:6b:d9:95:d8:81:,UTT,-87,2026-04-30 10:56:23
f8:6b:d9:95:d8:81:,UTT,-87,2026-04-30 10:56:27
f8:6b:d9:95:d8:81:,UTT,-87,2026-04-30 10:56:29
f8:6b:d9:95:d8:81:,UTT,-87,2026-04-30 10:56:32
f8:6b:d9:95:d8:81:,UTT,-87,2026-04-30 10:56:35
f8:6b:d9:95:d8:81:,UTT,-87,2026-04-30 10:56:38
f8:6b:d9:95:d8:81:,UTT,-87,2026-04-30 10:56:41
f8:6b:d9:95:d8:81:,UTT,-87,2026-04-30 10:56:43
f8:6b:d9:95:d8:81:,UTT,-87,2026-04-30 10:56:52
f8:6b:d9:95:d8:81:,UTT,-87,2026-04-30 10:56:56
f8:6b:d9:95:d8:81:,UTT,-87,2026-04-30 10:57:00
f8:6b:d9:95:d8:81:,UTT,-87,2026-04-30 10:57:04
f8:6b:d9:95:d8:81:,UTT,-87,2026-04-30 10:57:07
f8:6b:d9:95:d8:81:,UTT,-87,2026-04-30 10:57:11
f8:6b:d9:95:d8:81:,UTT,-87,2026-04-30 10:57:14
f8:6b:d9:95:d8:81:,UTT,-87,2026-04-30 10:57:16
f8:6b:d9:95:d8:81:,UTT,-87,2026-04-30 10:57:20
f8:6b:d9:95:d8:81:,UTT,-87,2026-04-30 10:57:28
f8:6b:d9:95:d8:81:,UTT,-87,2026-04-30 10:57:33
f8:6b:d9:95:d8:81:,UTT,-87,2026-04-30 10:57:36
f8:6b:d9:95:d8:81:,UTT,-87,2026-04-30 10:57:39
f8:6b:d9:95:d8:81:,UTT,-87,2026-04-30 10:57:42
f8:6b:d9:95:d8:81:,UTT,-87,2026-04-30 10:57:46
f8:6b:d9:95:d8:81:,UTT,-87,2026-04-30 10:57:50
f8:6b:d9:95:d8:81:,UTT,-87,2026-04-30 10:57:53
f8:6b:d9:95:d8:81:,UTT,-87,2026-04-30 10:57:57
f8:6b:d9:95:d8:81:,UTT,-87,2026-04-30 10:58:00
f8:6b:d9:95:d8:81:,UTT,-87,2026-04-30 10:58:03
f8:6b:d9:95:d8:81:,UTT,-87,2026-04-30 10:58:06
f8:6b:d9:95:d8:81:,UTT,-87,2026-04-30 10:58:12
f8:6b:d9:01:93:61:,UTT,-61,2026-04-30 10:55:21
f8:6b:d9:01:93:61:,UTT,-60,2026-04-30 10:55:24
f8:6b:d9:01:93:61:,UTT,-60,2026-04-30 10:55:27
f8:6b:d9:01:93:61:,UTT,-67,2026-04-30 10:55:30
f8:6b:d9:01:93:61:,UTT,-51,2026-04-30 10:55:33
f8:6b:d9:01:93:61:,UTT,-51,2026-04-30 10:55:36
f8:6b:d9:01:93:61:,UTT,-58,2026-04-30 10:55:39
f8:6b:d9:01:93:61:,UTT,-56,2026-04-30 10:55:42
f8:6b:d9:01:93:61:,UTT,-60,2026-04-30 10:55:48
f8:6b:d9:01:93:61:,UTT,-52,2026-04-30 10:55:51
f8:6b:d9:01:93:61:,UTT,-52,2026-04-30 10:55:53
f8:6b:d9:01:93:61:,UTT,-57,2026-04-30 10:55:56
f8:6b:d9:01:93:61:,UTT,-54,2026-04-30 10:55:58
f8:6b:d9:01:93:61:,UTT,-54,2026-04-30 10:56:02
f8:6b:d9:01:93:61:,UTT,-71,2026-04-30 10:56:05
f8:6b:d9:01:93:61:,UTT,-52,2026-04-30 10:56:09
f8:6b:d9:01:93:61:,UTT,-52,2026-04-30 10:56:12
f8:6b:d9:01:93:61:,UTT,-63,2026-04-30 10:56:14
f8:6b:d9:01:93:61:,UTT,-55,2026-04-30 10:56:18
f8:6b:d9:01:93:61:,UTT,-50,2026-04-30 10:56:23
f8:6b:d9:01:93:61:,UTT,-46,2026-04-30 10:56:27
f8:6b:d9:01:93:61:,UTT,-46,2026-04-30 10:56:29
f8:6b:d9:01:93:61:,UTT,-58,2026-04-30 10:56:32
f8:6b:d9:01:93:61:,UTT,-54,2026-04-30 10:56:35
f8:6b:d9:01:93:61:,UTT,-54,2026-04-30 10:56:38
f8:6b:d9:01:93:61:,UTT,-64,2026-04-30 10:56:41
f8:6b:d9:01:93:61:,UTT,-61,2026-04-30 10:56:43
f8:6b:d9:01:93:61:,UTT,-55,2026-04-30 10:56:52
f8:6b:d9:01:93:61:,UTT,-51,2026-04-30 10:56:56
f8:6b:d9:01:93:61:,UTT,-51,2026-04-30 10:57:00
f8:6b:d9:01:93:61:,UTT,-59,2026-04-30 10:57:04
f8:6b:d9:01:93:61:,UTT,-54,2026-04-30 10:57:07
f8:6b:d9:01:93:61:,UTT,-54,2026-04-30 10:57:11
f8:6b:d9:01:93:61:,UTT,-58,2026-04-30 10:57:14
f8:6b:d9:01:93:61:,UTT,-61,2026-04-30 10:57:16
f8:6b:d9:01:93:61:,UTT,-61,2026-04-30 10:57:20
f8:6b:d9:01:93:61:,UTT,-54,2026-04-30 10:57:28
f8:6b:d9:01:93:61:,UTT,-53,2026-04-30 10:57:33
f8:6b:d9:01:93:61:,UTT,-53,2026-04-30 10:57:36
f8:6b:d9:01:93:61:,UTT,-58,2026-04-30 10:57:39
f8:6b:d9:01:93:61:,UTT,-61,2026-04-30 10:57:42
f8:6b:d9:01:93:61:,UTT,-61,2026-04-30 10:57:46
f8:6b:d9:01:93:61:,UTT,-60,2026-04-30 10:57:50
f8:6b:d9:01:93:61:,UTT,-63,2026-04-30 10:57:53
f8:6b:d9:01:93:61:,UTT,-63,2026-04-30 10:57:57
f8:6b:d9:01:93:61:,UTT,-65,2026-04-30 10:58:00
f8:6b:d9:01:93:61:,UTT,-63,2026-04-30 10:58:03
f8:6b:d9:01:93:61:,UTT,-63,2026-04-30 10:58:06
f8:6b:d9:01:93:61:,UTT,-65,2026-04-30 10:58:12
f8:6b:d9:01:93:61:,UTT,-59,2026-04-30 10:58:16
f8:6b:d9:01:93:61:,UTT,-51,2026-04-30 10:58:20
e4:aa:5d:fd:3e:ee:,UTT,-74,2026-04-30 10:55:21
e4:aa:5d:fd:3e:ee:,UTT,-74,2026-04-30 10:55:24
e4:aa:5d:fd:3e:ee:,UTT,-79,2026-04-30 10:55:27
e4:aa:5d:fd:3e:ee:,UTT,-73,2026-04-30 10:55:30
e4:aa:5d:fd:3e:ee:,UTT,-73,2026-04-30 10:55:33
e4:aa:5d:fd:3e:ee:,UTT,-73,2026-04-30 10:55:36
e4:aa:5d:fd:3e:ee:,UTT,-79,2026-04-30 10:55:39
e4:aa:5d:fd:3e:ee:,UTT,-79,2026-04-30 10:55:42
e4:aa:5d:fd:3e:ee:,UTT,-79,2026-04-30 10:55:48
e4:aa:5d:fd:3e:ee:,UTT,-79,2026-04-30 10:55:51
e4:aa:5d:fd:3e:ee:,UTT,-79,2026-04-30 10:55:53
e4:aa:5d:fd:3e:ee:,UTT,-79,2026-04-30 10:55:56
e4:aa:5d:fd:3e:ee:,UTT,-79,2026-04-30 10:55:58
e4:aa:5d:fd:3e:ee:,UTT,-79,2026-04-30 10:56:02
e4:aa:5d:fd:3e:ee:,UTT,-79,2026-04-30 10:56:05
e4:aa:5d:fd:3e:ee:,UTT,-79,2026-04-30 10:56:09
e4:aa:5d:fd:3e:ee:,UTT,-79,2026-04-30 10:56:12
e4:aa:5d:fd:3e:ee:,UTT,-79,2026-04-30 10:56:14
e4:aa:5d:fd:3e:ee:,UTT,-79,2026-04-30 10:56:18
e4:aa:5d:fd:3e:ee:,UTT,-82,2026-04-30 10:56:23
e4:aa:5d:fd:3e:ee:,UTT,-82,2026-04-30 10:56:27
e4:aa:5d:fd:3e:ee:,UTT,-82,2026-04-30 10:56:29
e4:aa:5d:fd:3e:ee:,UTT,-83,2026-04-30 10:56:32
e4:aa:5d:fd:3e:ee:,UTT,-83,2026-04-30 10:56:35
e4:aa:5d:fd:3e:ee:,UTT,-83,2026-04-30 10:56:38
e4:aa:5d:fd:3e:ee:,UTT,-83,2026-04-30 10:56:41
e4:aa:5d:fd:3e:ee:,UTT,-83,2026-04-30 10:56:43
e4:aa:5d:fd:3e:ee:,UTT,-83,2026-04-30 10:56:52
e4:aa:5d:fd:3e:ee:,UTT,-83,2026-04-30 10:56:56
e4:aa:5d:fd:3e:ee:,UTT,-83,2026-04-30 10:57:00
e4:aa:5d:fd:3e:ee:,UTT,-80,2026-04-30 10:57:04
e4:aa:5d:fd:3e:ee:,UTT,-80,2026-04-30 10:57:07
e4:aa:5d:fd:3e:ee:,UTT,-80,2026-04-30 10:57:11
e4:aa:5d:fd:3e:ee:,UTT,-81,2026-04-30 10:57:14
e4:aa:5d:fd:3e:ee:,UTT,-81,2026-04-30 10:57:16
e4:aa:5d:fd:3e:ee:,UTT,-81,2026-04-30 10:57:20
e4:aa:5d:fd:3e:ee:,UTT,-81,2026-04-30 10:57:28
e4:aa:5d:fd:3e:ee:,UTT,-81,2026-04-30 10:57:33
e4:aa:5d:fd:3e:ee:,UTT,-81,2026-04-30 10:57:36
e4:aa:5d:fd:3e:ee:,UTT,-81,2026-04-30 10:57:39
e4:aa:5d:fd:3e:ee:,UTT,-81,2026-04-30 10:57:42
e4:aa:5d:fd:3e:ee:,UTT,-81,2026-04-30 10:57:46
e4:aa:5d:fd:3e:ee:,UTT,-81,2026-04-30 10:57:50
e4:aa:5d:fd:3e:ee:,UTT,-81,2026-04-30 10:57:53
e4:aa:5d:fd:3e:ee:,UTT,-81,2026-04-30 10:57:57
e4:aa:5d:fd:3e:ee:,UTT,-81,2026-04-30 10:58:00
e4:aa:5d:fd:3e:ee:,UTT,-81,2026-04-30 10:58:03
e4:aa:5d:fd:3e:ee:,UTT,-81,2026-04-30 10:58:06
e4:aa:5d:fd:3e:ee:,UTT,-80,2026-04-30 10:58:12
e4:aa:5d:fd:3e:ee:,UTT,-77,2026-04-30 10:58:16
e4:aa:5d:fd:3e:ee:,UTT,-77,2026-04-30 10:58:20
ac:2a:a1:7e:df:61:,UTT,-83,2026-04-30 10:55:21
ac:2a:a1:7e:df:61:,UTT,-75,2026-04-30 10:55:24
ac:2a:a1:7e:df:61:,UTT,-75,2026-04-30 10:55:27
ac:2a:a1:7e:df:61:,UTT,-75,2026-04-30 10:55:30
ac:2a:a1:7e:df:61:,UTT,-69,2026-04-30 10:55:33
ac:2a:a1:7e:df:61:,UTT,-69,2026-04-30 10:55:36
ac:2a:a1:7e:df:61:,UTT,-84,2026-04-30 10:55:39
ac:2a:a1:7e:df:61:,UTT,-74,2026-04-30 10:55:42
ac:2a:a1:7e:df:61:,UTT,-78,2026-04-30 10:55:48
ac:2a:a1:7e:df:61:,UTT,-72,2026-04-30 10:55:51
ac:2a:a1:7e:df:61:,UTT,-72,2026-04-30 10:55:53
ac:2a:a1:7e:df:61:,UTT,-88,2026-04-30 10:55:56
ac:2a:a1:7e:df:61:,UTT,-77,2026-04-30 10:55:58
ac:2a:a1:7e:df:61:,UTT,-77,2026-04-30 10:56:02
ac:2a:a1:7e:df:61:,UTT,-79,2026-04-30 10:56:05
ac:2a:a1:7e:df:61:,UTT,-76,2026-04-30 10:56:09
ac:2a:a1:7e:df:61:,UTT,-76,2026-04-30 10:56:12
ac:2a:a1:7e:df:61:,UTT,-81,2026-04-30 10:56:14
ac:2a:a1:7e:df:61:,UTT,-77,2026-04-30 10:56:18
ac:2a:a1:7e:df:61:,UTT,-84,2026-04-30 10:56:23
ac:2a:a1:7e:df:61:,UTT,-79,2026-04-30 10:56:27
ac:2a:a1:7e:df:61:,UTT,-79,2026-04-30 10:56:29
ac:2a:a1:7e:df:61:,UTT,-79,2026-04-30 10:56:32
ac:2a:a1:7e:df:61:,UTT,-80,2026-04-30 10:56:35
ac:2a:a1:7e:df:61:,UTT,-80,2026-04-30 10:56:38
ac:2a:a1:7e:df:61:,UTT,-82,2026-04-30 10:56:41
ac:2a:a1:7e:df:61:,UTT,-83,2026-04-30 10:56:43
ac:2a:a1:7e:df:61:,UTT,-79,2026-04-30 10:56:52
ac:2a:a1:7e:df:61:,UTT,-80,2026-04-30 10:56:56
ac:2a:a1:7e:df:61:,UTT,-80,2026-04-30 10:57:00
ac:2a:a1:7e:df:61:,UTT,-83,2026-04-30 10:57:04
ac:2a:a1:7e:df:61:,UTT,-76,2026-04-30 10:57:07
ac:2a:a1:7e:df:61:,UTT,-76,2026-04-30 10:57:11
ac:2a:a1:7e:df:61:,UTT,-83,2026-04-30 10:57:14
ac:2a:a1:7e:df:61:,UTT,-80,2026-04-30 10:57:16
ac:2a:a1:7e:df:61:,UTT,-80,2026-04-30 10:57:20
ac:2a:a1:7e:df:61:,UTT,-80,2026-04-30 10:57:28
ac:2a:a1:7e:df:61:,UTT,-85,2026-04-30 10:57:33
ac:2a:a1:7e:df:61:,UTT,-85,2026-04-30 10:57:36
ac:2a:a1:7e:df:61:,UTT,-85,2026-04-30 10:57:39
ac:2a:a1:7e:df:61:,UTT,-84,2026-04-30 10:57:42
ac:2a:a1:7e:df:61:,UTT,-84,2026-04-30 10:57:46
ac:2a:a1:7e:df:61:,UTT,-85,2026-04-30 10:57:50
ac:2a:a1:7e:df:61:,UTT,-82,2026-04-30 10:57:53
ac:2a:a1:7e:df:61:,UTT,-82,2026-04-30 10:57:57
ac:2a:a1:7e:df:61:,UTT,-85,2026-04-30 10:58:00
ac:2a:a1:7e:df:61:,UTT,-86,2026-04-30 10:58:03
ac:2a:a1:7e:df:61:,UTT,-86,2026-04-30 10:58:06
ac:2a:a1:7e:df:61:,UTT,-77,2026-04-30 10:58:12
ac:2a:a1:7e:df:61:,UTT,-83,2026-04-30 10:58:16
ac:2a:a1:7e:df:61:,UTT,-77,2026-04-30 10:58:20
e4:aa:5d:fd:3e:e1:,UTT,-80,2026-04-30 10:55:21
e4:aa:5d:fd:3e:e1:,UTT,-63,2026-04-30 10:55:24
e4:aa:5d:fd:3e:e1:,UTT,-63,2026-04-30 10:55:27
e4:aa:5d:fd:3e:e1:,UTT,-66,2026-04-30 10:55:30
e4:aa:5d:fd:3e:e1:,UTT,-73,2026-04-30 10:55:33
e4:aa:5d:fd:3e:e1:,UTT,-73,2026-04-30 10:55:36
e4:aa:5d:fd:3e:e1:,UTT,-80,2026-04-30 10:55:39
e4:aa:5d:fd:3e:e1:,UTT,-70,2026-04-30 10:55:42
e4:aa:5d:fd:3e:e1:,UTT,-69,2026-04-30 10:55:48
e4:aa:5d:fd:3e:e1:,UTT,-72,2026-04-30 10:55:51
e4:aa:5d:fd:3e:e1:,UTT,-72,2026-04-30 10:55:53
e4:aa:5d:fd:3e:e1:,UTT,-71,2026-04-30 10:55:56
e4:aa:5d:fd:3e:e1:,UTT,-70,2026-04-30 10:55:58
e4:aa:5d:fd:3e:e1:,UTT,-70,2026-04-30 10:56:02
e4:aa:5d:fd:3e:e1:,UTT,-74,2026-04-30 10:56:05
e4:aa:5d:fd:3e:e1:,UTT,-75,2026-04-30 10:56:09
e4:aa:5d:fd:3e:e1:,UTT,-75,2026-04-30 10:56:12
e4:aa:5d:fd:3e:e1:,UTT,-74,2026-04-30 10:56:14
e4:aa:5d:fd:3e:e1:,UTT,-72,2026-04-30 10:56:18
e4:aa:5d:fd:3e:e1:,UTT,-83,2026-04-30 10:56:23
e4:aa:5d:fd:3e:e1:,UTT,-77,2026-04-30 10:56:27
e4:aa:5d:fd:3e:e1:,UTT,-77,2026-04-30 10:56:29
e4:aa:5d:fd:3e:e1:,UTT,-87,2026-04-30 10:56:32
e4:aa:5d:fd:3e:e1:,UTT,-69,2026-04-30 10:56:35
e4:aa:5d:fd:3e:e1:,UTT,-69,2026-04-30 10:56:38
e4:aa:5d:fd:3e:e1:,UTT,-83,2026-04-30 10:56:41
e4:aa:5d:fd:3e:e1:,UTT,-76,2026-04-30 10:56:43
e4:aa:5d:fd:3e:e1:,UTT,-76,2026-04-30 10:56:52
e4:aa:5d:fd:3e:e1:,UTT,-72,2026-04-30 10:56:56
e4:aa:5d:fd:3e:e1:,UTT,-72,2026-04-30 10:57:00
e4:aa:5d:fd:3e:e1:,UTT,-76,2026-04-30 10:57:04
e4:aa:5d:fd:3e:e1:,UTT,-76,2026-04-30 10:57:07
e4:aa:5d:fd:3e:e1:,UTT,-76,2026-04-30 10:57:11
e4:aa:5d:fd:3e:e1:,UTT,-77,2026-04-30 10:57:14
e4:aa:5d:fd:3e:e1:,UTT,-77,2026-04-30 10:57:16
e4:aa:5d:fd:3e:e1:,UTT,-77,2026-04-30 10:57:20
e4:aa:5d:fd:3e:e1:,UTT,-75,2026-04-30 10:57:28
e4:aa:5d:fd:3e:e1:,UTT,-75,2026-04-30 10:57:33
e4:aa:5d:fd:3e:e1:,UTT,-75,2026-04-30 10:57:36
e4:aa:5d:fd:3e:e1:,UTT,-76,2026-04-30 10:57:39
e4:aa:5d:fd:3e:e1:,UTT,-70,2026-04-30 10:57:42
e4:aa:5d:fd:3e:e1:,UTT,-70,2026-04-30 10:57:46
e4:aa:5d:fd:3e:e1:,UTT,-79,2026-04-30 10:57:50
e4:aa:5d:fd:3e:e1:,UTT,-79,2026-04-30 10:57:53
e4:aa:5d:fd:3e:e1:,UTT,-79,2026-04-30 10:57:57
e4:aa:5d:fd:3e:e1:,UTT,-77,2026-04-30 10:58:00
e4:aa:5d:fd:3e:e1:,UTT,-80,2026-04-30 10:58:03
e4:aa:5d:fd:3e:e1:,UTT,-80,2026-04-30 10:58:06
e4:aa:5d:fd:3e:e1:,UTT,-81,2026-04-30 10:58:12
e4:aa:5d:fd:3e:e1:,UTT,-77,2026-04-30 10:58:16
e4:aa:5d:fd:3e:e1:,UTT,-77,2026-04-30 10:58:20
f8:6b:d9:01:93:6e:,UTT,-56,2026-04-30 10:55:21
f8:6b:d9:01:93:6e:,UTT,-55,2026-04-30 10:55:24
f8:6b:d9:01:93:6e:,UTT,-55,2026-04-30 10:55:27
f8:6b:d9:01:93:6e:,UTT,-52,2026-04-30 10:55:30
f8:6b:d9:01:93:6e:,UTT,-55,2026-04-30 10:55:33
f8:6b:d9:01:93:6e:,UTT,-55,2026-04-30 10:55:36
f8:6b:d9:01:93:6e:,UTT,-53,2026-04-30 10:55:39
f8:6b:d9:01:93:6e:,UTT,-56,2026-04-30 10:55:42
f8:6b:d9:01:93:6e:,UTT,-51,2026-04-30 10:55:48
f8:6b:d9:01:93:6e:,UTT,-60,2026-04-30 10:55:51
f8:6b:d9:01:93:6e:,UTT,-60,2026-04-30 10:55:53
f8:6b:d9:01:93:6e:,UTT,-53,2026-04-30 10:55:56
f8:6b:d9:01:93:6e:,UTT,-54,2026-04-30 10:55:58
f8:6b:d9:01:93:6e:,UTT,-54,2026-04-30 10:56:02
f8:6b:d9:01:93:6e:,UTT,-48,2026-04-30 10:56:05
f8:6b:d9:01:93:6e:,UTT,-47,2026-04-30 10:56:09
f8:6b:d9:01:93:6e:,UTT,-47,2026-04-30 10:56:12
f8:6b:d9:01:93:6e:,UTT,-49,2026-04-30 10:56:14
f8:6b:d9:01:93:6e:,UTT,-54,2026-04-30 10:56:18
f8:6b:d9:01:93:6e:,UTT,-45,2026-04-30 10:56:23
f8:6b:d9:01:93:6e:,UTT,-51,2026-04-30 10:56:27
f8:6b:d9:01:93:6e:,UTT,-51,2026-04-30 10:56:29
f8:6b:d9:01:93:6e:,UTT,-46,2026-04-30 10:56:32
f8:6b:d9:01:93:6e:,UTT,-57,2026-04-30 10:56:35
f8:6b:d9:01:93:6e:,UTT,-57,2026-04-30 10:56:38
f8:6b:d9:01:93:6e:,UTT,-52,2026-04-30 10:56:41
f8:6b:d9:01:93:6e:,UTT,-60,2026-04-30 10:56:43
f8:6b:d9:01:93:6e:,UTT,-48,2026-04-30 10:56:52
f8:6b:d9:01:93:6e:,UTT,-57,2026-04-30 10:56:56
f8:6b:d9:01:93:6e:,UTT,-57,2026-04-30 10:57:00
f8:6b:d9:01:93:6e:,UTT,-48,2026-04-30 10:57:04
f8:6b:d9:01:93:6e:,UTT,-54,2026-04-30 10:57:07
f8:6b:d9:01:93:6e:,UTT,-54,2026-04-30 10:57:11
f8:6b:d9:01:93:6e:,UTT,-51,2026-04-30 10:57:14
f8:6b:d9:01:93:6e:,UTT,-59,2026-04-30 10:57:16
f8:6b:d9:01:93:6e:,UTT,-59,2026-04-30 10:57:20
f8:6b:d9:01:93:6e:,UTT,-52,2026-04-30 10:57:28
f8:6b:d9:01:93:6e:,UTT,-56,2026-04-30 10:57:33
f8:6b:d9:01:93:6e:,UTT,-56,2026-04-30 10:57:36
f8:6b:d9:01:93:6e:,UTT,-49,2026-04-30 10:57:39
f8:6b:d9:01:93:6e:,UTT,-66,2026-04-30 10:57:42
f8:6b:d9:01:93:6e:,UTT,-66,2026-04-30 10:57:46
f8:6b:d9:01:93:6e:,UTT,-50,2026-04-30 10:57:50
f8:6b:d9:01:93:6e:,UTT,-50,2026-04-30 10:57:53
f8:6b:d9:01:93:6e:,UTT,-50,2026-04-30 10:57:57
f8:6b:d9:01:93:6e:,UTT,-53,2026-04-30 10:58:00
f8:6b:d9:01:93:6e:,UTT,-57,2026-04-30 10:58:03
f8:6b:d9:01:93:6e:,UTT,-57,2026-04-30 10:58:06
f8:6b:d9:01:93:6e:,UTT,-57,2026-04-30 10:58:12
f8:6b:d9:01:93:6e:,UTT,-50,2026-04-30 10:58:16
f8:6b:d9:01:93:6e:,UTT,-45,2026-04-30 10:58:20
e4:aa:5d:bf:25:54:,form_cyber,-82,2026-04-30 10:55:21
e4:aa:5d:bf:25:54:,form_cyber,-69,2026-04-30 10:55:24
e4:aa:5d:bf:25:54:,form_cyber,-69,2026-04-30 10:55:27
e4:aa:5d:bf:25:54:,form_cyber,-77,2026-04-30 10:55:30
e4:aa:5d:bf:25:54:,form_cyber,-78,2026-04-30 10:55:33
e4:aa:5d:bf:25:54:,form_cyber,-78,2026-04-30 10:55:36
e4:aa:5d:bf:25:54:,form_cyber,-82,2026-04-30 10:55:39
e4:aa:5d:bf:25:54:,form_cyber,-73,2026-04-30 10:55:42
e4:aa:5d:bf:25:54:,form_cyber,-77,2026-04-30 10:55:48
e4:aa:5d:bf:25:54:,form_cyber,-65,2026-04-30 10:55:51
e4:aa:5d:bf:25:54:,form_cyber,-65,2026-04-30 10:55:53
e4:aa:5d:bf:25:54:,form_cyber,-82,2026-04-30 10:55:56
e4:aa:5d:bf:25:54:,form_cyber,-75,2026-04-30 10:55:58
e4:aa:5d:bf:25:54:,form_cyber,-75,2026-04-30 10:56:02
e4:aa:5d:bf:25:54:,form_cyber,-75,2026-04-30 10:56:05
e4:aa:5d:bf:25:54:,form_cyber,-66,2026-04-30 10:56:09
e4:aa:5d:bf:25:54:,form_cyber,-66,2026-04-30 10:56:12
e4:aa:5d:bf:25:54:,form_cyber,-78,2026-04-30 10:56:14
e4:aa:5d:bf:25:54:,form_cyber,-75,2026-04-30 10:56:18
e4:aa:5d:bf:25:54:,form_cyber,-73,2026-04-30 10:56:23
e4:aa:5d:bf:25:54:,form_cyber,-70,2026-04-30 10:56:27
e4:aa:5d:bf:25:54:,form_cyber,-70,2026-04-30 10:56:29
e4:aa:5d:bf:25:54:,form_cyber,-76,2026-04-30 10:56:32
e4:aa:5d:bf:25:54:,form_cyber,-79,2026-04-30 10:56:35
e4:aa:5d:bf:25:54:,form_cyber,-79,2026-04-30 10:56:38
e4:aa:5d:bf:25:54:,form_cyber,-78,2026-04-30 10:56:41
e4:aa:5d:bf:25:54:,form_cyber,-78,2026-04-30 10:56:43
e4:aa:5d:bf:25:54:,form_cyber,-75,2026-04-30 10:56:52
e4:aa:5d:bf:25:54:,form_cyber,-80,2026-04-30 10:56:56
e4:aa:5d:bf:25:54:,form_cyber,-80,2026-04-30 10:57:00
e4:aa:5d:bf:25:54:,form_cyber,-74,2026-04-30 10:57:04
e4:aa:5d:bf:25:54:,form_cyber,-85,2026-04-30 10:57:07
e4:aa:5d:bf:25:54:,form_cyber,-85,2026-04-30 10:57:11
e4:aa:5d:bf:25:54:,form_cyber,-86,2026-04-30 10:57:14
e4:aa:5d:bf:25:54:,form_cyber,-78,2026-04-30 10:57:16
e4:aa:5d:bf:25:54:,form_cyber,-78,2026-04-30 10:57:20
e4:aa:5d:bf:25:54:,form_cyber,-80,2026-04-30 10:57:28
e4:aa:5d:bf:25:54:,form_cyber,-77,2026-04-30 10:57:33
e4:aa:5d:bf:25:54:,form_cyber,-77,2026-04-30 10:57:36
e4:aa:5d:bf:25:54:,form_cyber,-76,2026-04-30 10:57:39
e4:aa:5d:bf:25:54:,form_cyber,-83,2026-04-30 10:57:42
e4:aa:5d:bf:25:54:,form_cyber,-83,2026-04-30 10:57:46
e4:aa:5d:bf:25:54:,form_cyber,-69,2026-04-30 10:57:50
e4:aa:5d:bf:25:54:,form_cyber,-79,2026-04-30 10:57:53
e4:aa:5d:bf:25:54:,form_cyber,-79,2026-04-30 10:57:57
e4:aa:5d:bf:25:54:,form_cyber,-77,2026-04-30 10:58:00
e4:aa:5d:bf:25:54:,form_cyber,-82,2026-04-30 10:58:03
e4:aa:5d:bf:25:54:,form_cyber,-82,2026-04-30 10:58:06
e4:aa:5d:bf:25:54:,form_cyber,-76,2026-04-30 10:58:12
e4:aa:5d:bf:25:54:,form_cyber,-80,2026-04-30 10:58:16
e4:aa:5d:bf:25:54:,form_cyber,-70,2026-04-30 10:58:20
e4:aa:5d:bf:25:5b:,form_cyber,-62,2026-04-30 10:55:21
e4:aa:5d:bf:25:5b:,form_cyber,-62,2026-04-30 10:55:24
e4:aa:5d:bf:25:5b:,form_cyber,-56,2026-04-30 10:55:27
e4:aa:5d:bf:25:5b:,form_cyber,-63,2026-04-30 10:55:30
e4:aa:5d:bf:25:5b:,form_cyber,-63,2026-04-30 10:55:33
e4:aa:5d:bf:25:5b:,form_cyber,-66,2026-04-30 10:55:36
e4:aa:5d:bf:25:5b:,form_cyber,-63,2026-04-30 10:55:39
e4:aa:5d:bf:25:5b:,form_cyber,-63,2026-04-30 10:55:42
e4:aa:5d:bf:25:5b:,form_cyber,-58,2026-04-30 10:55:48
e4:aa:5d:bf:25:5b:,form_cyber,-58,2026-04-30 10:55:51
e4:aa:5d:bf:25:5b:,form_cyber,-66,2026-04-30 10:55:53
e4:aa:5d:bf:25:5b:,form_cyber,-56,2026-04-30 10:55:56
e4:aa:5d:bf:25:5b:,form_cyber,-56,2026-04-30 10:55:58
e4:aa:5d:bf:25:5b:,form_cyber,-57,2026-04-30 10:56:02
e4:aa:5d:bf:25:5b:,form_cyber,-60,2026-04-30 10:56:05
e4:aa:5d:bf:25:5b:,form_cyber,-60,2026-04-30 10:56:09
e4:aa:5d:bf:25:5b:,form_cyber,-63,2026-04-30 10:56:12
e4:aa:5d:bf:25:5b:,form_cyber,-61,2026-04-30 10:56:14
e4:aa:5d:bf:25:5b:,form_cyber,-61,2026-04-30 10:56:18
e4:aa:5d:bf:25:5b:,form_cyber,-58,2026-04-30 10:56:23
e4:aa:5d:bf:25:5b:,form_cyber,-58,2026-04-30 10:56:27
e4:aa:5d:bf:25:5b:,form_cyber,-60,2026-04-30 10:56:29
e4:aa:5d:bf:25:5b:,form_cyber,-60,2026-04-30 10:56:32
e4:aa:5d:bf:25:5b:,form_cyber,-60,2026-04-30 10:56:35
e4:aa:5d:bf:25:5b:,form_cyber,-63,2026-04-30 10:56:38
e4:aa:5d:bf:25:5b:,form_cyber,-65,2026-04-30 10:56:41
e4:aa:5d:bf:25:5b:,form_cyber,-65,2026-04-30 10:56:43
e4:aa:5d:bf:25:5b:,form_cyber,-64,2026-04-30 10:56:52
e4:aa:5d:bf:25:5b:,form_cyber,-64,2026-04-30 10:56:56
e4:aa:5d:bf:25:5b:,form_cyber,-65,2026-04-30 10:57:00
e4:aa:5d:bf:25:5b:,form_cyber,-60,2026-04-30 10:57:04
e4:aa:5d:bf:25:5b:,form_cyber,-60,2026-04-30 10:57:07
e4:aa:5d:bf:25:5b:,form_cyber,-68,2026-04-30 10:57:11
e4:aa:5d:bf:25:5b:,form_cyber,-59,2026-04-30 10:57:14
e4:aa:5d:bf:25:5b:,form_cyber,-59,2026-04-30 10:57:16
e4:aa:5d:bf:25:5b:,form_cyber,-66,2026-04-30 10:57:20
e4:aa:5d:bf:25:5b:,form_cyber,-60,2026-04-30 10:57:28
e4:aa:5d:bf:25:5b:,form_cyber,-60,2026-04-30 10:57:33
e4:aa:5d:bf:25:5b:,form_cyber,-60,2026-04-30 10:57:36
e4:aa:5d:bf:25:5b:,form_cyber,-58,2026-04-30 10:57:39
e4:aa:5d:bf:25:5b:,form_cyber,-58,2026-04-30 10:57:42
e4:aa:5d:bf:25:5b:,form_cyber,-71,2026-04-30 10:57:46
e4:aa:5d:bf:25:5b:,form_cyber,-57,2026-04-30 10:57:50
e4:aa:5d:bf:25:5b:,form_cyber,-57,2026-04-30 10:57:53
e4:aa:5d:bf:25:5b:,form_cyber,-67,2026-04-30 10:57:57
e4:aa:5d:bf:25:5b:,form_cyber,-65,2026-04-30 10:58:00
e4:aa:5d:bf:25:5b:,form_cyber,-65,2026-04-30 10:58:03
e4:aa:5d:bf:25:5b:,form_cyber,-63,2026-04-30 10:58:06
e4:aa:5d:bf:25:5b:,form_cyber,-62,2026-04-30 10:58:12
e4:aa:5d:bf:25:5b:,form_cyber,-58,2026-04-30 10:58:16
e4:aa:5d:bf:25:5b:,form_cyber,-58,2026-04-30 10:58:20
ac:2a:a1:7e:df:64:,form_cyber,-87,2026-04-30 10:55:21
ac:2a:a1:7e:df:64:,form_cyber,-75,2026-04-30 10:55:24
ac:2a:a1:7e:df:64:,form_cyber,-75,2026-04-30 10:55:27
ac:2a:a1:7e:df:64:,form_cyber,-75,2026-04-30 10:55:30
ac:2a:a1:7e:df:64:,form_cyber,-69,2026-04-30 10:55:33
ac:2a:a1:7e:df:64:,form_cyber,-69,2026-04-30 10:55:36
ac:2a:a1:7e:df:64:,form_cyber,-86,2026-04-30 10:55:39
ac:2a:a1:7e:df:64:,form_cyber,-73,2026-04-30 10:55:42
ac:2a:a1:7e:df:64:,form_cyber,-78,2026-04-30 10:55:48
ac:2a:a1:7e:df:64:,form_cyber,-73,2026-04-30 10:55:51
ac:2a:a1:7e:df:64:,form_cyber,-73,2026-04-30 10:55:53
ac:2a:a1:7e:df:64:,form_cyber,-87,2026-04-30 10:55:56
ac:2a:a1:7e:df:64:,form_cyber,-78,2026-04-30 10:55:58
ac:2a:a1:7e:df:64:,form_cyber,-78,2026-04-30 10:56:02
ac:2a:a1:7e:df:64:,form_cyber,-82,2026-04-30 10:56:05
ac:2a:a1:7e:df:64:,form_cyber,-76,2026-04-30 10:56:09
ac:2a:a1:7e:df:64:,form_cyber,-76,2026-04-30 10:56:12
ac:2a:a1:7e:df:64:,form_cyber,-82,2026-04-30 10:56:14
ac:2a:a1:7e:df:64:,form_cyber,-77,2026-04-30 10:56:18
ac:2a:a1:7e:df:64:,form_cyber,-86,2026-04-30 10:56:23
ac:2a:a1:7e:df:64:,form_cyber,-81,2026-04-30 10:56:27
ac:2a:a1:7e:df:64:,form_cyber,-81,2026-04-30 10:56:29
ac:2a:a1:7e:df:64:,form_cyber,-81,2026-04-30 10:56:32
ac:2a:a1:7e:df:64:,form_cyber,-80,2026-04-30 10:56:35
ac:2a:a1:7e:df:64:,form_cyber,-80,2026-04-30 10:56:38
ac:2a:a1:7e:df:64:,form_cyber,-81,2026-04-30 10:56:41
ac:2a:a1:7e:df:64:,form_cyber,-84,2026-04-30 10:56:43
ac:2a:a1:7e:df:64:,form_cyber,-79,2026-04-30 10:56:52
ac:2a:a1:7e:df:64:,form_cyber,-80,2026-04-30 10:56:56
ac:2a:a1:7e:df:64:,form_cyber,-80,2026-04-30 10:57:00
ac:2a:a1:7e:df:64:,form_cyber,-81,2026-04-30 10:57:04
ac:2a:a1:7e:df:64:,form_cyber,-76,2026-04-30 10:57:07
ac:2a:a1:7e:df:64:,form_cyber,-76,2026-04-30 10:57:11
ac:2a:a1:7e:df:64:,form_cyber,-84,2026-04-30 10:57:14
ac:2a:a1:7e:df:64:,form_cyber,-80,2026-04-30 10:57:16
ac:2a:a1:7e:df:64:,form_cyber,-80,2026-04-30 10:57:20
ac:2a:a1:7e:df:64:,form_cyber,-80,2026-04-30 10:57:28
ac:2a:a1:7e:df:64:,form_cyber,-80,2026-04-30 10:57:33
ac:2a:a1:7e:df:64:,form_cyber,-80,2026-04-30 10:57:36
ac:2a:a1:7e:df:64:,form_cyber,-80,2026-04-30 10:57:39
ac:2a:a1:7e:df:64:,form_cyber,-84,2026-04-30 10:57:42
ac:2a:a1:7e:df:64:,form_cyber,-84,2026-04-30 10:57:46
ac:2a:a1:7e:df:64:,form_cyber,-85,2026-04-30 10:57:50
ac:2a:a1:7e:df:64:,form_cyber,-83,2026-04-30 10:57:53
ac:2a:a1:7e:df:64:,form_cyber,-83,2026-04-30 10:57:57
ac:2a:a1:7e:df:64:,form_cyber,-85,2026-04-30 10:58:00
ac:2a:a1:7e:df:64:,form_cyber,-86,2026-04-30 10:58:03
ac:2a:a1:7e:df:64:,form_cyber,-86,2026-04-30 10:58:06
ac:2a:a1:7e:df:64:,form_cyber,-80,2026-04-30 10:58:12
ac:2a:a1:7e:df:64:,form_cyber,-83,2026-04-30 10:58:16
ac:2a:a1:7e:df:64:,form_cyber,-78,2026-04-30 10:58:20
f8:6b:d9:95:d8:84:,form_cyber,-83,2026-04-30 10:55:21
f8:6b:d9:95:d8:84:,form_cyber,-84,2026-04-30 10:55:24
f8:6b:d9:95:d8:84:,form_cyber,-84,2026-04-30 10:55:27
f8:6b:d9:95:d8:84:,form_cyber,-87,2026-04-30 10:55:30
f8:6b:d9:95:d8:84:,form_cyber,-84,2026-04-30 10:55:33
f8:6b:d9:95:d8:84:,form_cyber,-84,2026-04-30 10:55:36
f8:6b:d9:95:d8:84:,form_cyber,-84,2026-04-30 10:55:39
f8:6b:d9:95:d8:84:,form_cyber,-84,2026-04-30 10:55:42
f8:6b:d9:95:d8:84:,form_cyber,-84,2026-04-30 10:55:48
f8:6b:d9:95:d8:84:,form_cyber,-84,2026-04-30 10:55:51
f8:6b:d9:95:d8:84:,form_cyber,-84,2026-04-30 10:55:53
f8:6b:d9:95:d8:84:,form_cyber,-84,2026-04-30 10:55:56
f8:6b:d9:95:d8:84:,form_cyber,-84,2026-04-30 10:55:58
f8:6b:d9:95:d8:84:,form_cyber,-84,2026-04-30 10:56:02
f8:6b:d9:95:d8:84:,form_cyber,-84,2026-04-30 10:56:05
f8:6b:d9:95:d8:84:,form_cyber,-84,2026-04-30 10:56:09
f8:6b:d9:95:d8:84:,form_cyber,-84,2026-04-30 10:56:12
f8:6b:d9:95:d8:84:,form_cyber,-84,2026-04-30 10:56:14
f8:6b:d9:95:d8:84:,form_cyber,-87,2026-04-30 10:56:18
f8:6b:d9:95:d8:84:,form_cyber,-87,2026-04-30 10:56:23
f8:6b:d9:95:d8:84:,form_cyber,-87,2026-04-30 10:56:27
f8:6b:d9:95:d8:84:,form_cyber,-87,2026-04-30 10:56:29
f8:6b:d9:95:d8:84:,form_cyber,-87,2026-04-30 10:56:32
f8:6b:d9:95:d8:84:,form_cyber,-87,2026-04-30 10:56:35
f8:6b:d9:95:d8:84:,form_cyber,-87,2026-04-30 10:56:38
f8:6b:d9:95:d8:84:,form_cyber,-87,2026-04-30 10:56:41
f8:6b:d9:95:d8:84:,form_cyber,-87,2026-04-30 10:56:43
f8:6b:d9:95:d8:84:,form_cyber,-87,2026-04-30 10:56:52
f8:6b:d9:95:d8:84:,form_cyber,-87,2026-04-30 10:56:56
f8:6b:d9:95:d8:84:,form_cyber,-87,2026-04-30 10:57:00
f8:6b:d9:95:d8:84:,form_cyber,-87,2026-04-30 10:57:04
f8:6b:d9:95:d8:84:,form_cyber,-87,2026-04-30 10:57:07
f8:6b:d9:95:d8:84:,form_cyber,-87,2026-04-30 10:57:11
f8:6b:d9:95:d8:84:,form_cyber,-87,2026-04-30 10:57:14
f8:6b:d9:95:d8:84:,form_cyber,-87,2026-04-30 10:57:16
f8:6b:d9:95:d8:84:,form_cyber,-87,2026-04-30 10:57:20
f8:6b:d9:95:d8:84:,form_cyber,-87,2026-04-30 10:57:28
f8:6b:d9:95:d8:84:,form_cyber,-87,2026-04-30 10:57:33
f8:6b:d9:95:d8:84:,form_cyber,-87,2026-04-30 10:57:36
f8:6b:d9:95:d8:84:,form_cyber,-87,2026-04-30 10:57:39
f8:6b:d9:95:d8:84:,form_cyber,-87,2026-04-30 10:57:42
f8:6b:d9:95:d8:84:,form_cyber,-87,2026-04-30 10:57:46
f8:6b:d9:95:d8:84:,form_cyber,-87,2026-04-30 10:57:50
f8:6b:d9:95:d8:84:,form_cyber,-87,2026-04-30 10:57:53
f8:6b:d9:95:d8:84:,form_cyber,-87,2026-04-30 10:57:57
f8:6b:d9:95:d8:84:,form_cyber,-87,2026-04-30 10:58:00
f8:6b:d9:95:d8:84:,form_cyber,-87,2026-04-30 10:58:03
f8:6b:d9:95:d8:84:,form_cyber,-87,2026-04-30 10:58:06
f8:6b:d9:95:d8:84:,form_cyber,-87,2026-04-30 10:58:12
e4:aa:5d:fd:3e:eb:,form_cyber,-73,2026-04-30 10:55:21
e4:aa:5d:fd:3e:eb:,form_cyber,-73,2026-04-30 10:55:24
e4:aa:5d:fd:3e:eb:,form_cyber,-79,2026-04-30 10:55:27
e4:aa:5d:fd:3e:eb:,form_cyber,-73,2026-04-30 10:55:30
e4:aa:5d:fd:3e:eb:,form_cyber,-73,2026-04-30 10:55:33
e4:aa:5d:fd:3e:eb:,form_cyber,-73,2026-04-30 10:55:36
e4:aa:5d:fd:3e:eb:,form_cyber,-78,2026-04-30 10:55:39
e4:aa:5d:fd:3e:eb:,form_cyber,-78,2026-04-30 10:55:42
e4:aa:5d:fd:3e:eb:,form_cyber,-80,2026-04-30 10:55:48
e4:aa:5d:fd:3e:eb:,form_cyber,-80,2026-04-30 10:55:51
e4:aa:5d:fd:3e:eb:,form_cyber,-80,2026-04-30 10:55:53
e4:aa:5d:fd:3e:eb:,form_cyber,-80,2026-04-30 10:55:56
e4:aa:5d:fd:3e:eb:,form_cyber,-80,2026-04-30 10:55:58
e4:aa:5d:fd:3e:eb:,form_cyber,-80,2026-04-30 10:56:02
e4:aa:5d:fd:3e:eb:,form_cyber,-78,2026-04-30 10:56:05
e4:aa:5d:fd:3e:eb:,form_cyber,-78,2026-04-30 10:56:09
e4:aa:5d:fd:3e:eb:,form_cyber,-78,2026-04-30 10:56:12
e4:aa:5d:fd:3e:eb:,form_cyber,-78,2026-04-30 10:56:14
e4:aa:5d:fd:3e:eb:,form_cyber,-78,2026-04-30 10:56:18
e4:aa:5d:fd:3e:eb:,form_cyber,-82,2026-04-30 10:56:23
e4:aa:5d:fd:3e:eb:,form_cyber,-82,2026-04-30 10:56:27
e4:aa:5d:fd:3e:eb:,form_cyber,-82,2026-04-30 10:56:29
e4:aa:5d:fd:3e:eb:,form_cyber,-82,2026-04-30 10:56:32
e4:aa:5d:fd:3e:eb:,form_cyber,-82,2026-04-30 10:56:35
e4:aa:5d:fd:3e:eb:,form_cyber,-82,2026-04-30 10:56:38
e4:aa:5d:fd:3e:eb:,form_cyber,-82,2026-04-30 10:56:41
e4:aa:5d:fd:3e:eb:,form_cyber,-82,2026-04-30 10:56:43
e4:aa:5d:fd:3e:eb:,form_cyber,-82,2026-04-30 10:56:52
e4:aa:5d:fd:3e:eb:,form_cyber,-82,2026-04-30 10:56:56
e4:aa:5d:fd:3e:eb:,form_cyber,-82,2026-04-30 10:57:00
e4:aa:5d:fd:3e:eb:,form_cyber,-80,2026-04-30 10:57:04
e4:aa:5d:fd:3e:eb:,form_cyber,-80,2026-04-30 10:57:07
e4:aa:5d:fd:3e:eb:,form_cyber,-80,2026-04-30 10:57:11
e4:aa:5d:fd:3e:eb:,form_cyber,-80,2026-04-30 10:57:14
e4:aa:5d:fd:3e:eb:,form_cyber,-81,2026-04-30 10:57:16
e4:aa:5d:fd:3e:eb:,form_cyber,-81,2026-04-30 10:57:20
e4:aa:5d:fd:3e:eb:,form_cyber,-81,2026-04-30 10:57:28
e4:aa:5d:fd:3e:eb:,form_cyber,-81,2026-04-30 10:57:33
e4:aa:5d:fd:3e:eb:,form_cyber,-81,2026-04-30 10:57:36
e4:aa:5d:fd:3e:eb:,form_cyber,-81,2026-04-30 10:57:39
e4:aa:5d:fd:3e:eb:,form_cyber,-81,2026-04-30 10:57:42
e4:aa:5d:fd:3e:eb:,form_cyber,-81,2026-04-30 10:57:46
e4:aa:5d:fd:3e:eb:,form_cyber,-81,2026-04-30 10:57:50
e4:aa:5d:fd:3e:eb:,form_cyber,-81,2026-04-30 10:57:53
e4:aa:5d:fd:3e:eb:,form_cyber,-81,2026-04-30 10:57:57
e4:aa:5d:fd:3e:eb:,form_cyber,-81,2026-04-30 10:58:00
e4:aa:5d:fd:3e:eb:,form_cyber,-81,2026-04-30 10:58:03
e4:aa:5d:fd:3e:eb:,form_cyber,-81,2026-04-30 10:58:06
e4:aa:5d:fd:3e:eb:,form_cyber,-79,2026-04-30 10:58:12
e4:aa:5d:fd:3e:eb:,form_cyber,-77,2026-04-30 10:58:16
e4:aa:5d:fd:3e:eb:,form_cyber,-77,2026-04-30 10:58:20
f8:6b:d9:01:93:6b:,form_cyber,-56,2026-04-30 10:55:21
f8:6b:d9:01:93:6b:,form_cyber,-55,2026-04-30 10:55:24
f8:6b:d9:01:93:6b:,form_cyber,-55,2026-04-30 10:55:27
f8:6b:d9:01:93:6b:,form_cyber,-52,2026-04-30 10:55:30
f8:6b:d9:01:93:6b:,form_cyber,-55,2026-04-30 10:55:33
f8:6b:d9:01:93:6b:,form_cyber,-55,2026-04-30 10:55:36
f8:6b:d9:01:93:6b:,form_cyber,-53,2026-04-30 10:55:39
f8:6b:d9:01:93:6b:,form_cyber,-56,2026-04-30 10:55:42
f8:6b:d9:01:93:6b:,form_cyber,-51,2026-04-30 10:55:48
f8:6b:d9:01:93:6b:,form_cyber,-60,2026-04-30 10:55:51
f8:6b:d9:01:93:6b:,form_cyber,-60,2026-04-30 10:55:53
f8:6b:d9:01:93:6b:,form_cyber,-53,2026-04-30 10:55:56
f8:6b:d9:01:93:6b:,form_cyber,-54,2026-04-30 10:55:58
f8:6b:d9:01:93:6b:,form_cyber,-54,2026-04-30 10:56:02
f8:6b:d9:01:93:6b:,form_cyber,-48,2026-04-30 10:56:05
f8:6b:d9:01:93:6b:,form_cyber,-47,2026-04-30 10:56:09
f8:6b:d9:01:93:6b:,form_cyber,-47,2026-04-30 10:56:12
f8:6b:d9:01:93:6b:,form_cyber,-49,2026-04-30 10:56:14
f8:6b:d9:01:93:6b:,form_cyber,-54,2026-04-30 10:56:18
f8:6b:d9:01:93:6b:,form_cyber,-45,2026-04-30 10:56:23
f8:6b:d9:01:93:6b:,form_cyber,-51,2026-04-30 10:56:27
f8:6b:d9:01:93:6b:,form_cyber,-51,2026-04-30 10:56:29
f8:6b:d9:01:93:6b:,form_cyber,-46,2026-04-30 10:56:32
f8:6b:d9:01:93:6b:,form_cyber,-57,2026-04-30 10:56:35
f8:6b:d9:01:93:6b:,form_cyber,-57,2026-04-30 10:56:38
f8:6b:d9:01:93:6b:,form_cyber,-52,2026-04-30 10:56:41
f8:6b:d9:01:93:6b:,form_cyber,-59,2026-04-30 10:56:43
f8:6b:d9:01:93:6b:,form_cyber,-48,2026-04-30 10:56:52
f8:6b:d9:01:93:6b:,form_cyber,-56,2026-04-30 10:56:56
f8:6b:d9:01:93:6b:,form_cyber,-56,2026-04-30 10:57:00
f8:6b:d9:01:93:6b:,form_cyber,-48,2026-04-30 10:57:04
f8:6b:d9:01:93:6b:,form_cyber,-54,2026-04-30 10:57:07
f8:6b:d9:01:93:6b:,form_cyber,-54,2026-04-30 10:57:11
f8:6b:d9:01:93:6b:,form_cyber,-51,2026-04-30 10:57:14
f8:6b:d9:01:93:6b:,form_cyber,-59,2026-04-30 10:57:16
f8:6b:d9:01:93:6b:,form_cyber,-59,2026-04-30 10:57:20
f8:6b:d9:01:93:6b:,form_cyber,-52,2026-04-30 10:57:28
f8:6b:d9:01:93:6b:,form_cyber,-56,2026-04-30 10:57:33
f8:6b:d9:01:93:6b:,form_cyber,-56,2026-04-30 10:57:36
f8:6b:d9:01:93:6b:,form_cyber,-49,2026-04-30 10:57:39
f8:6b:d9:01:93:6b:,form_cyber,-66,2026-04-30 10:57:42
f8:6b:d9:01:93:6b:,form_cyber,-66,2026-04-30 10:57:46
f8:6b:d9:01:93:6b:,form_cyber,-50,2026-04-30 10:57:50
f8:6b:d9:01:93:6b:,form_cyber,-51,2026-04-30 10:57:53
f8:6b:d9:01:93:6b:,form_cyber,-51,2026-04-30 10:57:57
f8:6b:d9:01:93:6b:,form_cyber,-53,2026-04-30 10:58:00
f8:6b:d9:01:93:6b:,form_cyber,-58,2026-04-30 10:58:03
f8:6b:d9:01:93:6b:,form_cyber,-58,2026-04-30 10:58:06
f8:6b:d9:01:93:6b:,form_cyber,-57,2026-04-30 10:58:12
f8:6b:d9:01:93:6b:,form_cyber,-50,2026-04-30 10:58:16
f8:6b:d9:01:93:6b:,form_cyber,-45,2026-04-30 10:58:20
f8:6b:d9:01:93:64:,form_cyber,-62,2026-04-30 10:55:21
f8:6b:d9:01:93:64:,form_cyber,-60,2026-04-30 10:55:24
f8:6b:d9:01:93:64:,form_cyber,-60,2026-04-30 10:55:27
f8:6b:d9:01:93:64:,form_cyber,-66,2026-04-30 10:55:30
f8:6b:d9:01:93:64:,form_cyber,-51,2026-04-30 10:55:33
f8:6b:d9:01:93:64:,form_cyber,-51,2026-04-30 10:55:36
f8:6b:d9:01:93:64:,form_cyber,-57,2026-04-30 10:55:39
f8:6b:d9:01:93:64:,form_cyber,-57,2026-04-30 10:55:42
f8:6b:d9:01:93:64:,form_cyber,-62,2026-04-30 10:55:48
f8:6b:d9:01:93:64:,form_cyber,-52,2026-04-30 10:55:51
f8:6b:d9:01:93:64:,form_cyber,-52,2026-04-30 10:55:53
f8:6b:d9:01:93:64:,form_cyber,-57,2026-04-30 10:55:56
f8:6b:d9:01:93:64:,form_cyber,-52,2026-04-30 10:55:58
f8:6b:d9:01:93:64:,form_cyber,-52,2026-04-30 10:56:02
f8:6b:d9:01:93:64:,form_cyber,-71,2026-04-30 10:56:05
f8:6b:d9:01:93:64:,form_cyber,-52,2026-04-30 10:56:09
f8:6b:d9:01:93:64:,form_cyber,-52,2026-04-30 10:56:12
f8:6b:d9:01:93:64:,form_cyber,-64,2026-04-30 10:56:14
f8:6b:d9:01:93:64:,form_cyber,-53,2026-04-30 10:56:18
f8:6b:d9:01:93:64:,form_cyber,-51,2026-04-30 10:56:23
f8:6b:d9:01:93:64:,form_cyber,-48,2026-04-30 10:56:27
f8:6b:d9:01:93:64:,form_cyber,-48,2026-04-30 10:56:29
f8:6b:d9:01:93:64:,form_cyber,-57,2026-04-30 10:56:32
f8:6b:d9:01:93:64:,form_cyber,-53,2026-04-30 10:56:35
f8:6b:d9:01:93:64:,form_cyber,-53,2026-04-30 10:56:38
f8:6b:d9:01:93:64:,form_cyber,-65,2026-04-30 10:56:41
f8:6b:d9:01:93:64:,form_cyber,-59,2026-04-30 10:56:43
f8:6b:d9:01:93:64:,form_cyber,-56,2026-04-30 10:56:52
f8:6b:d9:01:93:64:,form_cyber,-52,2026-04-30 10:56:56
f8:6b:d9:01:93:64:,form_cyber,-52,2026-04-30 10:57:00
f8:6b:d9:01:93:64:,form_cyber,-57,2026-04-30 10:57:04
f8:6b:d9:01:93:64:,form_cyber,-54,2026-04-30 10:57:07
f8:6b:d9:01:93:64:,form_cyber,-54,2026-04-30 10:57:11
f8:6b:d9:01:93:64:,form_cyber,-58,2026-04-30 10:57:14
f8:6b:d9:01:93:64:,form_cyber,-62,2026-04-30 10:57:16
f8:6b:d9:01:93:64:,form_cyber,-62,2026-04-30 10:57:20
f8:6b:d9:01:93:64:,form_cyber,-55,2026-04-30 10:57:28
f8:6b:d9:01:93:64:,form_cyber,-53,2026-04-30 10:57:33
f8:6b:d9:01:93:64:,form_cyber,-53,2026-04-30 10:57:36
f8:6b:d9:01:93:64:,form_cyber,-57,2026-04-30 10:57:39
f8:6b:d9:01:93:64:,form_cyber,-61,2026-04-30 10:57:42
f8:6b:d9:01:93:64:,form_cyber,-61,2026-04-30 10:57:46
f8:6b:d9:01:93:64:,form_cyber,-62,2026-04-30 10:57:50
f8:6b:d9:01:93:64:,form_cyber,-59,2026-04-30 10:57:53
f8:6b:d9:01:93:64:,form_cyber,-59,2026-04-30 10:57:57
f8:6b:d9:01:93:64:,form_cyber,-66,2026-04-30 10:58:00
f8:6b:d9:01:93:64:,form_cyber,-59,2026-04-30 10:58:03
f8:6b:d9:01:93:64:,form_cyber,-59,2026-04-30 10:58:06
f8:6b:d9:01:93:64:,form_cyber,-64,2026-04-30 10:58:12
f8:6b:d9:01:93:64:,form_cyber,-59,2026-04-30 10:58:16
f8:6b:d9:01:93:64:,form_cyber,-50,2026-04-30 10:58:20
e4:aa:5d:fd:3e:e4:,form_cyber,-85,2026-04-30 10:55:21
e4:aa:5d:fd:3e:e4:,form_cyber,-61,2026-04-30 10:55:24
e4:aa:5d:fd:3e:e4:,form_cyber,-61,2026-04-30 10:55:27
e4:aa:5d:fd:3e:e4:,form_cyber,-65,2026-04-30 10:55:30
e4:aa:5d:fd:3e:e4:,form_cyber,-74,2026-04-30 10:55:33
e4:aa:5d:fd:3e:e4:,form_cyber,-74,2026-04-30 10:55:36
e4:aa:5d:fd:3e:e4:,form_cyber,-81,2026-04-30 10:55:39
e4:aa:5d:fd:3e:e4:,form_cyber,-69,2026-04-30 10:55:42
e4:aa:5d:fd:3e:e4:,form_cyber,-66,2026-04-30 10:55:48
e4:aa:5d:fd:3e:e4:,form_cyber,-72,2026-04-30 10:55:51
e4:aa:5d:fd:3e:e4:,form_cyber,-72,2026-04-30 10:55:53
e4:aa:5d:fd:3e:e4:,form_cyber,-71,2026-04-30 10:55:56
e4:aa:5d:fd:3e:e4:,form_cyber,-71,2026-04-30 10:55:58
e4:aa:5d:fd:3e:e4:,form_cyber,-71,2026-04-30 10:56:02
e4:aa:5d:fd:3e:e4:,form_cyber,-75,2026-04-30 10:56:05
e4:aa:5d:fd:3e:e4:,form_cyber,-73,2026-04-30 10:56:09
e4:aa:5d:fd:3e:e4:,form_cyber,-73,2026-04-30 10:56:12
e4:aa:5d:fd:3e:e4:,form_cyber,-74,2026-04-30 10:56:14
e4:aa:5d:fd:3e:e4:,form_cyber,-72,2026-04-30 10:56:18
e4:aa:5d:fd:3e:e4:,form_cyber,-83,2026-04-30 10:56:23
e4:aa:5d:fd:3e:e4:,form_cyber,-76,2026-04-30 10:56:27
e4:aa:5d:fd:3e:e4:,form_cyber,-76,2026-04-30 10:56:29
e4:aa:5d:fd:3e:e4:,form_cyber,-80,2026-04-30 10:56:32
e4:aa:5d:fd:3e:e4:,form_cyber,-69,2026-04-30 10:56:35
e4:aa:5d:fd:3e:e4:,form_cyber,-69,2026-04-30 10:56:38
e4:aa:5d:fd:3e:e4:,form_cyber,-84,2026-04-30 10:56:41
e4:aa:5d:fd:3e:e4:,form_cyber,-74,2026-04-30 10:56:43
e4:aa:5d:fd:3e:e4:,form_cyber,-87,2026-04-30 10:56:52
e4:aa:5d:fd:3e:e4:,form_cyber,-72,2026-04-30 10:56:56
e4:aa:5d:fd:3e:e4:,form_cyber,-72,2026-04-30 10:57:00
e4:aa:5d:fd:3e:e4:,form_cyber,-77,2026-04-30 10:57:04
e4:aa:5d:fd:3e:e4:,form_cyber,-76,2026-04-30 10:57:07
e4:aa:5d:fd:3e:e4:,form_cyber,-76,2026-04-30 10:57:11
e4:aa:5d:fd:3e:e4:,form_cyber,-78,2026-04-30 10:57:14
e4:aa:5d:fd:3e:e4:,form_cyber,-78,2026-04-30 10:57:16
e4:aa:5d:fd:3e:e4:,form_cyber,-78,2026-04-30 10:57:20
e4:aa:5d:fd:3e:e4:,form_cyber,-74,2026-04-30 10:57:28
e4:aa:5d:fd:3e:e4:,form_cyber,-73,2026-04-30 10:57:33
e4:aa:5d:fd:3e:e4:,form_cyber,-73,2026-04-30 10:57:36
e4:aa:5d:fd:3e:e4:,form_cyber,-78,2026-04-30 10:57:39
e4:aa:5d:fd:3e:e4:,form_cyber,-69,2026-04-30 10:57:42
e4:aa:5d:fd:3e:e4:,form_cyber,-69,2026-04-30 10:57:46
e4:aa:5d:fd:3e:e4:,form_cyber,-78,2026-04-30 10:57:50
e4:aa:5d:fd:3e:e4:,form_cyber,-78,2026-04-30 10:57:53
e4:aa:5d:fd:3e:e4:,form_cyber,-78,2026-04-30 10:57:57
e4:aa:5d:fd:3e:e4:,form_cyber,-76,2026-04-30 10:58:00
e4:aa:5d:fd:3e:e4:,form_cyber,-81,2026-04-30 10:58:03
e4:aa:5d:fd:3e:e4:,form_cyber,-81,2026-04-30 10:58:06
e4:aa:5d:fd:3e:e4:,form_cyber,-77,2026-04-30 10:58:12
e4:aa:5d:fd:3e:e4:,form_cyber,-78,2026-04-30 10:58:16
e4:aa:5d:fd:3e:e4:,form_cyber,-79,2026-04-30 10:58:20
f8:6b:d9:01:93:65:,Hidden,-56,2026-04-30 10:55:21
f8:6b:d9:01:93:65:,Hidden,-55,2026-04-30 10:55:24
f8:6b:d9:01:93:65:,Hidden,-55,2026-04-30 10:55:27
f8:6b:d9:01:93:65:,Hidden,-51,2026-04-30 10:55:30
f8:6b:d9:01:93:65:,Hidden,-55,2026-04-30 10:55:33
f8:6b:d9:01:93:65:,Hidden,-55,2026-04-30 10:55:36
f8:6b:d9:01:93:65:,Hidden,-53,2026-04-30 10:55:39
f8:6b:d9:01:93:65:,Hidden,-53,2026-04-30 10:55:42
f8:6b:d9:01:93:65:,Hidden,-51,2026-04-30 10:55:48
f8:6b:d9:01:93:65:,Hidden,-59,2026-04-30 10:55:51
f8:6b:d9:01:93:65:,Hidden,-59,2026-04-30 10:55:53
f8:6b:d9:01:93:65:,Hidden,-52,2026-04-30 10:55:56
f8:6b:d9:01:93:65:,Hidden,-54,2026-04-30 10:55:58
f8:6b:d9:01:93:65:,Hidden,-54,2026-04-30 10:56:02
f8:6b:d9:01:93:65:,Hidden,-47,2026-04-30 10:56:05
f8:6b:d9:01:93:65:,Hidden,-46,2026-04-30 10:56:09
f8:6b:d9:01:93:65:,Hidden,-46,2026-04-30 10:56:12
f8:6b:d9:01:93:65:,Hidden,-48,2026-04-30 10:56:14
f8:6b:d9:01:93:65:,Hidden,-48,2026-04-30 10:56:18
f8:6b:d9:01:93:65:,Hidden,-45,2026-04-30 10:56:23
f8:6b:d9:01:93:65:,Hidden,-51,2026-04-30 10:56:27
f8:6b:d9:01:93:65:,Hidden,-51,2026-04-30 10:56:29
f8:6b:d9:01:93:65:,Hidden,-45,2026-04-30 10:56:32
f8:6b:d9:01:93:65:,Hidden,-56,2026-04-30 10:56:35
f8:6b:d9:01:93:65:,Hidden,-56,2026-04-30 10:56:38
f8:6b:d9:01:93:65:,Hidden,-52,2026-04-30 10:56:41
f8:6b:d9:01:93:65:,Hidden,-52,2026-04-30 10:56:43
f8:6b:d9:01:93:65:,Hidden,-47,2026-04-30 10:56:52
f8:6b:d9:01:93:65:,Hidden,-47,2026-04-30 10:56:56
f8:6b:d9:01:93:65:,Hidden,-47,2026-04-30 10:57:00
f8:6b:d9:01:93:65:,Hidden,-47,2026-04-30 10:57:04
f8:6b:d9:01:93:65:,Hidden,-47,2026-04-30 10:57:07
f8:6b:d9:01:93:65:,Hidden,-47,2026-04-30 10:57:11
f8:6b:d9:01:93:65:,Hidden,-51,2026-04-30 10:57:14
f8:6b:d9:01:93:65:,Hidden,-58,2026-04-30 10:57:16
f8:6b:d9:01:93:65:,Hidden,-58,2026-04-30 10:57:20
f8:6b:d9:01:93:65:,Hidden,-52,2026-04-30 10:57:28
f8:6b:d9:01:93:65:,Hidden,-55,2026-04-30 10:57:33
f8:6b:d9:01:93:65:,Hidden,-55,2026-04-30 10:57:36
f8:6b:d9:01:93:65:,Hidden,-48,2026-04-30 10:57:39
f8:6b:d9:01:93:65:,Hidden,-48,2026-04-30 10:57:42
f8:6b:d9:01:93:65:,Hidden,-48,2026-04-30 10:57:46
f8:6b:d9:01:93:65:,Hidden,-50,2026-04-30 10:57:50
f8:6b:d9:01:93:65:,Hidden,-50,2026-04-30 10:57:53
f8:6b:d9:01:93:65:,Hidden,-50,2026-04-30 10:57:57
f8:6b:d9:01:93:65:,Hidden,-52,2026-04-30 10:58:00
f8:6b:d9:01:93:65:,Hidden,-52,2026-04-30 10:58:03
f8:6b:d9:01:93:65:,Hidden,-52,2026-04-30 10:58:06
f8:6b:d9:01:93:65:,Hidden,-57,2026-04-30 10:58:12
f8:6b:d9:01:93:65:,Hidden,-50,2026-04-30 10:58:16
f8:6b:d9:01:93:65:,Hidden,-50,2026-04-30 10:58:20
f8:6b:d9:01:93:6a:,Hidden,-61,2026-04-30 10:55:21
f8:6b:d9:01:93:6a:,Hidden,-58,2026-04-30 10:55:24
f8:6b:d9:01:93:6a:,Hidden,-58,2026-04-30 10:55:27
f8:6b:d9:01:93:6a:,Hidden,-65,2026-04-30 10:55:30
f8:6b:d9:01:93:6a:,Hidden,-51,2026-04-30 10:55:33
f8:6b:d9:01:93:6a:,Hidden,-51,2026-04-30 10:55:36
f8:6b:d9:01:93:6a:,Hidden,-58,2026-04-30 10:55:39
f8:6b:d9:01:93:6a:,Hidden,-57,2026-04-30 10:55:42
f8:6b:d9:01:93:6a:,Hidden,-61,2026-04-30 10:55:48
f8:6b:d9:01:93:6a:,Hidden,-50,2026-04-30 10:55:51
f8:6b:d9:01:93:6a:,Hidden,-50,2026-04-30 10:55:53
f8:6b:d9:01:93:6a:,Hidden,-57,2026-04-30 10:55:56
f8:6b:d9:01:93:6a:,Hidden,-51,2026-04-30 10:55:58
f8:6b:d9:01:93:6a:,Hidden,-51,2026-04-30 10:56:02
f8:6b:d9:01:93:6a:,Hidden,-68,2026-04-30 10:56:05
f8:6b:d9:01:93:6a:,Hidden,-50,2026-04-30 10:56:09
f8:6b:d9:01:93:6a:,Hidden,-50,2026-04-30 10:56:12
f8:6b:d9:01:93:6a:,Hidden,-61,2026-04-30 10:56:14
f8:6b:d9:01:93:6a:,Hidden,-52,2026-04-30 10:56:18
f8:6b:d9:01:93:6a:,Hidden,-50,2026-04-30 10:56:23
f8:6b:d9:01:93:6a:,Hidden,-48,2026-04-30 10:56:27
f8:6b:d9:01:93:6a:,Hidden,-48,2026-04-30 10:56:29
f8:6b:d9:01:93:6a:,Hidden,-57,2026-04-30 10:56:32
f8:6b:d9:01:93:6a:,Hidden,-53,2026-04-30 10:56:35
f8:6b:d9:01:93:6a:,Hidden,-53,2026-04-30 10:56:38
f8:6b:d9:01:93:6a:,Hidden,-64,2026-04-30 10:56:41
f8:6b:d9:01:93:6a:,Hidden,-58,2026-04-30 10:56:43
f8:6b:d9:01:93:6a:,Hidden,-58,2026-04-30 10:56:52
f8:6b:d9:01:93:6a:,Hidden,-53,2026-04-30 10:56:56
f8:6b:d9:01:93:6a:,Hidden,-53,2026-04-30 10:57:00
f8:6b:d9:01:93:6a:,Hidden,-56,2026-04-30 10:57:04
f8:6b:d9:01:93:6a:,Hidden,-54,2026-04-30 10:57:07
f8:6b:d9:01:93:6a:,Hidden,-54,2026-04-30 10:57:11
f8:6b:d9:01:93:6a:,Hidden,-58,2026-04-30 10:57:14
f8:6b:d9:01:93:6a:,Hidden,-58,2026-04-30 10:57:16
f8:6b:d9:01:93:6a:,Hidden,-58,2026-04-30 10:57:20
f8:6b:d9:01:93:6a:,Hidden,-56,2026-04-30 10:57:28
f8:6b:d9:01:93:6a:,Hidden,-52,2026-04-30 10:57:33
f8:6b:d9:01:93:6a:,Hidden,-52,2026-04-30 10:57:36
f8:6b:d9:01:93:6a:,Hidden,-56,2026-04-30 10:57:39
f8:6b:d9:01:93:6a:,Hidden,-61,2026-04-30 10:57:42
f8:6b:d9:01:93:6a:,Hidden,-61,2026-04-30 10:57:46
f8:6b:d9:01:93:6a:,Hidden,-61,2026-04-30 10:57:50
f8:6b:d9:01:93:6a:,Hidden,-61,2026-04-30 10:57:53
f8:6b:d9:01:93:6a:,Hidden,-61,2026-04-30 10:57:57
f8:6b:d9:01:93:6a:,Hidden,-64,2026-04-30 10:58:00
f8:6b:d9:01:93:6a:,Hidden,-58,2026-04-30 10:58:03
f8:6b:d9:01:93:6a:,Hidden,-58,2026-04-30 10:58:06
f8:6b:d9:01:93:6a:,Hidden,-60,2026-04-30 10:58:12
f8:6b:d9:01:93:6a:,Hidden,-57,2026-04-30 10:58:16
f8:6b:d9:01:93:6a:,Hidden,-49,2026-04-30 10:58:20
ac:2a:a1:7e:df:6a:,Hidden,-85,2026-04-30 10:55:21
ac:2a:a1:7e:df:6a:,Hidden,-85,2026-04-30 10:55:24
ac:2a:a1:7e:df:6a:,Hidden,-85,2026-04-30 10:55:27
ac:2a:a1:7e:df:6a:,Hidden,-85,2026-04-30 10:55:30
ac:2a:a1:7e:df:6a:,Hidden,-69,2026-04-30 10:55:33
ac:2a:a1:7e:df:6a:,Hidden,-69,2026-04-30 10:55:36
ac:2a:a1:7e:df:6a:,Hidden,-84,2026-04-30 10:55:39
ac:2a:a1:7e:df:6a:,Hidden,-71,2026-04-30 10:55:42
ac:2a:a1:7e:df:6a:,Hidden,-77,2026-04-30 10:55:48
ac:2a:a1:7e:df:6a:,Hidden,-71,2026-04-30 10:55:51
ac:2a:a1:7e:df:6a:,Hidden,-71,2026-04-30 10:55:53
ac:2a:a1:7e:df:6a:,Hidden,-88,2026-04-30 10:55:56
ac:2a:a1:7e:df:6a:,Hidden,-76,2026-04-30 10:55:58
ac:2a:a1:7e:df:6a:,Hidden,-76,2026-04-30 10:56:02
ac:2a:a1:7e:df:6a:,Hidden,-80,2026-04-30 10:56:05
ac:2a:a1:7e:df:6a:,Hidden,-75,2026-04-30 10:56:09
ac:2a:a1:7e:df:6a:,Hidden,-75,2026-04-30 10:56:12
ac:2a:a1:7e:df:6a:,Hidden,-75,2026-04-30 10:56:14
ac:2a:a1:7e:df:6a:,Hidden,-76,2026-04-30 10:56:18
ac:2a:a1:7e:df:6a:,Hidden,-76,2026-04-30 10:56:23
ac:2a:a1:7e:df:6a:,Hidden,-78,2026-04-30 10:56:27
ac:2a:a1:7e:df:6a:,Hidden,-78,2026-04-30 10:56:29
ac:2a:a1:7e:df:6a:,Hidden,-78,2026-04-30 10:56:32
ac:2a:a1:7e:df:6a:,Hidden,-81,2026-04-30 10:56:35
ac:2a:a1:7e:df:6a:,Hidden,-81,2026-04-30 10:56:38
ac:2a:a1:7e:df:6a:,Hidden,-81,2026-04-30 10:56:41
ac:2a:a1:7e:df:6a:,Hidden,-81,2026-04-30 10:56:43
ac:2a:a1:7e:df:6a:,Hidden,-79,2026-04-30 10:56:52
ac:2a:a1:7e:df:6a:,Hidden,-79,2026-04-30 10:56:56
ac:2a:a1:7e:df:6a:,Hidden,-79,2026-04-30 10:57:00
ac:2a:a1:7e:df:6a:,Hidden,-81,2026-04-30 10:57:04
ac:2a:a1:7e:df:6a:,Hidden,-75,2026-04-30 10:57:07
ac:2a:a1:7e:df:6a:,Hidden,-75,2026-04-30 10:57:11
ac:2a:a1:7e:df:6a:,Hidden,-82,2026-04-30 10:57:14
ac:2a:a1:7e:df:6a:,Hidden,-80,2026-04-30 10:57:16
ac:2a:a1:7e:df:6a:,Hidden,-80,2026-04-30 10:57:20
ac:2a:a1:7e:df:6a:,Hidden,-80,2026-04-30 10:57:28
ac:2a:a1:7e:df:6a:,Hidden,-85,2026-04-30 10:57:33
ac:2a:a1:7e:df:6a:,Hidden,-85,2026-04-30 10:57:36
ac:2a:a1:7e:df:6a:,Hidden,-85,2026-04-30 10:57:39
ac:2a:a1:7e:df:6a:,Hidden,-82,2026-04-30 10:57:42
ac:2a:a1:7e:df:6a:,Hidden,-82,2026-04-30 10:57:46
ac:2a:a1:7e:df:6a:,Hidden,-82,2026-04-30 10:57:50
ac:2a:a1:7e:df:6a:,Hidden,-83,2026-04-30 10:57:53
ac:2a:a1:7e:df:6a:,Hidden,-83,2026-04-30 10:57:57
ac:2a:a1:7e:df:6a:,Hidden,-83,2026-04-30 10:58:00
ac:2a:a1:7e:df:6a:,Hidden,-83,2026-04-30 10:58:03
ac:2a:a1:7e:df:6a:,Hidden,-83,2026-04-30 10:58:06
ac:2a:a1:7e:df:6a:,Hidden,-78,2026-04-30 10:58:12
ac:2a:a1:7e:df:6a:,Hidden,-83,2026-04-30 10:58:16
ac:2a:a1:7e:df:6a:,Hidden,-75,2026-04-30 10:58:20
f8:6b:d9:01:85:2a:,Hidden,-76,2026-04-30 10:55:21
f8:6b:d9:01:85:2a:,Hidden,-76,2026-04-30 10:55:24
f8:6b:d9:01:85:2a:,Hidden,-76,2026-04-30 10:55:27
f8:6b:d9:01:85:2a:,Hidden,-82,2026-04-30 10:55:30
f8:6b:d9:01:85:2a:,Hidden,-77,2026-04-30 10:55:33
f8:6b:d9:01:85:2a:,Hidden,-77,2026-04-30 10:55:36
f8:6b:d9:01:85:2a:,Hidden,-86,2026-04-30 10:55:39
f8:6b:d9:01:85:2a:,Hidden,-74,2026-04-30 10:55:42
f8:6b:d9:01:85:2a:,Hidden,-82,2026-04-30 10:55:48
f8:6b:d9:01:85:2a:,Hidden,-78,2026-04-30 10:55:51
f8:6b:d9:01:85:2a:,Hidden,-78,2026-04-30 10:55:53
f8:6b:d9:01:85:2a:,Hidden,-85,2026-04-30 10:55:56
f8:6b:d9:01:85:2a:,Hidden,-85,2026-04-30 10:55:58
f8:6b:d9:01:85:2a:,Hidden,-85,2026-04-30 10:56:02
f8:6b:d9:01:85:2a:,Hidden,-85,2026-04-30 10:56:05
f8:6b:d9:01:85:2a:,Hidden,-85,2026-04-30 10:56:09
f8:6b:d9:01:85:2a:,Hidden,-85,2026-04-30 10:56:12
f8:6b:d9:01:85:2a:,Hidden,-85,2026-04-30 10:56:14
f8:6b:d9:01:85:2a:,Hidden,-81,2026-04-30 10:56:18
f8:6b:d9:01:85:2a:,Hidden,-81,2026-04-30 10:56:23
f8:6b:d9:01:85:2a:,Hidden,-84,2026-04-30 10:56:27
f8:6b:d9:01:85:2a:,Hidden,-84,2026-04-30 10:56:29
f8:6b:d9:01:85:2a:,Hidden,-82,2026-04-30 10:56:32
f8:6b:d9:01:85:2a:,Hidden,-82,2026-04-30 10:56:35
f8:6b:d9:01:85:2a:,Hidden,-82,2026-04-30 10:56:38
f8:6b:d9:01:85:2a:,Hidden,-82,2026-04-30 10:56:41
f8:6b:d9:01:85:2a:,Hidden,-83,2026-04-30 10:56:43
f8:6b:d9:01:85:2a:,Hidden,-84,2026-04-30 10:56:52
f8:6b:d9:01:85:2a:,Hidden,-84,2026-04-30 10:56:56
f8:6b:d9:01:85:2a:,Hidden,-84,2026-04-30 10:57:00
f8:6b:d9:01:85:2a:,Hidden,-84,2026-04-30 10:57:04
f8:6b:d9:01:85:2a:,Hidden,-84,2026-04-30 10:57:07
f8:6b:d9:01:85:2a:,Hidden,-84,2026-04-30 10:57:11
f8:6b:d9:01:85:2a:,Hidden,-88,2026-04-30 10:57:14
f8:6b:d9:01:85:2a:,Hidden,-77,2026-04-30 10:57:16
f8:6b:d9:01:85:2a:,Hidden,-77,2026-04-30 10:57:20
f8:6b:d9:01:85:2a:,Hidden,-78,2026-04-30 10:57:28
f8:6b:d9:01:85:2a:,Hidden,-77,2026-04-30 10:57:33
f8:6b:d9:01:85:2a:,Hidden,-77,2026-04-30 10:57:36
f8:6b:d9:01:85:2a:,Hidden,-78,2026-04-30 10:57:39
f8:6b:d9:01:85:2a:,Hidden,-83,2026-04-30 10:57:42
f8:6b:d9:01:85:2a:,Hidden,-83,2026-04-30 10:57:46
f8:6b:d9:01:85:2a:,Hidden,-83,2026-04-30 10:57:50
f8:6b:d9:01:85:2a:,Hidden,-72,2026-04-30 10:57:53
f8:6b:d9:01:85:2a:,Hidden,-72,2026-04-30 10:57:57
f8:6b:d9:01:85:2a:,Hidden,-72,2026-04-30 10:58:00
f8:6b:d9:01:85:2a:,Hidden,-74,2026-04-30 10:58:03
f8:6b:d9:01:85:2a:,Hidden,-74,2026-04-30 10:58:06
f8:6b:d9:01:85:2a:,Hidden,-75,2026-04-30 10:58:12
f8:6b:d9:01:85:2a:,Hidden,-82,2026-04-30 10:58:16
f8:6b:d9:01:85:2a:,Hidden,-82,2026-04-30 10:58:20
e4:aa:5d:bf:25:5a:,Hidden,-82,2026-04-30 10:55:21
e4:aa:5d:bf:25:5a:,Hidden,-82,2026-04-30 10:55:24
e4:aa:5d:bf:25:5a:,Hidden,-82,2026-04-30 10:55:27
e4:aa:5d:bf:25:5a:,Hidden,-82,2026-04-30 10:55:30
e4:aa:5d:bf:25:5a:,Hidden,-82,2026-04-30 10:55:33
e4:aa:5d:bf:25:5a:,Hidden,-82,2026-04-30 10:55:36
e4:aa:5d:bf:25:5a:,Hidden,-82,2026-04-30 10:55:39
e4:aa:5d:bf:25:5a:,Hidden,-82,2026-04-30 10:55:42
e4:aa:5d:bf:25:5a:,Hidden,-82,2026-04-30 10:55:48
e4:aa:5d:bf:25:5a:,Hidden,-82,2026-04-30 10:55:51
e4:aa:5d:bf:25:5a:,Hidden,-82,2026-04-30 10:55:53
e4:aa:5d:bf:25:5a:,Hidden,-82,2026-04-30 10:55:56
e4:aa:5d:bf:25:5a:,Hidden,-75,2026-04-30 10:55:58
e4:aa:5d:bf:25:5a:,Hidden,-75,2026-04-30 10:56:02
e4:aa:5d:bf:25:5a:,Hidden,-75,2026-04-30 10:56:05
e4:aa:5d:bf:25:5a:,Hidden,-67,2026-04-30 10:56:09
e4:aa:5d:bf:25:5a:,Hidden,-67,2026-04-30 10:56:12
e4:aa:5d:bf:25:5a:,Hidden,-79,2026-04-30 10:56:14
e4:aa:5d:bf:25:5a:,Hidden,-79,2026-04-30 10:56:18
e4:aa:5d:bf:25:5a:,Hidden,-75,2026-04-30 10:56:23
e4:aa:5d:bf:25:5a:,Hidden,-75,2026-04-30 10:56:27
e4:aa:5d:bf:25:5a:,Hidden,-75,2026-04-30 10:56:29
e4:aa:5d:bf:25:5a:,Hidden,-75,2026-04-30 10:56:32
e4:aa:5d:bf:25:5a:,Hidden,-77,2026-04-30 10:56:35
e4:aa:5d:bf:25:5a:,Hidden,-77,2026-04-30 10:56:38
e4:aa:5d:bf:25:5a:,Hidden,-77,2026-04-30 10:56:41
e4:aa:5d:bf:25:5a:,Hidden,-77,2026-04-30 10:56:43
e4:aa:5d:bf:25:5a:,Hidden,-77,2026-04-30 10:56:52
e4:aa:5d:bf:25:5a:,Hidden,-77,2026-04-30 10:56:56
e4:aa:5d:bf:25:5a:,Hidden,-77,2026-04-30 10:57:00
e4:aa:5d:bf:25:5a:,Hidden,-77,2026-04-30 10:57:04
e4:aa:5d:bf:25:5a:,Hidden,-77,2026-04-30 10:57:07
e4:aa:5d:bf:25:5a:,Hidden,-77,2026-04-30 10:57:11
e4:aa:5d:bf:25:5a:,Hidden,-77,2026-04-30 10:57:14
e4:aa:5d:bf:25:5a:,Hidden,-78,2026-04-30 10:57:16
e4:aa:5d:bf:25:5a:,Hidden,-78,2026-04-30 10:57:20
e4:aa:5d:bf:25:5a:,Hidden,-78,2026-04-30 10:57:28
e4:aa:5d:bf:25:5a:,Hidden,-78,2026-04-30 10:57:33
e4:aa:5d:bf:25:5a:,Hidden,-78,2026-04-30 10:57:36
e4:aa:5d:bf:25:5a:,Hidden,-78,2026-04-30 10:57:39
e4:aa:5d:bf:25:5a:,Hidden,-78,2026-04-30 10:57:42
e4:aa:5d:bf:25:5a:,Hidden,-78,2026-04-30 10:57:46
e4:aa:5d:bf:25:5a:,Hidden,-78,2026-04-30 10:57:50
e4:aa:5d:bf:25:5a:,Hidden,-83,2026-04-30 10:57:53
e4:aa:5d:bf:25:5a:,Hidden,-83,2026-04-30 10:57:57
e4:aa:5d:bf:25:5a:,Hidden,-83,2026-04-30 10:58:00
e4:aa:5d:bf:25:5a:,Hidden,-83,2026-04-30 10:58:03
e4:aa:5d:bf:25:5a:,Hidden,-83,2026-04-30 10:58:06
e4:aa:5d:bf:25:5a:,Hidden,-77,2026-04-30 10:58:12
e4:aa:5d:bf:25:5a:,Hidden,-77,2026-04-30 10:58:16
e4:aa:5d:bf:25:5a:,Hidden,-77,2026-04-30 10:58:20
e4:aa:5d:fd:3e:ea:,Hidden,-83,2026-04-30 10:55:21
e4:aa:5d:fd:3e:ea:,Hidden,-62,2026-04-30 10:55:24
e4:aa:5d:fd:3e:ea:,Hidden,-62,2026-04-30 10:55:27
e4:aa:5d:fd:3e:ea:,Hidden,-65,2026-04-30 10:55:30
e4:aa:5d:fd:3e:ea:,Hidden,-79,2026-04-30 10:55:33
e4:aa:5d:fd:3e:ea:,Hidden,-79,2026-04-30 10:55:36
e4:aa:5d:fd:3e:ea:,Hidden,-80,2026-04-30 10:55:39
e4:aa:5d:fd:3e:ea:,Hidden,-69,2026-04-30 10:55:42
e4:aa:5d:fd:3e:ea:,Hidden,-73,2026-04-30 10:55:48
e4:aa:5d:fd:3e:ea:,Hidden,-73,2026-04-30 10:55:51
e4:aa:5d:fd:3e:ea:,Hidden,-73,2026-04-30 10:55:53
e4:aa:5d:fd:3e:ea:,Hidden,-70,2026-04-30 10:55:56
e4:aa:5d:fd:3e:ea:,Hidden,-71,2026-04-30 10:55:58
e4:aa:5d:fd:3e:ea:,Hidden,-71,2026-04-30 10:56:02
e4:aa:5d:fd:3e:ea:,Hidden,-74,2026-04-30 10:56:05
e4:aa:5d:fd:3e:ea:,Hidden,-75,2026-04-30 10:56:09
e4:aa:5d:fd:3e:ea:,Hidden,-75,2026-04-30 10:56:12
e4:aa:5d:fd:3e:ea:,Hidden,-77,2026-04-30 10:56:14
e4:aa:5d:fd:3e:ea:,Hidden,-72,2026-04-30 10:56:18
e4:aa:5d:fd:3e:ea:,Hidden,-84,2026-04-30 10:56:23
e4:aa:5d:fd:3e:ea:,Hidden,-76,2026-04-30 10:56:27
e4:aa:5d:fd:3e:ea:,Hidden,-76,2026-04-30 10:56:29
e4:aa:5d:fd:3e:ea:,Hidden,-81,2026-04-30 10:56:32
e4:aa:5d:fd:3e:ea:,Hidden,-69,2026-04-30 10:56:35
e4:aa:5d:fd:3e:ea:,Hidden,-69,2026-04-30 10:56:38
e4:aa:5d:fd:3e:ea:,Hidden,-84,2026-04-30 10:56:41
e4:aa:5d:fd:3e:ea:,Hidden,-77,2026-04-30 10:56:43
e4:aa:5d:fd:3e:ea:,Hidden,-77,2026-04-30 10:56:52
e4:aa:5d:fd:3e:ea:,Hidden,-75,2026-04-30 10:56:56
e4:aa:5d:fd:3e:ea:,Hidden,-75,2026-04-30 10:57:00
e4:aa:5d:fd:3e:ea:,Hidden,-75,2026-04-30 10:57:04
e4:aa:5d:fd:3e:ea:,Hidden,-76,2026-04-30 10:57:07
e4:aa:5d:fd:3e:ea:,Hidden,-76,2026-04-30 10:57:11
e4:aa:5d:fd:3e:ea:,Hidden,-78,2026-04-30 10:57:14
e4:aa:5d:fd:3e:ea:,Hidden,-79,2026-04-30 10:57:16
e4:aa:5d:fd:3e:ea:,Hidden,-79,2026-04-30 10:57:20
e4:aa:5d:fd:3e:ea:,Hidden,-74,2026-04-30 10:57:28
e4:aa:5d:fd:3e:ea:,Hidden,-75,2026-04-30 10:57:33
e4:aa:5d:fd:3e:ea:,Hidden,-75,2026-04-30 10:57:36
e4:aa:5d:fd:3e:ea:,Hidden,-75,2026-04-30 10:57:39
e4:aa:5d:fd:3e:ea:,Hidden,-70,2026-04-30 10:57:42
e4:aa:5d:fd:3e:ea:,Hidden,-70,2026-04-30 10:57:46
e4:aa:5d:fd:3e:ea:,Hidden,-78,2026-04-30 10:57:50
e4:aa:5d:fd:3e:ea:,Hidden,-81,2026-04-30 10:57:53
e4:aa:5d:fd:3e:ea:,Hidden,-81,2026-04-30 10:57:57
e4:aa:5d:fd:3e:ea:,Hidden,-79,2026-04-30 10:58:00
e4:aa:5d:fd:3e:ea:,Hidden,-79,2026-04-30 10:58:03
e4:aa:5d:fd:3e:ea:,Hidden,-79,2026-04-30 10:58:06
e4:aa:5d:fd:3e:ea:,Hidden,-77,2026-04-30 10:58:12
e4:aa:5d:fd:3e:ea:,Hidden,-78,2026-04-30 10:58:16
e4:aa:5d:fd:3e:ea:,Hidden,-74,2026-04-30 10:58:20
e4:aa:5d:bf:25:55:,Hidden,-66,2026-04-30 10:55:21
e4:aa:5d:bf:25:55:,Hidden,-66,2026-04-30 10:55:24
e4:aa:5d:bf:25:55:,Hidden,-66,2026-04-30 10:55:27
e4:aa:5d:bf:25:55:,Hidden,-66,2026-04-30 10:55:30
e4:aa:5d:bf:25:55:,Hidden,-64,2026-04-30 10:55:36
e4:aa:5d:bf:25:55:,Hidden,-64,2026-04-30 10:55:39
e4:aa:5d:bf:25:55:,Hidden,-64,2026-04-30 10:55:42
e4:aa:5d:bf:25:55:,Hidden,-68,2026-04-30 10:55:48
e4:aa:5d:bf:25:55:,Hidden,-68,2026-04-30 10:55:51
e4:aa:5d:bf:25:55:,Hidden,-68,2026-04-30 10:55:53
e4:aa:5d:bf:25:55:,Hidden,-56,2026-04-30 10:55:56
e4:aa:5d:bf:25:55:,Hidden,-56,2026-04-30 10:55:58
e4:aa:5d:bf:25:55:,Hidden,-56,2026-04-30 10:56:02
e4:aa:5d:bf:25:55:,Hidden,-61,2026-04-30 10:56:05
e4:aa:5d:bf:25:55:,Hidden,-61,2026-04-30 10:56:09
e4:aa:5d:bf:25:55:,Hidden,-64,2026-04-30 10:56:12
e4:aa:5d:bf:25:55:,Hidden,-60,2026-04-30 10:56:14
e4:aa:5d:bf:25:55:,Hidden,-60,2026-04-30 10:56:18
e4:aa:5d:bf:25:55:,Hidden,-58,2026-04-30 10:56:23
e4:aa:5d:bf:25:55:,Hidden,-58,2026-04-30 10:56:27
e4:aa:5d:bf:25:55:,Hidden,-61,2026-04-30 10:56:29
e4:aa:5d:bf:25:55:,Hidden,-60,2026-04-30 10:56:32
e4:aa:5d:bf:25:55:,Hidden,-60,2026-04-30 10:56:35
e4:aa:5d:bf:25:55:,Hidden,-60,2026-04-30 10:56:38
e4:aa:5d:bf:25:55:,Hidden,-66,2026-04-30 10:56:41
e4:aa:5d:bf:25:55:,Hidden,-66,2026-04-30 10:56:43
e4:aa:5d:bf:25:55:,Hidden,-64,2026-04-30 10:56:52
e4:aa:5d:bf:25:55:,Hidden,-64,2026-04-30 10:56:56
e4:aa:5d:bf:25:55:,Hidden,-67,2026-04-30 10:57:00
e4:aa:5d:bf:25:55:,Hidden,-60,2026-04-30 10:57:04
e4:aa:5d:bf:25:55:,Hidden,-60,2026-04-30 10:57:07
e4:aa:5d:bf:25:55:,Hidden,-63,2026-04-30 10:57:11
e4:aa:5d:bf:25:55:,Hidden,-57,2026-04-30 10:57:14
e4:aa:5d:bf:25:55:,Hidden,-57,2026-04-30 10:57:16
e4:aa:5d:bf:25:55:,Hidden,-67,2026-04-30 10:57:20
e4:aa:5d:bf:25:55:,Hidden,-60,2026-04-30 10:57:28
e4:aa:5d:bf:25:55:,Hidden,-60,2026-04-30 10:57:33
e4:aa:5d:bf:25:55:,Hidden,-61,2026-04-30 10:57:36
e4:aa:5d:bf:25:55:,Hidden,-57,2026-04-30 10:57:39
e4:aa:5d:bf:25:55:,Hidden,-57,2026-04-30 10:57:42
e4:aa:5d:bf:25:55:,Hidden,-70,2026-04-30 10:57:46
e4:aa:5d:bf:25:55:,Hidden,-57,2026-04-30 10:57:50
e4:aa:5d:bf:25:55:,Hidden,-57,2026-04-30 10:57:53
e4:aa:5d:bf:25:55:,Hidden,-65,2026-04-30 10:57:57
e4:aa:5d:bf:25:55:,Hidden,-67,2026-04-30 10:58:00
e4:aa:5d:bf:25:55:,Hidden,-67,2026-04-30 10:58:03
e4:aa:5d:bf:25:55:,Hidden,-64,2026-04-30 10:58:06
e4:aa:5d:bf:25:55:,Hidden,-61,2026-04-30 10:58:12
e4:aa:5d:bf:25:55:,Hidden,-54,2026-04-30 10:58:16
e4:aa:5d:bf:25:55:,Hidden,-54,2026-04-30 10:58:20
f8:6b:d9:01:85:27:,UTTetudiants,-80,2026-04-30 10:55:24
f8:6b:d9:01:85:27:,UTTetudiants,-80,2026-04-30 10:55:24
f8:6b:d9:01:85:27:,UTTetudiants,-80,2026-04-30 10:55:27
f8:6b:d9:01:85:27:,UTTetudiants,-80,2026-04-30 10:55:27
f8:6b:d9:01:85:27:,UTTetudiants,-84,2026-04-30 10:55:30
f8:6b:d9:01:85:27:,UTTetudiants,-84,2026-04-30 10:55:30
f8:6b:d9:01:85:27:,UTTetudiants,-84,2026-04-30 10:55:30
f8:6b:d9:01:85:27:,UTTetudiants,-78,2026-04-30 10:55:33
f8:6b:d9:01:85:27:,UTTetudiants,-84,2026-04-30 10:55:33
f8:6b:d9:01:85:27:,UTTetudiants,-78,2026-04-30 10:55:33
f8:6b:d9:01:85:27:,UTTetudiants,-78,2026-04-30 10:55:36
f8:6b:d9:01:85:27:,UTTetudiants,-84,2026-04-30 10:55:36
f8:6b:d9:01:85:27:,UTTetudiants,-78,2026-04-30 10:55:36
f8:6b:d9:01:85:27:,UTTetudiants,-86,2026-04-30 10:55:39
f8:6b:d9:01:85:27:,UTTetudiants,-84,2026-04-30 10:55:39
f8:6b:d9:01:85:27:,UTTetudiants,-86,2026-04-30 10:55:39
f8:6b:d9:01:85:27:,UTTetudiants,-75,2026-04-30 10:55:42
f8:6b:d9:01:85:27:,UTTetudiants,-84,2026-04-30 10:55:42
f8:6b:d9:01:85:27:,UTTetudiants,-75,2026-04-30 10:55:42
f8:6b:d9:01:85:27:,UTTetudiants,-83,2026-04-30 10:55:48
f8:6b:d9:01:85:27:,UTTetudiants,-84,2026-04-30 10:55:48
f8:6b:d9:01:85:27:,UTTetudiants,-83,2026-04-30 10:55:48
f8:6b:d9:01:85:27:,UTTetudiants,-78,2026-04-30 10:55:51
f8:6b:d9:01:85:27:,UTTetudiants,-84,2026-04-30 10:55:51
f8:6b:d9:01:85:27:,UTTetudiants,-78,2026-04-30 10:55:51
f8:6b:d9:01:85:27:,UTTetudiants,-78,2026-04-30 10:55:53
f8:6b:d9:01:85:27:,UTTetudiants,-83,2026-04-30 10:55:53
f8:6b:d9:01:85:27:,UTTetudiants,-78,2026-04-30 10:55:53
f8:6b:d9:01:85:27:,UTTetudiants,-85,2026-04-30 10:55:56
f8:6b:d9:01:85:27:,UTTetudiants,-85,2026-04-30 10:55:56
f8:6b:d9:01:85:27:,UTTetudiants,-85,2026-04-30 10:55:56
f8:6b:d9:01:85:27:,UTTetudiants,-85,2026-04-30 10:55:58
f8:6b:d9:01:85:27:,UTTetudiants,-85,2026-04-30 10:55:58
f8:6b:d9:01:85:27:,UTTetudiants,-85,2026-04-30 10:55:58
f8:6b:d9:01:85:27:,UTTetudiants,-85,2026-04-30 10:56:02
f8:6b:d9:01:85:27:,UTTetudiants,-86,2026-04-30 10:56:02
f8:6b:d9:01:85:27:,UTTetudiants,-85,2026-04-30 10:56:02
f8:6b:d9:01:85:27:,UTTetudiants,-85,2026-04-30 10:56:05
f8:6b:d9:01:85:27:,UTTetudiants,-87,2026-04-30 10:56:05
f8:6b:d9:01:85:27:,UTTetudiants,-85,2026-04-30 10:56:05
f8:6b:d9:01:85:27:,UTTetudiants,-85,2026-04-30 10:56:09
f8:6b:d9:01:85:27:,UTTetudiants,-87,2026-04-30 10:56:09
f8:6b:d9:01:85:27:,UTTetudiants,-85,2026-04-30 10:56:09
f8:6b:d9:01:85:27:,UTTetudiants,-85,2026-04-30 10:56:12
f8:6b:d9:01:85:27:,UTTetudiants,-85,2026-04-30 10:56:12
f8:6b:d9:01:85:27:,UTTetudiants,-85,2026-04-30 10:56:12
f8:6b:d9:01:85:27:,UTTetudiants,-84,2026-04-30 10:56:14
f8:6b:d9:01:85:27:,UTTetudiants,-85,2026-04-30 10:56:14
f8:6b:d9:01:85:27:,UTTetudiants,-84,2026-04-30 10:56:14
f8:6b:d9:01:85:27:,UTTetudiants,-81,2026-04-30 10:56:18
f8:6b:d9:01:85:27:,UTTetudiants,-85,2026-04-30 10:56:18
f8:6b:d9:01:85:27:,UTTetudiants,-81,2026-04-30 10:56:18
f8:6b:d9:01:85:27:,UTTetudiants,-91,2026-04-30 10:56:23
f8:6b:d9:01:85:27:,UTTetudiants,-85,2026-04-30 10:56:23
f8:6b:d9:01:85:27:,UTTetudiants,-91,2026-04-30 10:56:23
f8:6b:d9:01:85:27:,UTTetudiants,-83,2026-04-30 10:56:27
f8:6b:d9:01:85:27:,UTTetudiants,-85,2026-04-30 10:56:27
f8:6b:d9:01:85:27:,UTTetudiants,-83,2026-04-30 10:56:27
f8:6b:d9:01:85:27:,UTTetudiants,-83,2026-04-30 10:56:29
f8:6b:d9:01:85:27:,UTTetudiants,-85,2026-04-30 10:56:29
f8:6b:d9:01:85:27:,UTTetudiants,-83,2026-04-30 10:56:29
f8:6b:d9:01:85:27:,UTTetudiants,-82,2026-04-30 10:56:32
f8:6b:d9:01:85:27:,UTTetudiants,-86,2026-04-30 10:56:32
f8:6b:d9:01:85:27:,UTTetudiants,-82,2026-04-30 10:56:32
f8:6b:d9:01:85:27:,UTTetudiants,-82,2026-04-30 10:56:35
f8:6b:d9:01:85:27:,UTTetudiants,-86,2026-04-30 10:56:35
f8:6b:d9:01:85:27:,UTTetudiants,-82,2026-04-30 10:56:35
f8:6b:d9:01:85:27:,UTTetudiants,-82,2026-04-30 10:56:38
f8:6b:d9:01:85:27:,UTTetudiants,-86,2026-04-30 10:56:38
f8:6b:d9:01:85:27:,UTTetudiants,-82,2026-04-30 10:56:38
f8:6b:d9:01:85:27:,UTTetudiants,-82,2026-04-30 10:56:41
f8:6b:d9:01:85:27:,UTTetudiants,-86,2026-04-30 10:56:41
f8:6b:d9:01:85:27:,UTTetudiants,-82,2026-04-30 10:56:41
f8:6b:d9:01:85:27:,UTTetudiants,-82,2026-04-30 10:56:43
f8:6b:d9:01:85:27:,UTTetudiants,-86,2026-04-30 10:56:43
f8:6b:d9:01:85:27:,UTTetudiants,-82,2026-04-30 10:56:43
f8:6b:d9:01:85:27:,UTTetudiants,-85,2026-04-30 10:56:52
f8:6b:d9:01:85:27:,UTTetudiants,-86,2026-04-30 10:56:52
f8:6b:d9:01:85:27:,UTTetudiants,-85,2026-04-30 10:56:52
f8:6b:d9:01:85:27:,UTTetudiants,-79,2026-04-30 10:56:56
f8:6b:d9:01:85:27:,UTTetudiants,-86,2026-04-30 10:56:56
f8:6b:d9:01:85:27:,UTTetudiants,-79,2026-04-30 10:56:56
f8:6b:d9:01:85:27:,UTTetudiants,-79,2026-04-30 10:57:00
f8:6b:d9:01:85:27:,UTTetudiants,-84,2026-04-30 10:57:00
f8:6b:d9:01:85:27:,UTTetudiants,-79,2026-04-30 10:57:00
f8:6b:d9:01:85:27:,UTTetudiants,-88,2026-04-30 10:57:04
f8:6b:d9:01:85:27:,UTTetudiants,-86,2026-04-30 10:57:04
f8:6b:d9:01:85:27:,UTTetudiants,-88,2026-04-30 10:57:04
f8:6b:d9:01:85:27:,UTTetudiants,-77,2026-04-30 10:57:07
f8:6b:d9:01:85:27:,UTTetudiants,-86,2026-04-30 10:57:07
f8:6b:d9:01:85:27:,UTTetudiants,-77,2026-04-30 10:57:07
f8:6b:d9:01:85:27:,UTTetudiants,-77,2026-04-30 10:57:11
f8:6b:d9:01:85:27:,UTTetudiants,-79,2026-04-30 10:57:11
f8:6b:d9:01:85:27:,UTTetudiants,-77,2026-04-30 10:57:11
f8:6b:d9:01:85:27:,UTTetudiants,-87,2026-04-30 10:57:14
f8:6b:d9:01:85:27:,UTTetudiants,-79,2026-04-30 10:57:14
f8:6b:d9:01:85:27:,UTTetudiants,-87,2026-04-30 10:57:14
f8:6b:d9:01:85:27:,UTTetudiants,-77,2026-04-30 10:57:16
f8:6b:d9:01:85:27:,UTTetudiants,-79,2026-04-30 10:57:16
f8:6b:d9:01:85:27:,UTTetudiants,-77,2026-04-30 10:57:16
f8:6b:d9:01:85:27:,UTTetudiants,-77,2026-04-30 10:57:20
f8:6b:d9:01:85:27:,UTTetudiants,-86,2026-04-30 10:57:20
f8:6b:d9:01:85:27:,UTTetudiants,-77,2026-04-30 10:57:20
f8:6b:d9:01:85:27:,UTTetudiants,-79,2026-04-30 10:57:28
f8:6b:d9:01:85:27:,UTTetudiants,-81,2026-04-30 10:57:28
f8:6b:d9:01:85:27:,UTTetudiants,-79,2026-04-30 10:57:28
f8:6b:d9:01:85:27:,UTTetudiants,-78,2026-04-30 10:57:33
f8:6b:d9:01:85:27:,UTTetudiants,-81,2026-04-30 10:57:33
f8:6b:d9:01:85:27:,UTTetudiants,-78,2026-04-30 10:57:33
f8:6b:d9:01:85:27:,UTTetudiants,-78,2026-04-30 10:57:36
f8:6b:d9:01:85:27:,UTTetudiants,-83,2026-04-30 10:57:36
f8:6b:d9:01:85:27:,UTTetudiants,-78,2026-04-30 10:57:36
f8:6b:d9:01:85:27:,UTTetudiants,-77,2026-04-30 10:57:39
f8:6b:d9:01:85:27:,UTTetudiants,-85,2026-04-30 10:57:39
f8:6b:d9:01:85:27:,UTTetudiants,-77,2026-04-30 10:57:39
f8:6b:d9:01:85:27:,UTTetudiants,-84,2026-04-30 10:57:42
f8:6b:d9:01:85:27:,UTTetudiants,-85,2026-04-30 10:57:42
f8:6b:d9:01:85:27:,UTTetudiants,-84,2026-04-30 10:57:42
f8:6b:d9:01:85:27:,UTTetudiants,-84,2026-04-30 10:57:46
f8:6b:d9:01:85:27:,UTTetudiants,-85,2026-04-30 10:57:46
f8:6b:d9:01:85:27:,UTTetudiants,-84,2026-04-30 10:57:46
f8:6b:d9:01:85:27:,UTTetudiants,-83,2026-04-30 10:57:50
f8:6b:d9:01:85:27:,UTTetudiants,-82,2026-04-30 10:57:50
f8:6b:d9:01:85:27:,UTTetudiants,-83,2026-04-30 10:57:50
f8:6b:d9:01:85:27:,UTTetudiants,-72,2026-04-30 10:57:53
f8:6b:d9:01:85:27:,UTTetudiants,-82,2026-04-30 10:57:53
f8:6b:d9:01:85:27:,UTTetudiants,-72,2026-04-30 10:57:53
f8:6b:d9:01:85:27:,UTTetudiants,-72,2026-04-30 10:57:57
f8:6b:d9:01:85:27:,UTTetudiants,-82,2026-04-30 10:57:57
f8:6b:d9:01:85:27:,UTTetudiants,-72,2026-04-30 10:57:57
f8:6b:d9:01:85:27:,UTTetudiants,-86,2026-04-30 10:58:00
f8:6b:d9:01:85:27:,UTTetudiants,-86,2026-04-30 10:58:00
f8:6b:d9:01:85:27:,UTTetudiants,-86,2026-04-30 10:58:00
f8:6b:d9:01:85:27:,UTTetudiants,-77,2026-04-30 10:58:03
f8:6b:d9:01:85:27:,UTTetudiants,-86,2026-04-30 10:58:03
f8:6b:d9:01:85:27:,UTTetudiants,-77,2026-04-30 10:58:03
f8:6b:d9:01:85:27:,UTTetudiants,-77,2026-04-30 10:58:06
f8:6b:d9:01:85:27:,UTTetudiants,-86,2026-04-30 10:58:06
f8:6b:d9:01:85:27:,UTTetudiants,-77,2026-04-30 10:58:06
f8:6b:d9:01:85:27:,UTTetudiants,-74,2026-04-30 10:58:12
f8:6b:d9:01:85:27:,UTTetudiants,-84,2026-04-30 10:58:12
f8:6b:d9:01:85:27:,UTTetudiants,-74,2026-04-30 10:58:12
f8:6b:d9:01:85:27:,UTTetudiants,-80,2026-04-30 10:58:16
f8:6b:d9:01:85:27:,UTTetudiants,-84,2026-04-30 10:58:16
f8:6b:d9:01:85:27:,UTTetudiants,-80,2026-04-30 10:58:16
f8:6b:d9:01:85:27:,UTTetudiants,-83,2026-04-30 10:58:20
f8:6b:d9:01:85:27:,UTTetudiants,-84,2026-04-30 10:58:20
f8:6b:d9:01:85:27:,UTTetudiants,-83,2026-04-30 10:58:20
f8:6b:d9:95:d8:88:,UTTpersonnels,-83,2026-04-30 10:55:24
f8:6b:d9:95:d8:88:,UTTpersonnels,-83,2026-04-30 10:55:27
f8:6b:d9:95:d8:88:,UTTpersonnels,-85,2026-04-30 10:55:30
f8:6b:d9:95:d8:88:,UTTpersonnels,-87,2026-04-30 10:55:30
f8:6b:d9:95:d8:88:,UTTpersonnels,-85,2026-04-30 10:55:30
f8:6b:d9:95:d8:88:,UTTpersonnels,-85,2026-04-30 10:55:33
f8:6b:d9:95:d8:88:,UTTpersonnels,-84,2026-04-30 10:55:33
f8:6b:d9:95:d8:88:,UTTpersonnels,-85,2026-04-30 10:55:33
f8:6b:d9:95:d8:88:,UTTpersonnels,-85,2026-04-30 10:55:36
f8:6b:d9:95:d8:88:,UTTpersonnels,-84,2026-04-30 10:55:36
f8:6b:d9:95:d8:88:,UTTpersonnels,-85,2026-04-30 10:55:36
f8:6b:d9:95:d8:88:,UTTpersonnels,-85,2026-04-30 10:55:39
f8:6b:d9:95:d8:88:,UTTpersonnels,-84,2026-04-30 10:55:39
f8:6b:d9:95:d8:88:,UTTpersonnels,-85,2026-04-30 10:55:39
f8:6b:d9:95:d8:88:,UTTpersonnels,-85,2026-04-30 10:55:42
f8:6b:d9:95:d8:88:,UTTpersonnels,-85,2026-04-30 10:55:42
f8:6b:d9:95:d8:88:,UTTpersonnels,-85,2026-04-30 10:55:42
f8:6b:d9:95:d8:88:,UTTpersonnels,-85,2026-04-30 10:55:48
f8:6b:d9:95:d8:88:,UTTpersonnels,-85,2026-04-30 10:55:48
f8:6b:d9:95:d8:88:,UTTpersonnels,-85,2026-04-30 10:55:48
f8:6b:d9:95:d8:88:,UTTpersonnels,-85,2026-04-30 10:55:51
f8:6b:d9:95:d8:88:,UTTpersonnels,-85,2026-04-30 10:55:51
f8:6b:d9:95:d8:88:,UTTpersonnels,-85,2026-04-30 10:55:51
f8:6b:d9:95:d8:88:,UTTpersonnels,-85,2026-04-30 10:55:53
f8:6b:d9:95:d8:88:,UTTpersonnels,-85,2026-04-30 10:55:53
f8:6b:d9:95:d8:88:,UTTpersonnels,-85,2026-04-30 10:55:53
f8:6b:d9:95:d8:88:,UTTpersonnels,-85,2026-04-30 10:55:56
f8:6b:d9:95:d8:88:,UTTpersonnels,-85,2026-04-30 10:55:56
f8:6b:d9:95:d8:88:,UTTpersonnels,-85,2026-04-30 10:55:56
f8:6b:d9:95:d8:88:,UTTpersonnels,-85,2026-04-30 10:55:58
f8:6b:d9:95:d8:88:,UTTpersonnels,-85,2026-04-30 10:55:58
f8:6b:d9:95:d8:88:,UTTpersonnels,-85,2026-04-30 10:55:58
f8:6b:d9:95:d8:88:,UTTpersonnels,-85,2026-04-30 10:56:02
f8:6b:d9:95:d8:88:,UTTpersonnels,-85,2026-04-30 10:56:02
f8:6b:d9:95:d8:88:,UTTpersonnels,-85,2026-04-30 10:56:02
f8:6b:d9:95:d8:88:,UTTpersonnels,-85,2026-04-30 10:56:05
f8:6b:d9:95:d8:88:,UTTpersonnels,-85,2026-04-30 10:56:05
f8:6b:d9:95:d8:88:,UTTpersonnels,-85,2026-04-30 10:56:05
f8:6b:d9:95:d8:88:,UTTpersonnels,-85,2026-04-30 10:56:09
f8:6b:d9:95:d8:88:,UTTpersonnels,-85,2026-04-30 10:56:09
f8:6b:d9:95:d8:88:,UTTpersonnels,-85,2026-04-30 10:56:09
f8:6b:d9:95:d8:88:,UTTpersonnels,-85,2026-04-30 10:56:12
f8:6b:d9:95:d8:88:,UTTpersonnels,-85,2026-04-30 10:56:12
f8:6b:d9:95:d8:88:,UTTpersonnels,-85,2026-04-30 10:56:12
f8:6b:d9:95:d8:88:,UTTpersonnels,-85,2026-04-30 10:56:14
f8:6b:d9:95:d8:88:,UTTpersonnels,-85,2026-04-30 10:56:14
f8:6b:d9:95:d8:88:,UTTpersonnels,-85,2026-04-30 10:56:14
f8:6b:d9:95:d8:88:,UTTpersonnels,-85,2026-04-30 10:56:18
f8:6b:d9:95:d8:88:,UTTpersonnels,-85,2026-04-30 10:56:18
f8:6b:d9:95:d8:88:,UTTpersonnels,-85,2026-04-30 10:56:18
f8:6b:d9:95:d8:88:,UTTpersonnels,-85,2026-04-30 10:56:23
f8:6b:d9:95:d8:88:,UTTpersonnels,-85,2026-04-30 10:56:23
f8:6b:d9:95:d8:88:,UTTpersonnels,-85,2026-04-30 10:56:23
f8:6b:d9:95:d8:88:,UTTpersonnels,-85,2026-04-30 10:56:27
f8:6b:d9:95:d8:88:,UTTpersonnels,-85,2026-04-30 10:56:27
f8:6b:d9:95:d8:88:,UTTpersonnels,-85,2026-04-30 10:56:27
f8:6b:d9:95:d8:88:,UTTpersonnels,-85,2026-04-30 10:56:29
f8:6b:d9:95:d8:88:,UTTpersonnels,-85,2026-04-30 10:56:29
f8:6b:d9:95:d8:88:,UTTpersonnels,-85,2026-04-30 10:56:29
f8:6b:d9:95:d8:88:,UTTpersonnels,-85,2026-04-30 10:56:32
f8:6b:d9:95:d8:88:,UTTpersonnels,-85,2026-04-30 10:56:32
f8:6b:d9:95:d8:88:,UTTpersonnels,-85,2026-04-30 10:56:32
f8:6b:d9:95:d8:88:,UTTpersonnels,-85,2026-04-30 10:56:35
f8:6b:d9:95:d8:88:,UTTpersonnels,-85,2026-04-30 10:56:35
f8:6b:d9:95:d8:88:,UTTpersonnels,-85,2026-04-30 10:56:35
f8:6b:d9:95:d8:88:,UTTpersonnels,-85,2026-04-30 10:56:38
f8:6b:d9:95:d8:88:,UTTpersonnels,-85,2026-04-30 10:56:38
f8:6b:d9:95:d8:88:,UTTpersonnels,-85,2026-04-30 10:56:38
f8:6b:d9:95:d8:88:,UTTpersonnels,-85,2026-04-30 10:56:41
f8:6b:d9:95:d8:88:,UTTpersonnels,-85,2026-04-30 10:56:41
f8:6b:d9:95:d8:88:,UTTpersonnels,-85,2026-04-30 10:56:41
f8:6b:d9:95:d8:88:,UTTpersonnels,-85,2026-04-30 10:56:43
f8:6b:d9:95:d8:88:,UTTpersonnels,-85,2026-04-30 10:56:43
f8:6b:d9:95:d8:88:,UTTpersonnels,-85,2026-04-30 10:56:43
f8:6b:d9:95:d8:88:,UTTpersonnels,-85,2026-04-30 10:56:52
f8:6b:d9:95:d8:88:,UTTpersonnels,-85,2026-04-30 10:56:52
f8:6b:d9:95:d8:88:,UTTpersonnels,-85,2026-04-30 10:56:52
f8:6b:d9:95:d8:88:,UTTpersonnels,-85,2026-04-30 10:56:56
f8:6b:d9:95:d8:88:,UTTpersonnels,-85,2026-04-30 10:56:56
f8:6b:d9:95:d8:88:,UTTpersonnels,-85,2026-04-30 10:56:56
f8:6b:d9:95:d8:88:,UTTpersonnels,-85,2026-04-30 10:57:00
f8:6b:d9:95:d8:88:,UTTpersonnels,-85,2026-04-30 10:57:00
f8:6b:d9:95:d8:88:,UTTpersonnels,-85,2026-04-30 10:57:00
f8:6b:d9:95:d8:88:,UTTpersonnels,-85,2026-04-30 10:57:04
f8:6b:d9:95:d8:88:,UTTpersonnels,-85,2026-04-30 10:57:04
f8:6b:d9:95:d8:88:,UTTpersonnels,-85,2026-04-30 10:57:04
f8:6b:d9:95:d8:88:,UTTpersonnels,-85,2026-04-30 10:57:07
f8:6b:d9:95:d8:88:,UTTpersonnels,-85,2026-04-30 10:57:07
f8:6b:d9:95:d8:88:,UTTpersonnels,-85,2026-04-30 10:57:07
f8:6b:d9:95:d8:88:,UTTpersonnels,-85,2026-04-30 10:57:11
f8:6b:d9:95:d8:88:,UTTpersonnels,-85,2026-04-30 10:57:11
f8:6b:d9:95:d8:88:,UTTpersonnels,-85,2026-04-30 10:57:11
f8:6b:d9:95:d8:88:,UTTpersonnels,-85,2026-04-30 10:57:14
f8:6b:d9:95:d8:88:,UTTpersonnels,-85,2026-04-30 10:57:14
f8:6b:d9:95:d8:88:,UTTpersonnels,-85,2026-04-30 10:57:14
f8:6b:d9:95:d8:88:,UTTpersonnels,-85,2026-04-30 10:57:16
f8:6b:d9:95:d8:88:,UTTpersonnels,-89,2026-04-30 10:57:16
f8:6b:d9:95:d8:88:,UTTpersonnels,-85,2026-04-30 10:57:16
f8:6b:d9:95:d8:88:,UTTpersonnels,-85,2026-04-30 10:57:20
f8:6b:d9:95:d8:88:,UTTpersonnels,-89,2026-04-30 10:57:20
f8:6b:d9:95:d8:88:,UTTpersonnels,-85,2026-04-30 10:57:20
f8:6b:d9:95:d8:88:,UTTpersonnels,-85,2026-04-30 10:57:28
f8:6b:d9:95:d8:88:,UTTpersonnels,-89,2026-04-30 10:57:28
f8:6b:d9:95:d8:88:,UTTpersonnels,-85,2026-04-30 10:57:28
f8:6b:d9:95:d8:88:,UTTpersonnels,-89,2026-04-30 10:57:33
f8:6b:d9:95:d8:88:,UTTpersonnels,-89,2026-04-30 10:57:36
f8:6b:d9:95:d8:88:,UTTpersonnels,-89,2026-04-30 10:57:39
f8:6b:d9:95:d8:88:,UTTpersonnels,-89,2026-04-30 10:57:42
f8:6b:d9:95:d8:88:,UTTpersonnels,-89,2026-04-30 10:57:46
f8:6b:d9:95:d8:88:,UTTpersonnels,-89,2026-04-30 10:57:50
f8:6b:d9:95:d8:88:,UTTpersonnels,-89,2026-04-30 10:57:53
f8:6b:d9:95:d8:88:,UTTpersonnels,-89,2026-04-30 10:57:57
f8:6b:d9:95:d8:88:,UTTpersonnels,-89,2026-04-30 10:58:00
f8:6b:d9:95:d8:88:,UTTpersonnels,-89,2026-04-30 10:58:03
f8:6b:d9:95:d8:88:,UTTpersonnels,-89,2026-04-30 10:58:06
f8:6b:d9:95:d8:88:,UTTpersonnels,-89,2026-04-30 10:58:12
f8:6b:d9:95:d8:88:,UTTpersonnels,-89,2026-04-30 10:58:16
f8:6b:d9:95:d8:88:,UTTpersonnels,-89,2026-04-30 10:58:20
f8:6b:d9:01:85:28:,UTTpersonnels,-81,2026-04-30 10:55:24
f8:6b:d9:01:85:28:,UTTpersonnels,-81,2026-04-30 10:55:27
f8:6b:d9:01:85:28:,UTTpersonnels,-84,2026-04-30 10:55:30
f8:6b:d9:01:85:28:,UTTpersonnels,-83,2026-04-30 10:55:30
f8:6b:d9:01:85:28:,UTTpersonnels,-84,2026-04-30 10:55:30
f8:6b:d9:01:85:28:,UTTpersonnels,-84,2026-04-30 10:55:33
f8:6b:d9:01:85:28:,UTTpersonnels,-77,2026-04-30 10:55:33
f8:6b:d9:01:85:28:,UTTpersonnels,-84,2026-04-30 10:55:33
f8:6b:d9:01:85:28:,UTTpersonnels,-84,2026-04-30 10:55:36
f8:6b:d9:01:85:28:,UTTpersonnels,-77,2026-04-30 10:55:36
f8:6b:d9:01:85:28:,UTTpersonnels,-84,2026-04-30 10:55:36
f8:6b:d9:01:85:28:,UTTpersonnels,-84,2026-04-30 10:55:39
f8:6b:d9:01:85:28:,UTTpersonnels,-86,2026-04-30 10:55:39
f8:6b:d9:01:85:28:,UTTpersonnels,-84,2026-04-30 10:55:39
f8:6b:d9:01:85:28:,UTTpersonnels,-84,2026-04-30 10:55:42
f8:6b:d9:01:85:28:,UTTpersonnels,-75,2026-04-30 10:55:42
f8:6b:d9:01:85:28:,UTTpersonnels,-84,2026-04-30 10:55:42
f8:6b:d9:01:85:28:,UTTpersonnels,-84,2026-04-30 10:55:48
f8:6b:d9:01:85:28:,UTTpersonnels,-81,2026-04-30 10:55:48
f8:6b:d9:01:85:28:,UTTpersonnels,-84,2026-04-30 10:55:48
f8:6b:d9:01:85:28:,UTTpersonnels,-84,2026-04-30 10:55:51
f8:6b:d9:01:85:28:,UTTpersonnels,-79,2026-04-30 10:55:51
f8:6b:d9:01:85:28:,UTTpersonnels,-84,2026-04-30 10:55:51
f8:6b:d9:01:85:28:,UTTpersonnels,-84,2026-04-30 10:55:53
f8:6b:d9:01:85:28:,UTTpersonnels,-79,2026-04-30 10:55:53
f8:6b:d9:01:85:28:,UTTpersonnels,-84,2026-04-30 10:55:53
f8:6b:d9:01:85:28:,UTTpersonnels,-85,2026-04-30 10:55:56
f8:6b:d9:01:85:28:,UTTpersonnels,-87,2026-04-30 10:55:56
f8:6b:d9:01:85:28:,UTTpersonnels,-85,2026-04-30 10:55:56
f8:6b:d9:01:85:28:,UTTpersonnels,-85,2026-04-30 10:55:58
f8:6b:d9:01:85:28:,UTTpersonnels,-87,2026-04-30 10:55:58
f8:6b:d9:01:85:28:,UTTpersonnels,-85,2026-04-30 10:55:58
f8:6b:d9:01:85:28:,UTTpersonnels,-86,2026-04-30 10:56:02
f8:6b:d9:01:85:28:,UTTpersonnels,-87,2026-04-30 10:56:02
f8:6b:d9:01:85:28:,UTTpersonnels,-86,2026-04-30 10:56:02
f8:6b:d9:01:85:28:,UTTpersonnels,-86,2026-04-30 10:56:05
f8:6b:d9:01:85:28:,UTTpersonnels,-87,2026-04-30 10:56:05
f8:6b:d9:01:85:28:,UTTpersonnels,-86,2026-04-30 10:56:05
f8:6b:d9:01:85:28:,UTTpersonnels,-86,2026-04-30 10:56:09
f8:6b:d9:01:85:28:,UTTpersonnels,-82,2026-04-30 10:56:09
f8:6b:d9:01:85:28:,UTTpersonnels,-86,2026-04-30 10:56:09
f8:6b:d9:01:85:28:,UTTpersonnels,-85,2026-04-30 10:56:12
f8:6b:d9:01:85:28:,UTTpersonnels,-82,2026-04-30 10:56:12
f8:6b:d9:01:85:28:,UTTpersonnels,-85,2026-04-30 10:56:12
f8:6b:d9:01:85:28:,UTTpersonnels,-85,2026-04-30 10:56:14
f8:6b:d9:01:85:28:,UTTpersonnels,-89,2026-04-30 10:56:14
f8:6b:d9:01:85:28:,UTTpersonnels,-85,2026-04-30 10:56:14
f8:6b:d9:01:85:28:,UTTpersonnels,-85,2026-04-30 10:56:18
f8:6b:d9:01:85:28:,UTTpersonnels,-80,2026-04-30 10:56:18
f8:6b:d9:01:85:28:,UTTpersonnels,-85,2026-04-30 10:56:18
f8:6b:d9:01:85:28:,UTTpersonnels,-84,2026-04-30 10:56:23
f8:6b:d9:01:85:28:,UTTpersonnels,-88,2026-04-30 10:56:23
f8:6b:d9:01:85:28:,UTTpersonnels,-84,2026-04-30 10:56:23
f8:6b:d9:01:85:28:,UTTpersonnels,-84,2026-04-30 10:56:27
f8:6b:d9:01:85:28:,UTTpersonnels,-83,2026-04-30 10:56:27
f8:6b:d9:01:85:28:,UTTpersonnels,-84,2026-04-30 10:56:27
f8:6b:d9:01:85:28:,UTTpersonnels,-87,2026-04-30 10:56:29
f8:6b:d9:01:85:28:,UTTpersonnels,-83,2026-04-30 10:56:29
f8:6b:d9:01:85:28:,UTTpersonnels,-87,2026-04-30 10:56:29
f8:6b:d9:01:85:28:,UTTpersonnels,-86,2026-04-30 10:56:32
f8:6b:d9:01:85:28:,UTTpersonnels,-82,2026-04-30 10:56:32
f8:6b:d9:01:85:28:,UTTpersonnels,-86,2026-04-30 10:56:32
f8:6b:d9:01:85:28:,UTTpersonnels,-86,2026-04-30 10:56:35
f8:6b:d9:01:85:28:,UTTpersonnels,-82,2026-04-30 10:56:35
f8:6b:d9:01:85:28:,UTTpersonnels,-86,2026-04-30 10:56:35
f8:6b:d9:01:85:28:,UTTpersonnels,-86,2026-04-30 10:56:38
f8:6b:d9:01:85:28:,UTTpersonnels,-82,2026-04-30 10:56:38
f8:6b:d9:01:85:28:,UTTpersonnels,-86,2026-04-30 10:56:38
f8:6b:d9:01:85:28:,UTTpersonnels,-86,2026-04-30 10:56:41
f8:6b:d9:01:85:28:,UTTpersonnels,-82,2026-04-30 10:56:41
f8:6b:d9:01:85:28:,UTTpersonnels,-86,2026-04-30 10:56:41
f8:6b:d9:01:85:28:,UTTpersonnels,-86,2026-04-30 10:56:43
f8:6b:d9:01:85:28:,UTTpersonnels,-82,2026-04-30 10:56:43
f8:6b:d9:01:85:28:,UTTpersonnels,-86,2026-04-30 10:56:43
f8:6b:d9:01:85:28:,UTTpersonnels,-86,2026-04-30 10:56:52
f8:6b:d9:01:85:28:,UTTpersonnels,-85,2026-04-30 10:56:52
f8:6b:d9:01:85:28:,UTTpersonnels,-86,2026-04-30 10:56:52
f8:6b:d9:01:85:28:,UTTpersonnels,-86,2026-04-30 10:56:56
f8:6b:d9:01:85:28:,UTTpersonnels,-79,2026-04-30 10:56:56
f8:6b:d9:01:85:28:,UTTpersonnels,-86,2026-04-30 10:56:56
f8:6b:d9:01:85:28:,UTTpersonnels,-84,2026-04-30 10:57:00
f8:6b:d9:01:85:28:,UTTpersonnels,-79,2026-04-30 10:57:00
f8:6b:d9:01:85:28:,UTTpersonnels,-84,2026-04-30 10:57:00
f8:6b:d9:01:85:28:,UTTpersonnels,-86,2026-04-30 10:57:04
f8:6b:d9:01:85:28:,UTTpersonnels,-86,2026-04-30 10:57:04
f8:6b:d9:01:85:28:,UTTpersonnels,-86,2026-04-30 10:57:04
f8:6b:d9:01:85:28:,UTTpersonnels,-86,2026-04-30 10:57:07
f8:6b:d9:01:85:28:,UTTpersonnels,-77,2026-04-30 10:57:07
f8:6b:d9:01:85:28:,UTTpersonnels,-86,2026-04-30 10:57:07
f8:6b:d9:01:85:28:,UTTpersonnels,-79,2026-04-30 10:57:11
f8:6b:d9:01:85:28:,UTTpersonnels,-77,2026-04-30 10:57:11
f8:6b:d9:01:85:28:,UTTpersonnels,-79,2026-04-30 10:57:11
f8:6b:d9:01:85:28:,UTTpersonnels,-79,2026-04-30 10:57:14
f8:6b:d9:01:85:28:,UTTpersonnels,-88,2026-04-30 10:57:14
f8:6b:d9:01:85:28:,UTTpersonnels,-79,2026-04-30 10:57:14
f8:6b:d9:01:85:28:,UTTpersonnels,-79,2026-04-30 10:57:16
f8:6b:d9:01:85:28:,UTTpersonnels,-78,2026-04-30 10:57:16
f8:6b:d9:01:85:28:,UTTpersonnels,-79,2026-04-30 10:57:16
f8:6b:d9:01:85:28:,UTTpersonnels,-86,2026-04-30 10:57:20
f8:6b:d9:01:85:28:,UTTpersonnels,-78,2026-04-30 10:57:20
f8:6b:d9:01:85:28:,UTTpersonnels,-86,2026-04-30 10:57:20
f8:6b:d9:01:85:28:,UTTpersonnels,-81,2026-04-30 10:57:28
f8:6b:d9:01:85:28:,UTTpersonnels,-78,2026-04-30 10:57:28
f8:6b:d9:01:85:28:,UTTpersonnels,-81,2026-04-30 10:57:28
f8:6b:d9:01:85:28:,UTTpersonnels,-81,2026-04-30 10:57:33
f8:6b:d9:01:85:28:,UTTpersonnels,-78,2026-04-30 10:57:33
f8:6b:d9:01:85:28:,UTTpersonnels,-81,2026-04-30 10:57:33
f8:6b:d9:01:85:28:,UTTpersonnels,-83,2026-04-30 10:57:36
f8:6b:d9:01:85:28:,UTTpersonnels,-78,2026-04-30 10:57:36
f8:6b:d9:01:85:28:,UTTpersonnels,-83,2026-04-30 10:57:36
f8:6b:d9:01:85:28:,UTTpersonnels,-84,2026-04-30 10:57:39
f8:6b:d9:01:85:28:,UTTpersonnels,-78,2026-04-30 10:57:39
f8:6b:d9:01:85:28:,UTTpersonnels,-84,2026-04-30 10:57:39
f8:6b:d9:01:85:28:,UTTpersonnels,-84,2026-04-30 10:57:42
f8:6b:d9:01:85:28:,UTTpersonnels,-82,2026-04-30 10:57:42
f8:6b:d9:01:85:28:,UTTpersonnels,-84,2026-04-30 10:57:42
f8:6b:d9:01:85:28:,UTTpersonnels,-85,2026-04-30 10:57:46
f8:6b:d9:01:85:28:,UTTpersonnels,-82,2026-04-30 10:57:46
f8:6b:d9:01:85:28:,UTTpersonnels,-85,2026-04-30 10:57:46
f8:6b:d9:01:85:28:,UTTpersonnels,-83,2026-04-30 10:57:50
f8:6b:d9:01:85:28:,UTTpersonnels,-83,2026-04-30 10:57:50
f8:6b:d9:01:85:28:,UTTpersonnels,-83,2026-04-30 10:57:50
f8:6b:d9:01:85:28:,UTTpersonnels,-83,2026-04-30 10:57:53
f8:6b:d9:01:85:28:,UTTpersonnels,-71,2026-04-30 10:57:53
f8:6b:d9:01:85:28:,UTTpersonnels,-83,2026-04-30 10:57:53
f8:6b:d9:01:85:28:,UTTpersonnels,-83,2026-04-30 10:57:57
f8:6b:d9:01:85:28:,UTTpersonnels,-71,2026-04-30 10:57:57
f8:6b:d9:01:85:28:,UTTpersonnels,-83,2026-04-30 10:57:57
f8:6b:d9:01:85:28:,UTTpersonnels,-86,2026-04-30 10:58:00
f8:6b:d9:01:85:28:,UTTpersonnels,-86,2026-04-30 10:58:00
f8:6b:d9:01:85:28:,UTTpersonnels,-86,2026-04-30 10:58:00
f8:6b:d9:01:85:28:,UTTpersonnels,-86,2026-04-30 10:58:03
f8:6b:d9:01:85:28:,UTTpersonnels,-76,2026-04-30 10:58:03
f8:6b:d9:01:85:28:,UTTpersonnels,-86,2026-04-30 10:58:03
f8:6b:d9:01:85:28:,UTTpersonnels,-86,2026-04-30 10:58:06
f8:6b:d9:01:85:28:,UTTpersonnels,-76,2026-04-30 10:58:06
f8:6b:d9:01:85:28:,UTTpersonnels,-86,2026-04-30 10:58:06
f8:6b:d9:01:85:28:,UTTpersonnels,-85,2026-04-30 10:58:12
f8:6b:d9:01:85:28:,UTTpersonnels,-74,2026-04-30 10:58:12
f8:6b:d9:01:85:28:,UTTpersonnels,-85,2026-04-30 10:58:12
f8:6b:d9:01:85:28:,UTTpersonnels,-85,2026-04-30 10:58:16
f8:6b:d9:01:85:28:,UTTpersonnels,-80,2026-04-30 10:58:16
f8:6b:d9:01:85:28:,UTTpersonnels,-85,2026-04-30 10:58:16
f8:6b:d9:01:85:28:,UTTpersonnels,-85,2026-04-30 10:58:20
f8:6b:d9:01:85:28:,UTTpersonnels,-83,2026-04-30 10:58:20
f8:6b:d9:01:85:28:,UTTpersonnels,-85,2026-04-30 10:58:20
f8:6b:d9:01:85:22:,eduroam,-81,2026-04-30 10:55:24
f8:6b:d9:01:85:22:,eduroam,-81,2026-04-30 10:55:27
f8:6b:d9:01:85:22:,eduroam,-83,2026-04-30 10:55:30
f8:6b:d9:01:85:22:,eduroam,-78,2026-04-30 10:55:33
f8:6b:d9:01:85:22:,eduroam,-78,2026-04-30 10:55:36
f8:6b:d9:01:85:22:,eduroam,-85,2026-04-30 10:55:39
f8:6b:d9:01:85:22:,eduroam,-74,2026-04-30 10:55:42
f8:6b:d9:01:85:22:,eduroam,-83,2026-04-30 10:55:48
f8:6b:d9:01:85:22:,eduroam,-78,2026-04-30 10:55:51
f8:6b:d9:01:85:22:,eduroam,-78,2026-04-30 10:55:53
f8:6b:d9:01:85:22:,eduroam,-86,2026-04-30 10:55:56
f8:6b:d9:01:85:22:,eduroam,-86,2026-04-30 10:55:58
f8:6b:d9:01:85:22:,eduroam,-86,2026-04-30 10:56:02
f8:6b:d9:01:85:22:,eduroam,-86,2026-04-30 10:56:05
f8:6b:d9:01:85:22:,eduroam,-83,2026-04-30 10:56:09
f8:6b:d9:01:85:22:,eduroam,-83,2026-04-30 10:56:12
f8:6b:d9:01:85:22:,eduroam,-85,2026-04-30 10:56:14
f8:6b:d9:01:85:22:,eduroam,-81,2026-04-30 10:56:18
f8:6b:d9:01:85:22:,eduroam,-85,2026-04-30 10:56:23
f8:6b:d9:01:85:22:,eduroam,-83,2026-04-30 10:56:27
f8:6b:d9:01:85:22:,eduroam,-83,2026-04-30 10:56:29
f8:6b:d9:01:85:22:,eduroam,-82,2026-04-30 10:56:32
f8:6b:d9:01:85:22:,eduroam,-82,2026-04-30 10:56:35
f8:6b:d9:01:85:22:,eduroam,-82,2026-04-30 10:56:38
f8:6b:d9:01:85:22:,eduroam,-82,2026-04-30 10:56:41
f8:6b:d9:01:85:22:,eduroam,-84,2026-04-30 10:56:43
f8:6b:d9:01:85:22:,eduroam,-86,2026-04-30 10:56:52
f8:6b:d9:01:85:22:,eduroam,-80,2026-04-30 10:56:56
f8:6b:d9:01:85:22:,eduroam,-80,2026-04-30 10:57:00
f8:6b:d9:01:85:22:,eduroam,-87,2026-04-30 10:57:04
f8:6b:d9:01:85:22:,eduroam,-78,2026-04-30 10:57:07
f8:6b:d9:01:85:22:,eduroam,-78,2026-04-30 10:57:11
f8:6b:d9:01:85:22:,eduroam,-88,2026-04-30 10:57:14
f8:6b:d9:01:85:22:,eduroam,-78,2026-04-30 10:57:16
f8:6b:d9:01:85:22:,eduroam,-78,2026-04-30 10:57:20
f8:6b:d9:01:85:22:,eduroam,-79,2026-04-30 10:57:28
f8:6b:d9:01:85:22:,eduroam,-77,2026-04-30 10:57:33
f8:6b:d9:01:85:22:,eduroam,-77,2026-04-30 10:57:36
f8:6b:d9:01:85:22:,eduroam,-78,2026-04-30 10:57:39
f8:6b:d9:01:85:22:,eduroam,-82,2026-04-30 10:57:42
f8:6b:d9:01:85:22:,eduroam,-82,2026-04-30 10:57:46
f8:6b:d9:01:85:22:,eduroam,-84,2026-04-30 10:57:50
f8:6b:d9:01:85:22:,eduroam,-71,2026-04-30 10:57:53
f8:6b:d9:01:85:22:,eduroam,-71,2026-04-30 10:57:57
f8:6b:d9:01:85:22:,eduroam,-84,2026-04-30 10:58:00
f8:6b:d9:01:85:22:,eduroam,-76,2026-04-30 10:58:03
f8:6b:d9:01:85:22:,eduroam,-76,2026-04-30 10:58:06
f8:6b:d9:01:85:22:,eduroam,-74,2026-04-30 10:58:12
f8:6b:d9:01:85:22:,eduroam,-81,2026-04-30 10:58:16
f8:6b:d9:01:85:22:,eduroam,-84,2026-04-30 10:58:20
f8:6b:d9:01:85:21:,UTT,-81,2026-04-30 10:55:24
f8:6b:d9:01:85:21:,UTT,-81,2026-04-30 10:55:27
f8:6b:d9:01:85:21:,UTT,-85,2026-04-30 10:55:30
f8:6b:d9:01:85:21:,UTT,-79,2026-04-30 10:55:33
f8:6b:d9:01:85:21:,UTT,-79,2026-04-30 10:55:36
f8:6b:d9:01:85:21:,UTT,-87,2026-04-30 10:55:39
f8:6b:d9:01:85:21:,UTT,-74,2026-04-30 10:55:42
f8:6b:d9:01:85:21:,UTT,-83,2026-04-30 10:55:48
f8:6b:d9:01:85:21:,UTT,-78,2026-04-30 10:55:51
f8:6b:d9:01:85:21:,UTT,-78,2026-04-30 10:55:53
f8:6b:d9:01:85:21:,UTT,-85,2026-04-30 10:55:56
f8:6b:d9:01:85:21:,UTT,-85,2026-04-30 10:55:58
f8:6b:d9:01:85:21:,UTT,-85,2026-04-30 10:56:02
f8:6b:d9:01:85:21:,UTT,-85,2026-04-30 10:56:05
f8:6b:d9:01:85:21:,UTT,-83,2026-04-30 10:56:09
f8:6b:d9:01:85:21:,UTT,-83,2026-04-30 10:56:12
f8:6b:d9:01:85:21:,UTT,-89,2026-04-30 10:56:14
f8:6b:d9:01:85:21:,UTT,-80,2026-04-30 10:56:18
f8:6b:d9:01:85:21:,UTT,-87,2026-04-30 10:56:23
f8:6b:d9:01:85:21:,UTT,-83,2026-04-30 10:56:27
f8:6b:d9:01:85:21:,UTT,-83,2026-04-30 10:56:29
f8:6b:d9:01:85:21:,UTT,-81,2026-04-30 10:56:32
f8:6b:d9:01:85:21:,UTT,-81,2026-04-30 10:56:35
f8:6b:d9:01:85:21:,UTT,-81,2026-04-30 10:56:38
f8:6b:d9:01:85:21:,UTT,-81,2026-04-30 10:56:41
f8:6b:d9:01:85:21:,UTT,-83,2026-04-30 10:56:43
f8:6b:d9:01:85:21:,UTT,-86,2026-04-30 10:56:52
f8:6b:d9:01:85:21:,UTT,-79,2026-04-30 10:56:56
f8:6b:d9:01:85:21:,UTT,-79,2026-04-30 10:57:00
f8:6b:d9:01:85:21:,UTT,-88,2026-04-30 10:57:04
f8:6b:d9:01:85:21:,UTT,-77,2026-04-30 10:57:07
f8:6b:d9:01:85:21:,UTT,-77,2026-04-30 10:57:11
f8:6b:d9:01:85:21:,UTT,-88,2026-04-30 10:57:14
f8:6b:d9:01:85:21:,UTT,-79,2026-04-30 10:57:16
f8:6b:d9:01:85:21:,UTT,-79,2026-04-30 10:57:20
f8:6b:d9:01:85:21:,UTT,-79,2026-04-30 10:57:28
f8:6b:d9:01:85:21:,UTT,-78,2026-04-30 10:57:33
f8:6b:d9:01:85:21:,UTT,-78,2026-04-30 10:57:36
f8:6b:d9:01:85:21:,UTT,-78,2026-04-30 10:57:39
f8:6b:d9:01:85:21:,UTT,-81,2026-04-30 10:57:42
f8:6b:d9:01:85:21:,UTT,-81,2026-04-30 10:57:46
f8:6b:d9:01:85:21:,UTT,-86,2026-04-30 10:57:50
f8:6b:d9:01:85:21:,UTT,-72,2026-04-30 10:57:53
f8:6b:d9:01:85:21:,UTT,-72,2026-04-30 10:57:57
f8:6b:d9:01:85:21:,UTT,-85,2026-04-30 10:58:00
f8:6b:d9:01:85:21:,UTT,-76,2026-04-30 10:58:03
f8:6b:d9:01:85:21:,UTT,-76,2026-04-30 10:58:06
f8:6b:d9:01:85:21:,UTT,-74,2026-04-30 10:58:12
f8:6b:d9:01:85:21:,UTT,-81,2026-04-30 10:58:16
f8:6b:d9:01:85:21:,UTT,-82,2026-04-30 10:58:20
f8:6b:d9:01:85:24:,form_cyber,-80,2026-04-30 10:55:24
f8:6b:d9:01:85:24:,form_cyber,-80,2026-04-30 10:55:27
f8:6b:d9:01:85:24:,form_cyber,-83,2026-04-30 10:55:30
f8:6b:d9:01:85:24:,form_cyber,-77,2026-04-30 10:55:33
f8:6b:d9:01:85:24:,form_cyber,-77,2026-04-30 10:55:36
f8:6b:d9:01:85:24:,form_cyber,-86,2026-04-30 10:55:39
f8:6b:d9:01:85:24:,form_cyber,-74,2026-04-30 10:55:42
f8:6b:d9:01:85:24:,form_cyber,-83,2026-04-30 10:55:48
f8:6b:d9:01:85:24:,form_cyber,-78,2026-04-30 10:55:51
f8:6b:d9:01:85:24:,form_cyber,-78,2026-04-30 10:55:53
f8:6b:d9:01:85:24:,form_cyber,-87,2026-04-30 10:55:56
f8:6b:d9:01:85:24:,form_cyber,-87,2026-04-30 10:55:58
f8:6b:d9:01:85:24:,form_cyber,-87,2026-04-30 10:56:02
f8:6b:d9:01:85:24:,form_cyber,-87,2026-04-30 10:56:05
f8:6b:d9:01:85:24:,form_cyber,-83,2026-04-30 10:56:09
f8:6b:d9:01:85:24:,form_cyber,-83,2026-04-30 10:56:12
f8:6b:d9:01:85:24:,form_cyber,-88,2026-04-30 10:56:14
f8:6b:d9:01:85:24:,form_cyber,-81,2026-04-30 10:56:18
f8:6b:d9:01:85:24:,form_cyber,-87,2026-04-30 10:56:23
f8:6b:d9:01:85:24:,form_cyber,-84,2026-04-30 10:56:27
f8:6b:d9:01:85:24:,form_cyber,-84,2026-04-30 10:56:29
f8:6b:d9:01:85:24:,form_cyber,-81,2026-04-30 10:56:32
f8:6b:d9:01:85:24:,form_cyber,-81,2026-04-30 10:56:35
f8:6b:d9:01:85:24:,form_cyber,-81,2026-04-30 10:56:38
f8:6b:d9:01:85:24:,form_cyber,-81,2026-04-30 10:56:41
f8:6b:d9:01:85:24:,form_cyber,-84,2026-04-30 10:56:43
f8:6b:d9:01:85:24:,form_cyber,-85,2026-04-30 10:56:52
f8:6b:d9:01:85:24:,form_cyber,-80,2026-04-30 10:56:56
f8:6b:d9:01:85:24:,form_cyber,-80,2026-04-30 10:57:00
f8:6b:d9:01:85:24:,form_cyber,-87,2026-04-30 10:57:04
f8:6b:d9:01:85:24:,form_cyber,-78,2026-04-30 10:57:07
f8:6b:d9:01:85:24:,form_cyber,-78,2026-04-30 10:57:11
f8:6b:d9:01:85:24:,form_cyber,-86,2026-04-30 10:57:14
f8:6b:d9:01:85:24:,form_cyber,-77,2026-04-30 10:57:16
f8:6b:d9:01:85:24:,form_cyber,-77,2026-04-30 10:57:20
f8:6b:d9:01:85:24:,form_cyber,-80,2026-04-30 10:57:28
f8:6b:d9:01:85:24:,form_cyber,-77,2026-04-30 10:57:33
f8:6b:d9:01:85:24:,form_cyber,-77,2026-04-30 10:57:36
f8:6b:d9:01:85:24:,form_cyber,-78,2026-04-30 10:57:39
f8:6b:d9:01:85:24:,form_cyber,-82,2026-04-30 10:57:42
f8:6b:d9:01:85:24:,form_cyber,-82,2026-04-30 10:57:46
f8:6b:d9:01:85:24:,form_cyber,-81,2026-04-30 10:57:50
f8:6b:d9:01:85:24:,form_cyber,-72,2026-04-30 10:57:53
f8:6b:d9:01:85:24:,form_cyber,-72,2026-04-30 10:57:57
f8:6b:d9:01:85:24:,form_cyber,-78,2026-04-30 10:58:00
f8:6b:d9:01:85:24:,form_cyber,-75,2026-04-30 10:58:03
f8:6b:d9:01:85:24:,form_cyber,-75,2026-04-30 10:58:06
f8:6b:d9:01:85:24:,form_cyber,-74,2026-04-30 10:58:12
f8:6b:d9:01:85:24:,form_cyber,-81,2026-04-30 10:58:16
f8:6b:d9:01:85:24:,form_cyber,-84,2026-04-30 10:58:20
f8:6b:d9:95:d8:8a:,Hidden,-83,2026-04-30 10:55:24
f8:6b:d9:95:d8:8a:,Hidden,-83,2026-04-30 10:55:27
f8:6b:d9:95:d8:8a:,Hidden,-85,2026-04-30 10:55:30
f8:6b:d9:95:d8:8a:,Hidden,-83,2026-04-30 10:55:33
f8:6b:d9:95:d8:8a:,Hidden,-83,2026-04-30 10:55:36
f8:6b:d9:95:d8:8a:,Hidden,-83,2026-04-30 10:55:39
f8:6b:d9:95:d8:8a:,Hidden,-85,2026-04-30 10:55:42
f8:6b:d9:95:d8:8a:,Hidden,-85,2026-04-30 10:55:48
f8:6b:d9:95:d8:8a:,Hidden,-85,2026-04-30 10:55:51
f8:6b:d9:95:d8:8a:,Hidden,-85,2026-04-30 10:55:53
f8:6b:d9:95:d8:8a:,Hidden,-85,2026-04-30 10:55:56
f8:6b:d9:95:d8:8a:,Hidden,-85,2026-04-30 10:55:58
f8:6b:d9:95:d8:8a:,Hidden,-85,2026-04-30 10:56:02
f8:6b:d9:95:d8:8a:,Hidden,-85,2026-04-30 10:56:05
f8:6b:d9:95:d8:8a:,Hidden,-85,2026-04-30 10:56:09
f8:6b:d9:95:d8:8a:,Hidden,-85,2026-04-30 10:56:12
f8:6b:d9:95:d8:8a:,Hidden,-85,2026-04-30 10:56:14
f8:6b:d9:95:d8:8a:,Hidden,-85,2026-04-30 10:56:18
f8:6b:d9:95:d8:8a:,Hidden,-85,2026-04-30 10:56:23
f8:6b:d9:95:d8:8a:,Hidden,-85,2026-04-30 10:56:27
f8:6b:d9:95:d8:8a:,Hidden,-85,2026-04-30 10:56:29
f8:6b:d9:95:d8:8a:,Hidden,-85,2026-04-30 10:56:32
f8:6b:d9:95:d8:8a:,Hidden,-85,2026-04-30 10:56:35
f8:6b:d9:95:d8:8a:,Hidden,-85,2026-04-30 10:56:38
f8:6b:d9:95:d8:8a:,Hidden,-85,2026-04-30 10:56:41
f8:6b:d9:95:d8:8a:,Hidden,-85,2026-04-30 10:56:43
f8:6b:d9:95:d8:8a:,Hidden,-85,2026-04-30 10:56:52
f8:6b:d9:95:d8:8a:,Hidden,-85,2026-04-30 10:56:56
f8:6b:d9:95:d8:8a:,Hidden,-85,2026-04-30 10:57:00
f8:6b:d9:95:d8:8a:,Hidden,-85,2026-04-30 10:57:04
f8:6b:d9:95:d8:8a:,Hidden,-85,2026-04-30 10:57:07
f8:6b:d9:95:d8:8a:,Hidden,-85,2026-04-30 10:57:11
f8:6b:d9:95:d8:8a:,Hidden,-85,2026-04-30 10:57:14
f8:6b:d9:95:d8:8a:,Hidden,-85,2026-04-30 10:57:16
f8:6b:d9:95:d8:8a:,Hidden,-85,2026-04-30 10:57:20
f8:6b:d9:95:d8:8a:,Hidden,-85,2026-04-30 10:57:28
f8:6b:d9:95:d8:8a:,Hidden,-85,2026-04-30 10:57:33
f8:6b:d9:95:d8:8a:,Hidden,-85,2026-04-30 10:57:36
f8:6b:d9:95:d8:8a:,Hidden,-85,2026-04-30 10:57:39
ac:2a:a1:7e:df:6e:,UTT,-84,2026-04-30 10:55:27
ac:2a:a1:7e:df:6e:,UTT,-80,2026-04-30 10:55:30
ac:2a:a1:7e:df:6e:,UTT,-80,2026-04-30 10:55:33
ac:2a:a1:7e:df:6e:,UTT,-80,2026-04-30 10:55:36
ac:2a:a1:7e:df:6e:,UTT,-80,2026-04-30 10:55:39
ac:2a:a1:7e:df:6e:,UTT,-80,2026-04-30 10:55:42
ac:2a:a1:7e:df:6e:,UTT,-84,2026-04-30 10:55:48
ac:2a:a1:7e:df:6e:,UTT,-84,2026-04-30 10:55:51
ac:2a:a1:7e:df:6e:,UTT,-84,2026-04-30 10:55:53
ac:2a:a1:7e:df:6e:,UTT,-84,2026-04-30 10:55:56
ac:2a:a1:7e:df:6e:,UTT,-84,2026-04-30 10:55:58
ac:2a:a1:7e:df:6e:,UTT,-84,2026-04-30 10:56:02
ac:2a:a1:7e:df:6e:,UTT,-84,2026-04-30 10:56:05
ac:2a:a1:7e:df:6e:,UTT,-84,2026-04-30 10:56:09
ac:2a:a1:7e:df:6e:,UTT,-84,2026-04-30 10:56:12
ac:2a:a1:7e:df:6e:,UTT,-84,2026-04-30 10:56:14
ac:2a:a1:7e:df:6e:,UTT,-84,2026-04-30 10:56:18
ac:2a:a1:7e:df:6e:,UTT,-84,2026-04-30 10:56:23
ac:2a:a1:7e:df:6e:,UTT,-84,2026-04-30 10:56:27
ac:2a:a1:7e:df:6e:,UTT,-84,2026-04-30 10:56:29
ac:2a:a1:7e:df:6e:,UTT,-84,2026-04-30 10:56:32
ac:2a:a1:7e:df:6e:,UTT,-84,2026-04-30 10:56:35
ac:2a:a1:7e:df:6e:,UTT,-84,2026-04-30 10:56:38
ac:2a:a1:7e:df:6e:,UTT,-84,2026-04-30 10:56:41
ac:2a:a1:7e:df:6e:,UTT,-84,2026-04-30 10:56:43
ac:2a:a1:7e:df:6e:,UTT,-84,2026-04-30 10:56:52
ac:2a:a1:7e:df:6e:,UTT,-84,2026-04-30 10:56:56
ac:2a:a1:7e:df:6e:,UTT,-84,2026-04-30 10:57:00
ac:2a:a1:7e:df:6e:,UTT,-84,2026-04-30 10:57:04
ac:2a:a1:7e:df:6e:,UTT,-84,2026-04-30 10:57:07
ac:2a:a1:7e:df:6e:,UTT,-84,2026-04-30 10:57:11
ac:2a:a1:7e:df:6e:,UTT,-84,2026-04-30 10:57:14
ac:2a:a1:7e:df:6e:,UTT,-84,2026-04-30 10:57:16
ac:2a:a1:7e:df:6e:,UTT,-84,2026-04-30 10:57:20
ac:2a:a1:7e:df:6e:,UTT,-84,2026-04-30 10:57:28
ac:2a:a1:7e:df:6e:,UTT,-84,2026-04-30 10:57:33
ac:2a:a1:7e:df:6e:,UTT,-84,2026-04-30 10:57:36
ac:2a:a1:7e:df:6e:,UTT,-84,2026-04-30 10:57:39
ac:2a:a1:7e:df:6e:,UTT,-84,2026-04-30 10:57:42
ac:2a:a1:7e:df:6b:,form_cyber,-85,2026-04-30 10:55:27
ac:2a:a1:7e:df:6b:,form_cyber,-79,2026-04-30 10:55:30
ac:2a:a1:7e:df:6b:,form_cyber,-79,2026-04-30 10:55:33
ac:2a:a1:7e:df:6b:,form_cyber,-79,2026-04-30 10:55:36
ac:2a:a1:7e:df:6b:,form_cyber,-79,2026-04-30 10:55:39
ac:2a:a1:7e:df:6b:,form_cyber,-79,2026-04-30 10:55:42
ac:2a:a1:7e:df:6b:,form_cyber,-84,2026-04-30 10:55:48
ac:2a:a1:7e:df:6b:,form_cyber,-84,2026-04-30 10:55:51
ac:2a:a1:7e:df:6b:,form_cyber,-84,2026-04-30 10:55:53
ac:2a:a1:7e:df:6b:,form_cyber,-84,2026-04-30 10:55:56
ac:2a:a1:7e:df:6b:,form_cyber,-84,2026-04-30 10:55:58
ac:2a:a1:7e:df:6b:,form_cyber,-84,2026-04-30 10:56:02
ac:2a:a1:7e:df:6b:,form_cyber,-84,2026-04-30 10:56:05
ac:2a:a1:7e:df:6b:,form_cyber,-84,2026-04-30 10:56:09
ac:2a:a1:7e:df:6b:,form_cyber,-84,2026-04-30 10:56:12
ac:2a:a1:7e:df:6b:,form_cyber,-84,2026-04-30 10:56:14
ac:2a:a1:7e:df:6b:,form_cyber,-84,2026-04-30 10:56:18
ac:2a:a1:7e:df:6b:,form_cyber,-84,2026-04-30 10:56:23
ac:2a:a1:7e:df:6b:,form_cyber,-84,2026-04-30 10:56:27
ac:2a:a1:7e:df:6b:,form_cyber,-84,2026-04-30 10:56:29
ac:2a:a1:7e:df:6b:,form_cyber,-84,2026-04-30 10:56:32
ac:2a:a1:7e:df:6b:,form_cyber,-84,2026-04-30 10:56:35
ac:2a:a1:7e:df:6b:,form_cyber,-84,2026-04-30 10:56:38
ac:2a:a1:7e:df:6b:,form_cyber,-84,2026-04-30 10:56:41
ac:2a:a1:7e:df:6b:,form_cyber,-84,2026-04-30 10:56:43
ac:2a:a1:7e:df:6b:,form_cyber,-84,2026-04-30 10:56:52
ac:2a:a1:7e:df:6b:,form_cyber,-84,2026-04-30 10:56:56
ac:2a:a1:7e:df:6b:,form_cyber,-84,2026-04-30 10:57:00
ac:2a:a1:7e:df:6b:,form_cyber,-84,2026-04-30 10:57:04
ac:2a:a1:7e:df:6b:,form_cyber,-84,2026-04-30 10:57:07
ac:2a:a1:7e:df:6b:,form_cyber,-84,2026-04-30 10:57:11
ac:2a:a1:7e:df:6b:,form_cyber,-84,2026-04-30 10:57:14
ac:2a:a1:7e:df:6b:,form_cyber,-84,2026-04-30 10:57:16
ac:2a:a1:7e:df:6b:,form_cyber,-84,2026-04-30 10:57:20
ac:2a:a1:7e:df:6b:,form_cyber,-84,2026-04-30 10:57:28
ac:2a:a1:7e:df:6b:,form_cyber,-84,2026-04-30 10:57:33
ac:2a:a1:7e:df:6b:,form_cyber,-84,2026-04-30 10:57:36
ac:2a:a1:7e:df:6b:,form_cyber,-84,2026-04-30 10:57:39
ac:2a:a1:7e:df:6b:,form_cyber,-84,2026-04-30 10:57:42
e4:aa:5d:fd:3e:e5:,Hidden,-78,2026-04-30 10:55:27
e4:aa:5d:fd:3e:e5:,Hidden,-78,2026-04-30 10:55:30
e4:aa:5d:fd:3e:e5:,Hidden,-78,2026-04-30 10:55:33
e4:aa:5d:fd:3e:e5:,Hidden,-78,2026-04-30 10:55:36
e4:aa:5d:fd:3e:e5:,Hidden,-77,2026-04-30 10:55:39
e4:aa:5d:fd:3e:e5:,Hidden,-77,2026-04-30 10:55:42
e4:aa:5d:fd:3e:e5:,Hidden,-81,2026-04-30 10:55:48
e4:aa:5d:fd:3e:e5:,Hidden,-81,2026-04-30 10:55:51
e4:aa:5d:fd:3e:e5:,Hidden,-81,2026-04-30 10:55:53
e4:aa:5d:fd:3e:e5:,Hidden,-81,2026-04-30 10:55:56
e4:aa:5d:fd:3e:e5:,Hidden,-81,2026-04-30 10:55:58
e4:aa:5d:fd:3e:e5:,Hidden,-81,2026-04-30 10:56:02
e4:aa:5d:fd:3e:e5:,Hidden,-81,2026-04-30 10:56:05
e4:aa:5d:fd:3e:e5:,Hidden,-81,2026-04-30 10:56:09
e4:aa:5d:fd:3e:e5:,Hidden,-81,2026-04-30 10:56:12
e4:aa:5d:fd:3e:e5:,Hidden,-81,2026-04-30 10:56:14
e4:aa:5d:fd:3e:e5:,Hidden,-81,2026-04-30 10:56:18
e4:aa:5d:fd:3e:e5:,Hidden,-81,2026-04-30 10:56:23
e4:aa:5d:fd:3e:e5:,Hidden,-81,2026-04-30 10:56:27
e4:aa:5d:fd:3e:e5:,Hidden,-81,2026-04-30 10:56:29
e4:aa:5d:fd:3e:e5:,Hidden,-81,2026-04-30 10:56:32
e4:aa:5d:fd:3e:e5:,Hidden,-81,2026-04-30 10:56:35
e4:aa:5d:fd:3e:e5:,Hidden,-81,2026-04-30 10:56:38
e4:aa:5d:fd:3e:e5:,Hidden,-81,2026-04-30 10:56:41
e4:aa:5d:fd:3e:e5:,Hidden,-81,2026-04-30 10:56:43
e4:aa:5d:fd:3e:e5:,Hidden,-81,2026-04-30 10:56:52
e4:aa:5d:fd:3e:e5:,Hidden,-81,2026-04-30 10:56:56
e4:aa:5d:fd:3e:e5:,Hidden,-81,2026-04-30 10:57:00
e4:aa:5d:fd:3e:e5:,Hidden,-81,2026-04-30 10:57:04
e4:aa:5d:fd:3e:e5:,Hidden,-81,2026-04-30 10:57:07
e4:aa:5d:fd:3e:e5:,Hidden,-81,2026-04-30 10:57:11
e4:aa:5d:fd:3e:e5:,Hidden,-81,2026-04-30 10:57:14
e4:aa:5d:fd:3e:e5:,Hidden,-81,2026-04-30 10:57:16
e4:aa:5d:fd:3e:e5:,Hidden,-81,2026-04-30 10:57:20
e4:aa:5d:fd:3e:e5:,Hidden,-81,2026-04-30 10:57:28
e4:aa:5d:fd:3e:e5:,Hidden,-81,2026-04-30 10:57:33
e4:aa:5d:fd:3e:e5:,Hidden,-81,2026-04-30 10:57:36
e4:aa:5d:fd:3e:e5:,Hidden,-81,2026-04-30 10:57:39
e4:aa:5d:fd:3e:e5:,Hidden,-81,2026-04-30 10:57:42
ac:2a:a1:7e:df:6d:,eduroam,-80,2026-04-30 10:55:30
ac:2a:a1:7e:df:6d:,eduroam,-80,2026-04-30 10:55:33
ac:2a:a1:7e:df:6d:,eduroam,-80,2026-04-30 10:55:36
ac:2a:a1:7e:df:6d:,eduroam,-80,2026-04-30 10:55:39
ac:2a:a1:7e:df:6d:,eduroam,-80,2026-04-30 10:55:42
ac:2a:a1:7e:df:6d:,eduroam,-80,2026-04-30 10:55:48
ac:2a:a1:7e:df:6d:,eduroam,-80,2026-04-30 10:55:51
ac:2a:a1:7e:df:6d:,eduroam,-80,2026-04-30 10:55:53
ac:2a:a1:7e:df:6d:,eduroam,-80,2026-04-30 10:55:56
ac:2a:a1:7e:df:6d:,eduroam,-80,2026-04-30 10:55:58
ac:2a:a1:7e:df:6d:,eduroam,-80,2026-04-30 10:56:02
ac:2a:a1:7e:df:6d:,eduroam,-80,2026-04-30 10:56:05
ac:2a:a1:7e:df:6d:,eduroam,-80,2026-04-30 10:56:09
ac:2a:a1:7e:df:6d:,eduroam,-80,2026-04-30 10:56:12
ac:2a:a1:7e:df:6d:,eduroam,-80,2026-04-30 10:56:14
ac:2a:a1:7e:df:6d:,eduroam,-80,2026-04-30 10:56:18
ac:2a:a1:7e:df:6d:,eduroam,-80,2026-04-30 10:56:23
ac:2a:a1:7e:df:6d:,eduroam,-80,2026-04-30 10:56:27
ac:2a:a1:7e:df:6d:,eduroam,-80,2026-04-30 10:56:29
ac:2a:a1:7e:df:6d:,eduroam,-80,2026-04-30 10:56:32
ac:2a:a1:7e:df:6d:,eduroam,-80,2026-04-30 10:56:35
ac:2a:a1:7e:df:6d:,eduroam,-80,2026-04-30 10:56:38
ac:2a:a1:7e:df:6d:,eduroam,-80,2026-04-30 10:56:41
ac:2a:a1:7e:df:6d:,eduroam,-80,2026-04-30 10:56:43
ac:2a:a1:7e:df:6d:,eduroam,-80,2026-04-30 10:56:52
ac:2a:a1:7e:df:6d:,eduroam,-80,2026-04-30 10:56:56
ac:2a:a1:7e:df:6d:,eduroam,-80,2026-04-30 10:57:00
ac:2a:a1:7e:df:6d:,eduroam,-80,2026-04-30 10:57:04
ac:2a:a1:7e:df:6d:,eduroam,-80,2026-04-30 10:57:07
ac:2a:a1:7e:df:6d:,eduroam,-80,2026-04-30 10:57:11
ac:2a:a1:7e:df:6d:,eduroam,-80,2026-04-30 10:57:14
ac:2a:a1:7e:df:6d:,eduroam,-80,2026-04-30 10:57:16
ac:2a:a1:7e:df:6d:,eduroam,-80,2026-04-30 10:57:20
ac:2a:a1:7e:df:6d:,eduroam,-80,2026-04-30 10:57:28
f8:6b:d9:01:85:2d:,eduroam,-83,2026-04-30 10:55:30
f8:6b:d9:01:85:2d:,eduroam,-83,2026-04-30 10:55:33
f8:6b:d9:01:85:2d:,eduroam,-83,2026-04-30 10:55:36
f8:6b:d9:01:85:2d:,eduroam,-83,2026-04-30 10:55:39
f8:6b:d9:01:85:2d:,eduroam,-83,2026-04-30 10:55:42
f8:6b:d9:01:85:2d:,eduroam,-83,2026-04-30 10:55:48
f8:6b:d9:01:85:2d:,eduroam,-83,2026-04-30 10:55:51
f8:6b:d9:01:85:2d:,eduroam,-84,2026-04-30 10:55:53
f8:6b:d9:01:85:2d:,eduroam,-85,2026-04-30 10:55:56
f8:6b:d9:01:85:2d:,eduroam,-85,2026-04-30 10:55:58
f8:6b:d9:01:85:2d:,eduroam,-85,2026-04-30 10:56:02
f8:6b:d9:01:85:2d:,eduroam,-85,2026-04-30 10:56:05
f8:6b:d9:01:85:2d:,eduroam,-85,2026-04-30 10:56:09
f8:6b:d9:01:85:2d:,eduroam,-85,2026-04-30 10:56:12
f8:6b:d9:01:85:2d:,eduroam,-85,2026-04-30 10:56:14
f8:6b:d9:01:85:2d:,eduroam,-85,2026-04-30 10:56:18
f8:6b:d9:01:85:2d:,eduroam,-84,2026-04-30 10:56:23
f8:6b:d9:01:85:2d:,eduroam,-84,2026-04-30 10:56:27
f8:6b:d9:01:85:2d:,eduroam,-85,2026-04-30 10:56:29
f8:6b:d9:01:85:2d:,eduroam,-86,2026-04-30 10:56:32
f8:6b:d9:01:85:2d:,eduroam,-86,2026-04-30 10:56:35
f8:6b:d9:01:85:2d:,eduroam,-86,2026-04-30 10:56:38
f8:6b:d9:01:85:2d:,eduroam,-86,2026-04-30 10:56:41
f8:6b:d9:01:85:2d:,eduroam,-86,2026-04-30 10:56:43
f8:6b:d9:01:85:2d:,eduroam,-87,2026-04-30 10:56:52
f8:6b:d9:01:85:2d:,eduroam,-87,2026-04-30 10:56:56
f8:6b:d9:01:85:2d:,eduroam,-84,2026-04-30 10:57:00
f8:6b:d9:01:85:2d:,eduroam,-86,2026-04-30 10:57:04
f8:6b:d9:01:85:2d:,eduroam,-86,2026-04-30 10:57:07
f8:6b:d9:01:85:2d:,eduroam,-78,2026-04-30 10:57:11
f8:6b:d9:01:85:2d:,eduroam,-78,2026-04-30 10:57:14
f8:6b:d9:01:85:2d:,eduroam,-78,2026-04-30 10:57:16
f8:6b:d9:01:85:2d:,eduroam,-86,2026-04-30 10:57:20
f8:6b:d9:01:85:2d:,eduroam,-81,2026-04-30 10:57:28
f8:6b:d9:01:85:2d:,eduroam,-81,2026-04-30 10:57:33
f8:6b:d9:01:85:2d:,eduroam,-84,2026-04-30 10:57:36
f8:6b:d9:01:85:2d:,eduroam,-84,2026-04-30 10:57:39
f8:6b:d9:01:85:2d:,eduroam,-84,2026-04-30 10:57:42
f8:6b:d9:01:85:2d:,eduroam,-84,2026-04-30 10:57:46
f8:6b:d9:01:85:2d:,eduroam,-81,2026-04-30 10:57:50
f8:6b:d9:01:85:2d:,eduroam,-81,2026-04-30 10:57:53
f8:6b:d9:01:85:2d:,eduroam,-81,2026-04-30 10:57:57
f8:6b:d9:01:85:2d:,eduroam,-87,2026-04-30 10:58:00
f8:6b:d9:01:85:2d:,eduroam,-87,2026-04-30 10:58:03
f8:6b:d9:01:85:2d:,eduroam,-86,2026-04-30 10:58:06
f8:6b:d9:01:85:2d:,eduroam,-86,2026-04-30 10:58:12
f8:6b:d9:01:85:2d:,eduroam,-86,2026-04-30 10:58:16
f8:6b:d9:01:85:2d:,eduroam,-86,2026-04-30 10:58:20
f8:6b:d9:95:d8:8d:,eduroam,-84,2026-04-30 10:55:30
f8:6b:d9:95:d8:8d:,eduroam,-84,2026-04-30 10:55:33
f8:6b:d9:95:d8:8d:,eduroam,-84,2026-04-30 10:55:36
f8:6b:d9:95:d8:8d:,eduroam,-84,2026-04-30 10:55:39
f8:6b:d9:95:d8:8d:,eduroam,-84,2026-04-30 10:55:42
f8:6b:d9:95:d8:8d:,eduroam,-84,2026-04-30 10:55:48
f8:6b:d9:95:d8:8d:,eduroam,-84,2026-04-30 10:55:51
f8:6b:d9:95:d8:8d:,eduroam,-84,2026-04-30 10:55:53
f8:6b:d9:95:d8:8d:,eduroam,-84,2026-04-30 10:55:56
f8:6b:d9:95:d8:8d:,eduroam,-84,2026-04-30 10:55:58
f8:6b:d9:95:d8:8d:,eduroam,-84,2026-04-30 10:56:02
f8:6b:d9:95:d8:8d:,eduroam,-84,2026-04-30 10:56:05
f8:6b:d9:95:d8:8d:,eduroam,-84,2026-04-30 10:56:09
f8:6b:d9:95:d8:8d:,eduroam,-84,2026-04-30 10:56:12
f8:6b:d9:95:d8:8d:,eduroam,-84,2026-04-30 10:56:14
f8:6b:d9:95:d8:8d:,eduroam,-84,2026-04-30 10:56:18
f8:6b:d9:95:d8:8d:,eduroam,-84,2026-04-30 10:56:23
f8:6b:d9:95:d8:8d:,eduroam,-84,2026-04-30 10:56:27
f8:6b:d9:95:d8:8d:,eduroam,-84,2026-04-30 10:56:29
f8:6b:d9:95:d8:8d:,eduroam,-84,2026-04-30 10:56:32
f8:6b:d9:95:d8:8d:,eduroam,-84,2026-04-30 10:56:35
f8:6b:d9:95:d8:8d:,eduroam,-84,2026-04-30 10:56:38
f8:6b:d9:95:d8:8d:,eduroam,-84,2026-04-30 10:56:41
f8:6b:d9:95:d8:8d:,eduroam,-84,2026-04-30 10:56:43
f8:6b:d9:95:d8:8d:,eduroam,-84,2026-04-30 10:56:52
f8:6b:d9:95:d8:8d:,eduroam,-84,2026-04-30 10:56:56
f8:6b:d9:95:d8:8d:,eduroam,-84,2026-04-30 10:57:00
f8:6b:d9:95:d8:8d:,eduroam,-84,2026-04-30 10:57:04
f8:6b:d9:95:d8:8d:,eduroam,-84,2026-04-30 10:57:07
f8:6b:d9:95:d8:8d:,eduroam,-84,2026-04-30 10:57:11
f8:6b:d9:95:d8:8d:,eduroam,-84,2026-04-30 10:57:14
f8:6b:d9:95:d8:8d:,eduroam,-84,2026-04-30 10:57:16
f8:6b:d9:95:d8:8d:,eduroam,-84,2026-04-30 10:57:20
f8:6b:d9:95:d8:8d:,eduroam,-84,2026-04-30 10:57:28
f8:6b:d9:01:85:2e:,UTT,-84,2026-04-30 10:55:30
f8:6b:d9:01:85:2e:,UTT,-84,2026-04-30 10:55:33
f8:6b:d9:01:85:2e:,UTT,-84,2026-04-30 10:55:36
f8:6b:d9:01:85:2e:,UTT,-84,2026-04-30 10:55:39
f8:6b:d9:01:85:2e:,UTT,-84,2026-04-30 10:55:42
f8:6b:d9:01:85:2e:,UTT,-84,2026-04-30 10:55:48
f8:6b:d9:01:85:2e:,UTT,-84,2026-04-30 10:55:51
f8:6b:d9:01:85:2e:,UTT,-84,2026-04-30 10:55:53
f8:6b:d9:01:85:2e:,UTT,-85,2026-04-30 10:55:56
f8:6b:d9:01:85:2e:,UTT,-85,2026-04-30 10:55:58
f8:6b:d9:01:85:2e:,UTT,-84,2026-04-30 10:56:02
f8:6b:d9:01:85:2e:,UTT,-87,2026-04-30 10:56:05
f8:6b:d9:01:85:2e:,UTT,-87,2026-04-30 10:56:09
f8:6b:d9:01:85:2e:,UTT,-86,2026-04-30 10:56:12
f8:6b:d9:01:85:2e:,UTT,-86,2026-04-30 10:56:14
f8:6b:d9:01:85:2e:,UTT,-86,2026-04-30 10:56:18
f8:6b:d9:01:85:2e:,UTT,-84,2026-04-30 10:56:23
f8:6b:d9:01:85:2e:,UTT,-84,2026-04-30 10:56:27
f8:6b:d9:01:85:2e:,UTT,-86,2026-04-30 10:56:29
f8:6b:d9:01:85:2e:,UTT,-86,2026-04-30 10:56:32
f8:6b:d9:01:85:2e:,UTT,-86,2026-04-30 10:56:35
f8:6b:d9:01:85:2e:,UTT,-86,2026-04-30 10:56:38
f8:6b:d9:01:85:2e:,UTT,-86,2026-04-30 10:56:41
f8:6b:d9:01:85:2e:,UTT,-86,2026-04-30 10:56:43
f8:6b:d9:01:85:2e:,UTT,-88,2026-04-30 10:56:52
f8:6b:d9:01:85:2e:,UTT,-88,2026-04-30 10:56:56
f8:6b:d9:01:85:2e:,UTT,-83,2026-04-30 10:57:00
f8:6b:d9:01:85:2e:,UTT,-85,2026-04-30 10:57:04
f8:6b:d9:01:85:2e:,UTT,-85,2026-04-30 10:57:07
f8:6b:d9:01:85:2e:,UTT,-78,2026-04-30 10:57:11
f8:6b:d9:01:85:2e:,UTT,-78,2026-04-30 10:57:14
f8:6b:d9:01:85:2e:,UTT,-78,2026-04-30 10:57:16
f8:6b:d9:01:85:2e:,UTT,-85,2026-04-30 10:57:20
f8:6b:d9:01:85:2e:,UTT,-80,2026-04-30 10:57:28
f8:6b:d9:01:85:2e:,UTT,-80,2026-04-30 10:57:33
f8:6b:d9:01:85:2e:,UTT,-84,2026-04-30 10:57:36
f8:6b:d9:01:85:2e:,UTT,-85,2026-04-30 10:57:39
f8:6b:d9:01:85:2e:,UTT,-85,2026-04-30 10:57:42
f8:6b:d9:01:85:2e:,UTT,-84,2026-04-30 10:57:46
f8:6b:d9:01:85:2e:,UTT,-81,2026-04-30 10:57:50
f8:6b:d9:01:85:2e:,UTT,-81,2026-04-30 10:57:53
f8:6b:d9:01:85:2e:,UTT,-81,2026-04-30 10:57:57
f8:6b:d9:01:85:2e:,UTT,-86,2026-04-30 10:58:00
f8:6b:d9:01:85:2e:,UTT,-86,2026-04-30 10:58:03
f8:6b:d9:01:85:2e:,UTT,-86,2026-04-30 10:58:06
f8:6b:d9:01:85:2e:,UTT,-85,2026-04-30 10:58:12
f8:6b:d9:01:85:2e:,UTT,-85,2026-04-30 10:58:16
f8:6b:d9:01:85:2e:,UTT,-85,2026-04-30 10:58:20
f8:6b:d9:95:d8:8e:,UTT,-85,2026-04-30 10:55:30
f8:6b:d9:95:d8:8e:,UTT,-85,2026-04-30 10:55:33
f8:6b:d9:95:d8:8e:,UTT,-85,2026-04-30 10:55:36
f8:6b:d9:95:d8:8e:,UTT,-88,2026-04-30 10:55:39
f8:6b:d9:95:d8:8e:,UTT,-88,2026-04-30 10:55:42
f8:6b:d9:95:d8:8e:,UTT,-88,2026-04-30 10:55:48
f8:6b:d9:95:d8:8e:,UTT,-88,2026-04-30 10:55:51
f8:6b:d9:95:d8:8e:,UTT,-88,2026-04-30 10:55:53
f8:6b:d9:95:d8:8e:,UTT,-88,2026-04-30 10:55:56
f8:6b:d9:95:d8:8e:,UTT,-88,2026-04-30 10:55:58
f8:6b:d9:95:d8:8e:,UTT,-88,2026-04-30 10:56:02
f8:6b:d9:95:d8:8e:,UTT,-88,2026-04-30 10:56:05
f8:6b:d9:95:d8:8e:,UTT,-88,2026-04-30 10:56:09
f8:6b:d9:95:d8:8e:,UTT,-88,2026-04-30 10:56:12
f8:6b:d9:95:d8:8e:,UTT,-88,2026-04-30 10:56:14
f8:6b:d9:95:d8:8e:,UTT,-88,2026-04-30 10:56:18
f8:6b:d9:95:d8:8e:,UTT,-88,2026-04-30 10:56:23
f8:6b:d9:95:d8:8e:,UTT,-88,2026-04-30 10:56:27
f8:6b:d9:95:d8:8e:,UTT,-88,2026-04-30 10:56:29
f8:6b:d9:95:d8:8e:,UTT,-88,2026-04-30 10:56:32
f8:6b:d9:95:d8:8e:,UTT,-88,2026-04-30 10:56:35
f8:6b:d9:95:d8:8e:,UTT,-88,2026-04-30 10:56:38
f8:6b:d9:95:d8:8e:,UTT,-88,2026-04-30 10:56:41
f8:6b:d9:95:d8:8e:,UTT,-88,2026-04-30 10:56:43
f8:6b:d9:95:d8:8e:,UTT,-88,2026-04-30 10:56:52
f8:6b:d9:95:d8:8e:,UTT,-88,2026-04-30 10:56:56
f8:6b:d9:95:d8:8e:,UTT,-88,2026-04-30 10:57:00
f8:6b:d9:95:d8:8e:,UTT,-88,2026-04-30 10:57:04
f8:6b:d9:95:d8:8e:,UTT,-88,2026-04-30 10:57:07
f8:6b:d9:95:d8:8e:,UTT,-88,2026-04-30 10:57:11
f8:6b:d9:95:d8:8e:,UTT,-88,2026-04-30 10:57:14
f8:6b:d9:95:d8:8e:,UTT,-88,2026-04-30 10:57:16
f8:6b:d9:95:d8:8e:,UTT,-88,2026-04-30 10:57:20
f8:6b:d9:95:d8:8e:,UTT,-88,2026-04-30 10:57:28
f8:6b:d9:95:d8:8e:,UTT,-88,2026-04-30 10:57:33
f8:6b:d9:95:d8:8e:,UTT,-88,2026-04-30 10:57:36
f8:6b:d9:01:85:2b:,form_cyber,-84,2026-04-30 10:55:30
f8:6b:d9:01:85:2b:,form_cyber,-84,2026-04-30 10:55:33
f8:6b:d9:01:85:2b:,form_cyber,-84,2026-04-30 10:55:36
f8:6b:d9:01:85:2b:,form_cyber,-84,2026-04-30 10:55:39
f8:6b:d9:01:85:2b:,form_cyber,-84,2026-04-30 10:55:42
f8:6b:d9:01:85:2b:,form_cyber,-84,2026-04-30 10:55:48
f8:6b:d9:01:85:2b:,form_cyber,-84,2026-04-30 10:55:51
f8:6b:d9:01:85:2b:,form_cyber,-83,2026-04-30 10:55:53
f8:6b:d9:01:85:2b:,form_cyber,-86,2026-04-30 10:55:56
f8:6b:d9:01:85:2b:,form_cyber,-86,2026-04-30 10:55:58
f8:6b:d9:01:85:2b:,form_cyber,-85,2026-04-30 10:56:02
f8:6b:d9:01:85:2b:,form_cyber,-86,2026-04-30 10:56:05
f8:6b:d9:01:85:2b:,form_cyber,-86,2026-04-30 10:56:09
f8:6b:d9:01:85:2b:,form_cyber,-84,2026-04-30 10:56:12
f8:6b:d9:01:85:2b:,form_cyber,-84,2026-04-30 10:56:14
f8:6b:d9:01:85:2b:,form_cyber,-84,2026-04-30 10:56:18
f8:6b:d9:01:85:2b:,form_cyber,-84,2026-04-30 10:56:23
f8:6b:d9:01:85:2b:,form_cyber,-84,2026-04-30 10:56:27
f8:6b:d9:01:85:2b:,form_cyber,-85,2026-04-30 10:56:29
f8:6b:d9:01:85:2b:,form_cyber,-87,2026-04-30 10:56:32
f8:6b:d9:01:85:2b:,form_cyber,-87,2026-04-30 10:56:35
f8:6b:d9:01:85:2b:,form_cyber,-87,2026-04-30 10:56:38
f8:6b:d9:01:85:2b:,form_cyber,-87,2026-04-30 10:56:41
f8:6b:d9:01:85:2b:,form_cyber,-87,2026-04-30 10:56:43
f8:6b:d9:01:85:2b:,form_cyber,-87,2026-04-30 10:56:52
f8:6b:d9:01:85:2b:,form_cyber,-87,2026-04-30 10:56:56
f8:6b:d9:01:85:2b:,form_cyber,-84,2026-04-30 10:57:00
f8:6b:d9:01:85:2b:,form_cyber,-86,2026-04-30 10:57:04
f8:6b:d9:01:85:2b:,form_cyber,-86,2026-04-30 10:57:07
f8:6b:d9:01:85:2b:,form_cyber,-78,2026-04-30 10:57:11
f8:6b:d9:01:85:2b:,form_cyber,-83,2026-04-30 10:57:14
f8:6b:d9:01:85:2b:,form_cyber,-83,2026-04-30 10:57:16
f8:6b:d9:01:85:2b:,form_cyber,-86,2026-04-30 10:57:20
f8:6b:d9:01:85:2b:,form_cyber,-80,2026-04-30 10:57:28
f8:6b:d9:01:85:2b:,form_cyber,-80,2026-04-30 10:57:33
f8:6b:d9:01:85:2b:,form_cyber,-83,2026-04-30 10:57:36
f8:6b:d9:01:85:2b:,form_cyber,-85,2026-04-30 10:57:39
f8:6b:d9:01:85:2b:,form_cyber,-85,2026-04-30 10:57:42
f8:6b:d9:01:85:2b:,form_cyber,-84,2026-04-30 10:57:46
f8:6b:d9:01:85:2b:,form_cyber,-81,2026-04-30 10:57:50
f8:6b:d9:01:85:2b:,form_cyber,-81,2026-04-30 10:57:53
f8:6b:d9:01:85:2b:,form_cyber,-81,2026-04-30 10:57:57
f8:6b:d9:01:85:2b:,form_cyber,-86,2026-04-30 10:58:00
f8:6b:d9:01:85:2b:,form_cyber,-86,2026-04-30 10:58:03
f8:6b:d9:01:85:2b:,form_cyber,-85,2026-04-30 10:58:06
f8:6b:d9:01:85:2b:,form_cyber,-86,2026-04-30 10:58:12
f8:6b:d9:01:85:2b:,form_cyber,-86,2026-04-30 10:58:16
f8:6b:d9:01:85:2b:,form_cyber,-86,2026-04-30 10:58:20
f8:6b:d9:95:d8:8b:,form_cyber,-85,2026-04-30 10:55:30
f8:6b:d9:95:d8:8b:,form_cyber,-85,2026-04-30 10:55:33
f8:6b:d9:95:d8:8b:,form_cyber,-85,2026-04-30 10:55:36
f8:6b:d9:95:d8:8b:,form_cyber,-85,2026-04-30 10:55:39
f8:6b:d9:95:d8:8b:,form_cyber,-85,2026-04-30 10:55:42
f8:6b:d9:95:d8:8b:,form_cyber,-85,2026-04-30 10:55:48
f8:6b:d9:95:d8:8b:,form_cyber,-85,2026-04-30 10:55:51
f8:6b:d9:95:d8:8b:,form_cyber,-85,2026-04-30 10:55:53
f8:6b:d9:95:d8:8b:,form_cyber,-85,2026-04-30 10:55:56
f8:6b:d9:95:d8:8b:,form_cyber,-85,2026-04-30 10:55:58
f8:6b:d9:95:d8:8b:,form_cyber,-85,2026-04-30 10:56:02
f8:6b:d9:95:d8:8b:,form_cyber,-85,2026-04-30 10:56:05
f8:6b:d9:95:d8:8b:,form_cyber,-85,2026-04-30 10:56:09
f8:6b:d9:95:d8:8b:,form_cyber,-85,2026-04-30 10:56:12
f8:6b:d9:95:d8:8b:,form_cyber,-85,2026-04-30 10:56:14
f8:6b:d9:95:d8:8b:,form_cyber,-85,2026-04-30 10:56:18
f8:6b:d9:95:d8:8b:,form_cyber,-85,2026-04-30 10:56:23
f8:6b:d9:95:d8:8b:,form_cyber,-85,2026-04-30 10:56:27
f8:6b:d9:95:d8:8b:,form_cyber,-85,2026-04-30 10:56:29
f8:6b:d9:95:d8:8b:,form_cyber,-85,2026-04-30 10:56:32
f8:6b:d9:95:d8:8b:,form_cyber,-85,2026-04-30 10:56:35
f8:6b:d9:95:d8:8b:,form_cyber,-85,2026-04-30 10:56:38
f8:6b:d9:95:d8:8b:,form_cyber,-85,2026-04-30 10:56:41
f8:6b:d9:95:d8:8b:,form_cyber,-85,2026-04-30 10:56:43
f8:6b:d9:95:d8:8b:,form_cyber,-85,2026-04-30 10:56:52
f8:6b:d9:95:d8:8b:,form_cyber,-85,2026-04-30 10:56:56
f8:6b:d9:95:d8:8b:,form_cyber,-85,2026-04-30 10:57:00
f8:6b:d9:95:d8:8b:,form_cyber,-85,2026-04-30 10:57:04
f8:6b:d9:95:d8:8b:,form_cyber,-85,2026-04-30 10:57:07
f8:6b:d9:95:d8:8b:,form_cyber,-85,2026-04-30 10:57:11
f8:6b:d9:95:d8:8b:,form_cyber,-85,2026-04-30 10:57:14
f8:6b:d9:95:d8:8b:,form_cyber,-85,2026-04-30 10:57:16
f8:6b:d9:95:d8:8b:,form_cyber,-85,2026-04-30 10:57:20
f8:6b:d9:95:d8:8b:,form_cyber,-85,2026-04-30 10:57:28
f8:6b:d9:01:8e:e7:,UTTetudiants,-84,2026-04-30 10:55:42
f8:6b:d9:01:8e:e7:,UTTetudiants,-84,2026-04-30 10:55:42
f8:6b:d9:01:8e:e7:,UTTetudiants,-84,2026-04-30 10:55:48
f8:6b:d9:01:8e:e7:,UTTetudiants,-84,2026-04-30 10:55:48
f8:6b:d9:01:8e:e7:,UTTetudiants,-84,2026-04-30 10:55:51
f8:6b:d9:01:8e:e7:,UTTetudiants,-84,2026-04-30 10:55:51
f8:6b:d9:01:8e:e7:,UTTetudiants,-84,2026-04-30 10:55:53
f8:6b:d9:01:8e:e7:,UTTetudiants,-84,2026-04-30 10:55:53
f8:6b:d9:01:8e:e7:,UTTetudiants,-84,2026-04-30 10:55:56
f8:6b:d9:01:8e:e7:,UTTetudiants,-84,2026-04-30 10:55:56
f8:6b:d9:01:8e:e7:,UTTetudiants,-84,2026-04-30 10:55:58
f8:6b:d9:01:8e:e7:,UTTetudiants,-84,2026-04-30 10:55:58
f8:6b:d9:01:8e:e7:,UTTetudiants,-84,2026-04-30 10:56:02
f8:6b:d9:01:8e:e7:,UTTetudiants,-84,2026-04-30 10:56:02
f8:6b:d9:01:8e:e7:,UTTetudiants,-84,2026-04-30 10:56:05
f8:6b:d9:01:8e:e7:,UTTetudiants,-84,2026-04-30 10:56:05
f8:6b:d9:01:8e:e7:,UTTetudiants,-84,2026-04-30 10:56:09
f8:6b:d9:01:8e:e7:,UTTetudiants,-84,2026-04-30 10:56:09
f8:6b:d9:01:8e:e7:,UTTetudiants,-84,2026-04-30 10:56:12
f8:6b:d9:01:8e:e7:,UTTetudiants,-84,2026-04-30 10:56:12
f8:6b:d9:01:8e:e7:,UTTetudiants,-84,2026-04-30 10:56:14
f8:6b:d9:01:8e:e7:,UTTetudiants,-84,2026-04-30 10:56:14
f8:6b:d9:01:8e:e7:,UTTetudiants,-84,2026-04-30 10:56:18
f8:6b:d9:01:8e:e7:,UTTetudiants,-84,2026-04-30 10:56:18
f8:6b:d9:01:8e:e7:,UTTetudiants,-84,2026-04-30 10:56:23
f8:6b:d9:01:8e:e7:,UTTetudiants,-84,2026-04-30 10:56:23
f8:6b:d9:01:8e:e7:,UTTetudiants,-84,2026-04-30 10:56:27
f8:6b:d9:01:8e:e7:,UTTetudiants,-84,2026-04-30 10:56:27
f8:6b:d9:01:8e:e7:,UTTetudiants,-84,2026-04-30 10:56:29
f8:6b:d9:01:8e:e7:,UTTetudiants,-84,2026-04-30 10:56:29
f8:6b:d9:01:8e:e7:,UTTetudiants,-84,2026-04-30 10:56:32
f8:6b:d9:01:8e:e7:,UTTetudiants,-84,2026-04-30 10:56:32
f8:6b:d9:01:8e:e7:,UTTetudiants,-84,2026-04-30 10:56:35
f8:6b:d9:01:8e:e7:,UTTetudiants,-84,2026-04-30 10:56:35
f8:6b:d9:01:8e:e7:,UTTetudiants,-84,2026-04-30 10:56:38
f8:6b:d9:01:8e:e7:,UTTetudiants,-84,2026-04-30 10:56:38
f8:6b:d9:01:8e:e7:,UTTetudiants,-84,2026-04-30 10:56:41
f8:6b:d9:01:8e:e7:,UTTetudiants,-84,2026-04-30 10:56:41
f8:6b:d9:01:8e:e7:,UTTetudiants,-84,2026-04-30 10:56:43
f8:6b:d9:01:8e:e7:,UTTetudiants,-84,2026-04-30 10:56:43
f8:6b:d9:01:8e:e7:,UTTetudiants,-84,2026-04-30 10:56:52
f8:6b:d9:01:8e:e7:,UTTetudiants,-84,2026-04-30 10:56:52
f8:6b:d9:01:8e:e7:,UTTetudiants,-84,2026-04-30 10:56:56
f8:6b:d9:01:8e:e7:,UTTetudiants,-84,2026-04-30 10:56:56
f8:6b:d9:01:8e:e7:,UTTetudiants,-84,2026-04-30 10:57:00
f8:6b:d9:01:8e:e7:,UTTetudiants,-84,2026-04-30 10:57:00
f8:6b:d9:01:8e:e7:,UTTetudiants,-84,2026-04-30 10:57:04
f8:6b:d9:01:8e:e7:,UTTetudiants,-84,2026-04-30 10:57:04
f8:6b:d9:01:8e:e7:,UTTetudiants,-84,2026-04-30 10:57:07
f8:6b:d9:01:8e:e7:,UTTetudiants,-84,2026-04-30 10:57:07
f8:6b:d9:01:8e:e7:,UTTetudiants,-84,2026-04-30 10:57:11
f8:6b:d9:01:8e:e7:,UTTetudiants,-84,2026-04-30 10:57:11
f8:6b:d9:01:8e:e7:,UTTetudiants,-84,2026-04-30 10:57:14
f8:6b:d9:01:8e:e7:,UTTetudiants,-84,2026-04-30 10:57:14
f8:6b:d9:01:8e:e7:,UTTetudiants,-84,2026-04-30 10:57:16
f8:6b:d9:01:8e:e7:,UTTetudiants,-84,2026-04-30 10:57:16
f8:6b:d9:01:8e:e7:,UTTetudiants,-84,2026-04-30 10:57:20
f8:6b:d9:01:8e:e7:,UTTetudiants,-84,2026-04-30 10:57:20
f8:6b:d9:01:8e:e7:,UTTetudiants,-84,2026-04-30 10:57:28
f8:6b:d9:01:8e:e7:,UTTetudiants,-84,2026-04-30 10:57:28
f8:6b:d9:01:8e:e7:,UTTetudiants,-84,2026-04-30 10:57:33
f8:6b:d9:01:8e:e7:,UTTetudiants,-84,2026-04-30 10:57:33
f8:6b:d9:01:8e:e7:,UTTetudiants,-84,2026-04-30 10:57:36
f8:6b:d9:01:8e:e7:,UTTetudiants,-84,2026-04-30 10:57:36
f8:6b:d9:01:8e:e7:,UTTetudiants,-84,2026-04-30 10:57:39
f8:6b:d9:01:8e:e7:,UTTetudiants,-84,2026-04-30 10:57:39
f8:6b:d9:01:8e:e8:,UTTpersonnels,-85,2026-04-30 10:55:42
f8:6b:d9:01:8e:e8:,UTTpersonnels,-85,2026-04-30 10:55:48
f8:6b:d9:01:8e:e8:,UTTpersonnels,-85,2026-04-30 10:55:51
f8:6b:d9:01:8e:e8:,UTTpersonnels,-85,2026-04-30 10:55:53
f8:6b:d9:01:8e:e8:,UTTpersonnels,-85,2026-04-30 10:55:56
f8:6b:d9:01:8e:e8:,UTTpersonnels,-85,2026-04-30 10:55:58
f8:6b:d9:01:8e:e8:,UTTpersonnels,-85,2026-04-30 10:56:02
f8:6b:d9:01:8e:e8:,UTTpersonnels,-85,2026-04-30 10:56:05
f8:6b:d9:01:8e:e8:,UTTpersonnels,-85,2026-04-30 10:56:09
f8:6b:d9:01:8e:e8:,UTTpersonnels,-85,2026-04-30 10:56:12
f8:6b:d9:01:8e:e8:,UTTpersonnels,-85,2026-04-30 10:56:14
f8:6b:d9:01:8e:e8:,UTTpersonnels,-85,2026-04-30 10:56:18
f8:6b:d9:01:8e:e8:,UTTpersonnels,-85,2026-04-30 10:56:23
f8:6b:d9:01:8e:e8:,UTTpersonnels,-85,2026-04-30 10:56:27
f8:6b:d9:01:8e:e8:,UTTpersonnels,-85,2026-04-30 10:56:29
f8:6b:d9:01:8e:e8:,UTTpersonnels,-85,2026-04-30 10:56:32
f8:6b:d9:01:8e:e8:,UTTpersonnels,-85,2026-04-30 10:56:35
f8:6b:d9:01:8e:e8:,UTTpersonnels,-85,2026-04-30 10:56:38
f8:6b:d9:01:8e:e8:,UTTpersonnels,-85,2026-04-30 10:56:41
f8:6b:d9:01:8e:e8:,UTTpersonnels,-85,2026-04-30 10:56:43
f8:6b:d9:01:8e:e8:,UTTpersonnels,-85,2026-04-30 10:56:52
f8:6b:d9:01:8e:e8:,UTTpersonnels,-85,2026-04-30 10:56:56
f8:6b:d9:01:8e:e8:,UTTpersonnels,-85,2026-04-30 10:57:00
f8:6b:d9:01:8e:e8:,UTTpersonnels,-85,2026-04-30 10:57:04
f8:6b:d9:01:8e:e8:,UTTpersonnels,-85,2026-04-30 10:57:07
f8:6b:d9:01:8e:e8:,UTTpersonnels,-85,2026-04-30 10:57:11
f8:6b:d9:01:8e:e8:,UTTpersonnels,-85,2026-04-30 10:57:14
f8:6b:d9:01:8e:e8:,UTTpersonnels,-85,2026-04-30 10:57:16
f8:6b:d9:01:8e:e8:,UTTpersonnels,-85,2026-04-30 10:57:20
f8:6b:d9:01:8e:e8:,UTTpersonnels,-85,2026-04-30 10:57:28
f8:6b:d9:01:8e:e8:,UTTpersonnels,-85,2026-04-30 10:57:33
f8:6b:d9:01:8e:e8:,UTTpersonnels,-85,2026-04-30 10:57:36
f8:6b:d9:01:8e:e8:,UTTpersonnels,-85,2026-04-30 10:57:39
f8:6b:d9:01:8e:e2:,eduroam,-86,2026-04-30 10:55:42
f8:6b:d9:01:8e:e2:,eduroam,-86,2026-04-30 10:55:48
f8:6b:d9:01:8e:e2:,eduroam,-86,2026-04-30 10:55:51
f8:6b:d9:01:8e:e2:,eduroam,-86,2026-04-30 10:55:53
f8:6b:d9:01:8e:e2:,eduroam,-86,2026-04-30 10:55:56
f8:6b:d9:01:8e:e2:,eduroam,-86,2026-04-30 10:55:58
f8:6b:d9:01:8e:e2:,eduroam,-86,2026-04-30 10:56:02
f8:6b:d9:01:8e:e2:,eduroam,-86,2026-04-30 10:56:05
f8:6b:d9:01:8e:e2:,eduroam,-86,2026-04-30 10:56:09
f8:6b:d9:01:8e:e2:,eduroam,-86,2026-04-30 10:56:12
f8:6b:d9:01:8e:e2:,eduroam,-86,2026-04-30 10:56:14
f8:6b:d9:01:8e:e2:,eduroam,-86,2026-04-30 10:56:18
f8:6b:d9:01:8e:e2:,eduroam,-86,2026-04-30 10:56:23
f8:6b:d9:01:8e:e2:,eduroam,-86,2026-04-30 10:56:27
f8:6b:d9:01:8e:e2:,eduroam,-86,2026-04-30 10:56:29
f8:6b:d9:01:8e:e2:,eduroam,-86,2026-04-30 10:56:32
f8:6b:d9:01:8e:e2:,eduroam,-86,2026-04-30 10:56:35
f8:6b:d9:01:8e:e2:,eduroam,-86,2026-04-30 10:56:38
f8:6b:d9:01:8e:e2:,eduroam,-86,2026-04-30 10:56:41
f8:6b:d9:01:8e:e2:,eduroam,-86,2026-04-30 10:56:43
f8:6b:d9:01:8e:e2:,eduroam,-86,2026-04-30 10:56:52
f8:6b:d9:01:8e:e2:,eduroam,-86,2026-04-30 10:56:56
f8:6b:d9:01:8e:e2:,eduroam,-86,2026-04-30 10:57:00
f8:6b:d9:01:8e:e2:,eduroam,-86,2026-04-30 10:57:04
f8:6b:d9:01:8e:e2:,eduroam,-86,2026-04-30 10:57:07
f8:6b:d9:01:8e:e2:,eduroam,-86,2026-04-30 10:57:11
f8:6b:d9:01:8e:e2:,eduroam,-86,2026-04-30 10:57:14
f8:6b:d9:01:8e:e2:,eduroam,-86,2026-04-30 10:57:16
f8:6b:d9:01:8e:e2:,eduroam,-86,2026-04-30 10:57:20
f8:6b:d9:01:8e:e2:,eduroam,-86,2026-04-30 10:57:28
f8:6b:d9:01:8e:e2:,eduroam,-86,2026-04-30 10:57:33
f8:6b:d9:01:8e:e2:,eduroam,-86,2026-04-30 10:57:36
f8:6b:d9:01:8e:e2:,eduroam,-86,2026-04-30 10:57:39
f8:6b:d9:01:8e:e1:,UTT,-86,2026-04-30 10:55:42
f8:6b:d9:01:8e:e1:,UTT,-86,2026-04-30 10:55:48
f8:6b:d9:01:8e:e1:,UTT,-86,2026-04-30 10:55:51
f8:6b:d9:01:8e:e1:,UTT,-86,2026-04-30 10:55:53
f8:6b:d9:01:8e:e1:,UTT,-86,2026-04-30 10:55:56
f8:6b:d9:01:8e:e1:,UTT,-86,2026-04-30 10:55:58
f8:6b:d9:01:8e:e1:,UTT,-86,2026-04-30 10:56:02
f8:6b:d9:01:8e:e1:,UTT,-86,2026-04-30 10:56:05
f8:6b:d9:01:8e:e1:,UTT,-86,2026-04-30 10:56:09
f8:6b:d9:01:8e:e1:,UTT,-86,2026-04-30 10:56:12
f8:6b:d9:01:8e:e1:,UTT,-86,2026-04-30 10:56:14
f8:6b:d9:01:8e:e1:,UTT,-86,2026-04-30 10:56:18
f8:6b:d9:01:8e:e1:,UTT,-86,2026-04-30 10:56:23
f8:6b:d9:01:8e:e1:,UTT,-86,2026-04-30 10:56:27
f8:6b:d9:01:8e:e1:,UTT,-86,2026-04-30 10:56:29
f8:6b:d9:01:8e:e1:,UTT,-86,2026-04-30 10:56:32
f8:6b:d9:01:8e:e1:,UTT,-86,2026-04-30 10:56:35
f8:6b:d9:01:8e:e1:,UTT,-86,2026-04-30 10:56:38
f8:6b:d9:01:8e:e1:,UTT,-86,2026-04-30 10:56:41
f8:6b:d9:01:8e:e1:,UTT,-86,2026-04-30 10:56:43
f8:6b:d9:01:8e:e1:,UTT,-86,2026-04-30 10:56:52
f8:6b:d9:01:8e:e1:,UTT,-86,2026-04-30 10:56:56
f8:6b:d9:01:8e:e1:,UTT,-86,2026-04-30 10:57:00
f8:6b:d9:01:8e:e1:,UTT,-86,2026-04-30 10:57:04
f8:6b:d9:01:8e:e1:,UTT,-86,2026-04-30 10:57:07
f8:6b:d9:01:8e:e1:,UTT,-86,2026-04-30 10:57:11
f8:6b:d9:01:8e:e1:,UTT,-86,2026-04-30 10:57:14
f8:6b:d9:01:8e:e1:,UTT,-86,2026-04-30 10:57:16
f8:6b:d9:01:8e:e1:,UTT,-86,2026-04-30 10:57:20
f8:6b:d9:01:8e:e1:,UTT,-86,2026-04-30 10:57:28
f8:6b:d9:01:8e:e1:,UTT,-86,2026-04-30 10:57:33
f8:6b:d9:01:8e:e1:,UTT,-86,2026-04-30 10:57:36
f8:6b:d9:01:8e:e1:,UTT,-86,2026-04-30 10:57:39
f8:6b:d9:01:8e:e4:,form_cyber,-85,2026-04-30 10:55:42
f8:6b:d9:01:8e:e4:,form_cyber,-85,2026-04-30 10:55:48
f8:6b:d9:01:8e:e4:,form_cyber,-85,2026-04-30 10:55:51
f8:6b:d9:01:8e:e4:,form_cyber,-85,2026-04-30 10:55:53
f8:6b:d9:01:8e:e4:,form_cyber,-85,2026-04-30 10:55:56
f8:6b:d9:01:8e:e4:,form_cyber,-85,2026-04-30 10:55:58
f8:6b:d9:01:8e:e4:,form_cyber,-85,2026-04-30 10:56:02
f8:6b:d9:01:8e:e4:,form_cyber,-85,2026-04-30 10:56:05
f8:6b:d9:01:8e:e4:,form_cyber,-85,2026-04-30 10:56:09
f8:6b:d9:01:8e:e4:,form_cyber,-85,2026-04-30 10:56:12
f8:6b:d9:01:8e:e4:,form_cyber,-85,2026-04-30 10:56:14
f8:6b:d9:01:8e:e4:,form_cyber,-85,2026-04-30 10:56:18
f8:6b:d9:01:8e:e4:,form_cyber,-85,2026-04-30 10:56:23
f8:6b:d9:01:8e:e4:,form_cyber,-85,2026-04-30 10:56:27
f8:6b:d9:01:8e:e4:,form_cyber,-85,2026-04-30 10:56:29
f8:6b:d9:01:8e:e4:,form_cyber,-85,2026-04-30 10:56:32
f8:6b:d9:01:8e:e4:,form_cyber,-85,2026-04-30 10:56:35
f8:6b:d9:01:8e:e4:,form_cyber,-85,2026-04-30 10:56:38
f8:6b:d9:01:8e:e4:,form_cyber,-85,2026-04-30 10:56:41
f8:6b:d9:01:8e:e4:,form_cyber,-85,2026-04-30 10:56:43
f8:6b:d9:01:8e:e4:,form_cyber,-85,2026-04-30 10:56:52
f8:6b:d9:01:8e:e4:,form_cyber,-85,2026-04-30 10:56:56
f8:6b:d9:01:8e:e4:,form_cyber,-85,2026-04-30 10:57:00
f8:6b:d9:01:8e:e4:,form_cyber,-85,2026-04-30 10:57:04
f8:6b:d9:01:8e:e4:,form_cyber,-85,2026-04-30 10:57:07
f8:6b:d9:01:8e:e4:,form_cyber,-85,2026-04-30 10:57:11
f8:6b:d9:01:8e:e4:,form_cyber,-85,2026-04-30 10:57:14
f8:6b:d9:01:8e:e4:,form_cyber,-85,2026-04-30 10:57:16
f8:6b:d9:01:8e:e4:,form_cyber,-85,2026-04-30 10:57:20
f8:6b:d9:01:8e:e4:,form_cyber,-85,2026-04-30 10:57:28
f8:6b:d9:01:8e:e4:,form_cyber,-85,2026-04-30 10:57:33
f8:6b:d9:01:8e:e4:,form_cyber,-85,2026-04-30 10:57:36
f8:6b:d9:01:8e:e4:,form_cyber,-85,2026-04-30 10:57:39
f8:6b:d9:01:8e:ea:,Hidden,-84,2026-04-30 10:55:42
f8:6b:d9:01:8e:ea:,Hidden,-84,2026-04-30 10:55:48
f8:6b:d9:01:8e:ea:,Hidden,-84,2026-04-30 10:55:51
f8:6b:d9:01:8e:ea:,Hidden,-84,2026-04-30 10:55:53
f8:6b:d9:01:8e:ea:,Hidden,-84,2026-04-30 10:55:56
f8:6b:d9:01:8e:ea:,Hidden,-84,2026-04-30 10:55:58
f8:6b:d9:01:8e:ea:,Hidden,-84,2026-04-30 10:56:02
f8:6b:d9:01:8e:ea:,Hidden,-84,2026-04-30 10:56:05
f8:6b:d9:01:8e:ea:,Hidden,-84,2026-04-30 10:56:09
f8:6b:d9:01:8e:ea:,Hidden,-84,2026-04-30 10:56:12
f8:6b:d9:01:8e:ea:,Hidden,-84,2026-04-30 10:56:14
f8:6b:d9:01:8e:ea:,Hidden,-84,2026-04-30 10:56:18
f8:6b:d9:01:8e:ea:,Hidden,-84,2026-04-30 10:56:23
f8:6b:d9:01:8e:ea:,Hidden,-84,2026-04-30 10:56:27
f8:6b:d9:01:8e:ea:,Hidden,-84,2026-04-30 10:56:29
f8:6b:d9:01:8e:ea:,Hidden,-84,2026-04-30 10:56:32
f8:6b:d9:01:8e:ea:,Hidden,-84,2026-04-30 10:56:35
f8:6b:d9:01:8e:ea:,Hidden,-84,2026-04-30 10:56:38
f8:6b:d9:01:8e:ea:,Hidden,-84,2026-04-30 10:56:41
f8:6b:d9:01:8e:ea:,Hidden,-84,2026-04-30 10:56:43
f8:6b:d9:01:8e:ea:,Hidden,-84,2026-04-30 10:56:52
f8:6b:d9:01:8e:ea:,Hidden,-84,2026-04-30 10:56:56
f8:6b:d9:01:8e:ea:,Hidden,-84,2026-04-30 10:57:00
f8:6b:d9:01:8e:ea:,Hidden,-84,2026-04-30 10:57:04
f8:6b:d9:01:8e:ea:,Hidden,-84,2026-04-30 10:57:07
f8:6b:d9:01:8e:ea:,Hidden,-84,2026-04-30 10:57:11
f8:6b:d9:01:8e:ea:,Hidden,-84,2026-04-30 10:57:14
f8:6b:d9:01:8e:ea:,Hidden,-84,2026-04-30 10:57:16
f8:6b:d9:01:8e:ea:,Hidden,-84,2026-04-30 10:57:20
f8:6b:d9:01:8e:ea:,Hidden,-84,2026-04-30 10:57:28
f8:6b:d9:01:8e:ea:,Hidden,-84,2026-04-30 10:57:33
f8:6b:d9:01:8e:ea:,Hidden,-84,2026-04-30 10:57:36
f8:6b:d9:01:8e:ea:,Hidden,-84,2026-04-30 10:57:39
f8:6b:d9:01:85:25:,Hidden,-84,2026-04-30 10:55:56
f8:6b:d9:01:85:25:,Hidden,-84,2026-04-30 10:55:58
f8:6b:d9:01:85:25:,Hidden,-85,2026-04-30 10:56:02
f8:6b:d9:01:85:25:,Hidden,-85,2026-04-30 10:56:05
f8:6b:d9:01:85:25:,Hidden,-85,2026-04-30 10:56:09
f8:6b:d9:01:85:25:,Hidden,-85,2026-04-30 10:56:12
f8:6b:d9:01:85:25:,Hidden,-85,2026-04-30 10:56:14
f8:6b:d9:01:85:25:,Hidden,-85,2026-04-30 10:56:18
f8:6b:d9:01:85:25:,Hidden,-84,2026-04-30 10:56:23
f8:6b:d9:01:85:25:,Hidden,-84,2026-04-30 10:56:27
f8:6b:d9:01:85:25:,Hidden,-83,2026-04-30 10:56:29
f8:6b:d9:01:85:25:,Hidden,-86,2026-04-30 10:56:32
f8:6b:d9:01:85:25:,Hidden,-86,2026-04-30 10:56:35
f8:6b:d9:01:85:25:,Hidden,-86,2026-04-30 10:56:38
f8:6b:d9:01:85:25:,Hidden,-86,2026-04-30 10:56:41
f8:6b:d9:01:85:25:,Hidden,-86,2026-04-30 10:56:43
f8:6b:d9:01:85:25:,Hidden,-86,2026-04-30 10:56:52
f8:6b:d9:01:85:25:,Hidden,-86,2026-04-30 10:56:56
f8:6b:d9:01:85:25:,Hidden,-83,2026-04-30 10:57:00
f8:6b:d9:01:85:25:,Hidden,-85,2026-04-30 10:57:04
f8:6b:d9:01:85:25:,Hidden,-85,2026-04-30 10:57:07
f8:6b:d9:01:85:25:,Hidden,-79,2026-04-30 10:57:11
f8:6b:d9:01:85:25:,Hidden,-79,2026-04-30 10:57:14
f8:6b:d9:01:85:25:,Hidden,-79,2026-04-30 10:57:16
f8:6b:d9:01:85:25:,Hidden,-79,2026-04-30 10:57:20
f8:6b:d9:01:85:25:,Hidden,-80,2026-04-30 10:57:28
f8:6b:d9:01:85:25:,Hidden,-80,2026-04-30 10:57:33
f8:6b:d9:01:85:25:,Hidden,-81,2026-04-30 10:57:36
f8:6b:d9:01:85:25:,Hidden,-81,2026-04-30 10:57:39
f8:6b:d9:01:85:25:,Hidden,-81,2026-04-30 10:57:42
f8:6b:d9:01:85:25:,Hidden,-85,2026-04-30 10:57:46
f8:6b:d9:01:85:25:,Hidden,-81,2026-04-30 10:57:50
f8:6b:d9:01:85:25:,Hidden,-81,2026-04-30 10:57:53
f8:6b:d9:01:85:25:,Hidden,-81,2026-04-30 10:57:57
f8:6b:d9:01:85:25:,Hidden,-86,2026-04-30 10:58:00
f8:6b:d9:01:85:25:,Hidden,-86,2026-04-30 10:58:03
f8:6b:d9:01:85:25:,Hidden,-86,2026-04-30 10:58:06
f8:6b:d9:01:85:25:,Hidden,-84,2026-04-30 10:58:12
f8:6b:d9:01:85:25:,Hidden,-84,2026-04-30 10:58:16
f8:6b:d9:01:85:25:,Hidden,-84,2026-04-30 10:58:20
