BSSID,SSID,RSSI(dBm),Time
e4:aa:5d:bf:25:57:,UTTetudiants,-85,2026-04-30 10:59:03
e4:aa:5d:bf:25:57:,UTTetudiants,-83,2026-04-30 10:59:03
e4:aa:5d:bf:25:57:,UTTetudiants,-85,2026-04-30 10:59:03
e4:aa:5d:bf:25:57:,UTTetudiants,-83,2026-04-30 10:59:07
e4:aa:5d:bf:25:57:,UTTetudiants,-83,2026-04-30 10:59:07
e4:aa:5d:bf:25:57:,UTTetudiants,-83,2026-04-30 10:59:07
e4:aa:5d:bf:25:57:,UTTetudiants,-83,2026-04-30 10:59:10
e4:aa:5d:bf:25:57:,UTTetudiants,-83,2026-04-30 10:59:10
e4:aa:5d:bf:25:57:,UTTetudiants,-83,2026-04-30 10:59:10
e4:aa:5d:bf:25:57:,UTTetudiants,-86,2026-04-30 10:59:12
e4:aa:5d:bf:25:57:,UTTetudiants,-75,2026-04-30 10:59:12
e4:aa:5d:bf:25:57:,UTTetudiants,-86,2026-04-30 10:59:12
e4:aa:5d:bf:25:57:,UTTetudiants,-88,2026-04-30 10:59:15
e4:aa:5d:bf:25:57:,UTTetudiants,-75,2026-04-30 10:59:15
e4:aa:5d:bf:25:57:,UTTetudiants,-88,2026-04-30 10:59:15
e4:aa:5d:bf:25:57:,UTTetudiants,-88,2026-04-30 10:59:18
e4:aa:5d:bf:25:57:,UTTetudiants,-75,2026-04-30 10:59:18
e4:aa:5d:bf:25:57:,UTTetudiants,-88,2026-04-30 10:59:18
e4:aa:5d:bf:25:57:,UTTetudiants,-84,2026-04-30 10:59:21
e4:aa:5d:bf:25:57:,UTTetudiants,-74,2026-04-30 10:59:21
e4:aa:5d:bf:25:57:,UTTetudiants,-84,2026-04-30 10:59:21
e4:aa:5d:bf:25:57:,UTTetudiants,-84,2026-04-30 10:59:25
e4:aa:5d:bf:25:57:,UTTetudiants,-74,2026-04-30 10:59:25
e4:aa:5d:bf:25:57:,UTTetudiants,-84,2026-04-30 10:59:25
e4:aa:5d:bf:25:57:,UTTetudiants,-85,2026-04-30 10:59:35
e4:aa:5d:bf:25:57:,UTTetudiants,-78,2026-04-30 10:59:35
e4:aa:5d:bf:25:57:,UTTetudiants,-85,2026-04-30 10:59:35
e4:aa:5d:bf:25:57:,UTTetudiants,-82,2026-04-30 10:59:37
e4:aa:5d:bf:25:57:,UTTetudiants,-78,2026-04-30 10:59:37
e4:aa:5d:bf:25:57:,UTTetudiants,-82,2026-04-30 10:59:37
e4:aa:5d:bf:25:57:,UTTetudiants,-82,2026-04-30 10:59:40
e4:aa:5d:bf:25:57:,UTTetudiants,-78,2026-04-30 10:59:40
e4:aa:5d:bf:25:57:,UTTetudiants,-82,2026-04-30 10:59:40
e4:aa:5d:bf:25:57:,UTTetudiants,-83,2026-04-30 10:59:43
e4:aa:5d:bf:25:57:,UTTetudiants,-72,2026-04-30 10:59:43
e4:aa:5d:bf:25:57:,UTTetudiants,-83,2026-04-30 10:59:43
e4:aa:5d:bf:25:57:,UTTetudiants,-83,2026-04-30 10:59:46
e4:aa:5d:bf:25:57:,UTTetudiants,-72,2026-04-30 10:59:46
e4:aa:5d:bf:25:57:,UTTetudiants,-83,2026-04-30 10:59:46
e4:aa:5d:bf:25:57:,UTTetudiants,-83,2026-04-30 10:59:48
e4:aa:5d:bf:25:57:,UTTetudiants,-82,2026-04-30 10:59:48
e4:aa:5d:bf:25:57:,UTTetudiants,-83,2026-04-30 10:59:48
e4:aa:5d:bf:25:57:,UTTetudiants,-83,2026-04-30 10:59:53
e4:aa:5d:bf:25:57:,UTTetudiants,-82,2026-04-30 10:59:53
e4:aa:5d:bf:25:57:,UTTetudiants,-83,2026-04-30 10:59:53
e4:aa:5d:bf:25:57:,UTTetudiants,-83,2026-04-30 10:59:56
e4:aa:5d:bf:25:57:,UTTetudiants,-81,2026-04-30 10:59:56
e4:aa:5d:bf:25:57:,UTTetudiants,-83,2026-04-30 10:59:56
e4:aa:5d:bf:25:57:,UTTetudiants,-88,2026-04-30 10:59:59
e4:aa:5d:bf:25:57:,UTTetudiants,-81,2026-04-30 10:59:59
e4:aa:5d:bf:25:57:,UTTetudiants,-88,2026-04-30 10:59:59
e4:aa:5d:bf:25:57:,UTTetudiants,-88,2026-04-30 11:00:04
e4:aa:5d:bf:25:57:,UTTetudiants,-81,2026-04-30 11:00:04
e4:aa:5d:bf:25:57:,UTTetudiants,-88,2026-04-30 11:00:04
e4:aa:5d:bf:25:57:,UTTetudiants,-88,2026-04-30 11:00:07
e4:aa:5d:bf:25:57:,UTTetudiants,-78,2026-04-30 11:00:07
e4:aa:5d:bf:25:57:,UTTetudiants,-88,2026-04-30 11:00:07
e4:aa:5d:bf:25:57:,UTTetudiants,-86,2026-04-30 11:00:10
e4:aa:5d:bf:25:57:,UTTetudiants,-78,2026-04-30 11:00:10
e4:aa:5d:bf:25:57:,UTTetudiants,-86,2026-04-30 11:00:10
e4:aa:5d:bf:25:57:,UTTetudiants,-86,2026-04-30 11:00:13
e4:aa:5d:bf:25:57:,UTTetudiants,-78,2026-04-30 11:00:13
e4:aa:5d:bf:25:57:,UTTetudiants,-86,2026-04-30 11:00:13
e4:aa:5d:bf:25:57:,UTTetudiants,-86,2026-04-30 11:00:16
e4:aa:5d:bf:25:57:,UTTetudiants,-77,2026-04-30 11:00:16
e4:aa:5d:bf:25:57:,UTTetudiants,-86,2026-04-30 11:00:16
e4:aa:5d:bf:25:57:,UTTetudiants,-86,2026-04-30 11:00:18
e4:aa:5d:bf:25:57:,UTTetudiants,-77,2026-04-30 11:00:18
e4:aa:5d:bf:25:57:,UTTetudiants,-86,2026-04-30 11:00:18
e4:aa:5d:bf:25:57:,UTTetudiants,-86,2026-04-30 11:00:24
e4:aa:5d:bf:25:57:,UTTetudiants,-77,2026-04-30 11:00:24
e4:aa:5d:bf:25:57:,UTTetudiants,-86,2026-04-30 11:00:24
e4:aa:5d:bf:25:57:,UTTetudiants,-86,2026-04-30 11:00:27
e4:aa:5d:bf:25:57:,UTTetudiants,-82,2026-04-30 11:00:27
e4:aa:5d:bf:25:57:,UTTetudiants,-86,2026-04-30 11:00:27
e4:aa:5d:bf:25:57:,UTTetudiants,-84,2026-04-30 11:00:30
e4:aa:5d:bf:25:57:,UTTetudiants,-81,2026-04-30 11:00:30
e4:aa:5d:bf:25:57:,UTTetudiants,-84,2026-04-30 11:00:30
e4:aa:5d:bf:25:57:,UTTetudiants,-86,2026-04-30 11:00:33
e4:aa:5d:bf:25:57:,UTTetudiants,-81,2026-04-30 11:00:33
e4:aa:5d:bf:25:57:,UTTetudiants,-86,2026-04-30 11:00:33
e4:aa:5d:bf:25:57:,UTTetudiants,-83,2026-04-30 11:00:38
e4:aa:5d:bf:25:57:,UTTetudiants,-78,2026-04-30 11:00:38
e4:aa:5d:bf:25:57:,UTTetudiants,-83,2026-04-30 11:00:38
e4:aa:5d:bf:25:57:,UTTetudiants,-83,2026-04-30 11:00:41
e4:aa:5d:bf:25:57:,UTTetudiants,-85,2026-04-30 11:00:41
e4:aa:5d:bf:25:57:,UTTetudiants,-83,2026-04-30 11:00:41
e4:aa:5d:bf:25:57:,UTTetudiants,-83,2026-04-30 11:00:45
e4:aa:5d:bf:25:57:,UTTetudiants,-81,2026-04-30 11:00:45
e4:aa:5d:bf:25:57:,UTTetudiants,-83,2026-04-30 11:00:45
e4:aa:5d:bf:25:57:,UTTetudiants,-83,2026-04-30 11:00:51
e4:aa:5d:bf:25:57:,UTTetudiants,-81,2026-04-30 11:00:51
e4:aa:5d:bf:25:57:,UTTetudiants,-83,2026-04-30 11:00:51
e4:aa:5d:bf:25:57:,UTTetudiants,-83,2026-04-30 11:00:54
e4:aa:5d:bf:25:57:,UTTetudiants,-81,2026-04-30 11:00:54
e4:aa:5d:bf:25:57:,UTTetudiants,-83,2026-04-30 11:00:54
e4:aa:5d:bf:25:57:,UTTetudiants,-83,2026-04-30 11:00:57
e4:aa:5d:bf:25:57:,UTTetudiants,-79,2026-04-30 11:00:57
e4:aa:5d:bf:25:57:,UTTetudiants,-83,2026-04-30 11:00:57
e4:aa:5d:bf:25:57:,UTTetudiants,-83,2026-04-30 11:00:59
e4:aa:5d:bf:25:57:,UTTetudiants,-79,2026-04-30 11:00:59
e4:aa:5d:bf:25:57:,UTTetudiants,-83,2026-04-30 11:00:59
e4:aa:5d:bf:25:57:,UTTetudiants,-83,2026-04-30 11:01:02
e4:aa:5d:bf:25:57:,UTTetudiants,-79,2026-04-30 11:01:02
e4:aa:5d:bf:25:57:,UTTetudiants,-83,2026-04-30 11:01:02
e4:aa:5d:bf:25:57:,UTTetudiants,-83,2026-04-30 11:01:05
e4:aa:5d:bf:25:57:,UTTetudiants,-83,2026-04-30 11:01:05
e4:aa:5d:bf:25:57:,UTTetudiants,-83,2026-04-30 11:01:05
e4:aa:5d:bf:25:57:,UTTetudiants,-83,2026-04-30 11:01:12
e4:aa:5d:bf:25:57:,UTTetudiants,-83,2026-04-30 11:01:12
e4:aa:5d:bf:25:57:,UTTetudiants,-83,2026-04-30 11:01:12
e4:aa:5d:bf:25:57:,UTTetudiants,-83,2026-04-30 11:01:16
e4:aa:5d:bf:25:57:,UTTetudiants,-83,2026-04-30 11:01:16
e4:aa:5d:bf:25:57:,UTTetudiants,-83,2026-04-30 11:01:16
e4:aa:5d:bf:25:57:,UTTetudiants,-83,2026-04-30 11:01:20
e4:aa:5d:bf:25:57:,UTTetudiants,-83,2026-04-30 11:01:20
e4:aa:5d:bf:25:57:,UTTetudiants,-83,2026-04-30 11:01:20
e4:aa:5d:bf:25:57:,UTTetudiants,-83,2026-04-30 11:01:22
e4:aa:5d:bf:25:57:,UTTetudiants,-83,2026-04-30 11:01:22
e4:aa:5d:bf:25:57:,UTTetudiants,-83,2026-04-30 11:01:22
e4:aa:5d:bf:25:57:,UTTetudiants,-84,2026-04-30 11:01:25
e4:aa:5d:bf:25:57:,UTTetudiants,-83,2026-04-30 11:01:25
e4:aa:5d:bf:25:57:,UTTetudiants,-84,2026-04-30 11:01:25
e4:aa:5d:bf:25:57:,UTTetudiants,-84,2026-04-30 11:01:28
e4:aa:5d:bf:25:57:,UTTetudiants,-84,2026-04-30 11:01:28
e4:aa:5d:bf:25:57:,UTTetudiants,-84,2026-04-30 11:01:28
e4:aa:5d:bf:25:57:,UTTetudiants,-84,2026-04-30 11:01:31
e4:aa:5d:bf:25:57:,UTTetudiants,-84,2026-04-30 11:01:31
e4:aa:5d:bf:25:57:,UTTetudiants,-84,2026-04-30 11:01:31
e4:aa:5d:bf:25:57:,UTTetudiants,-84,2026-04-30 11:01:34
e4:aa:5d:bf:25:57:,UTTetudiants,-84,2026-04-30 11:01:34
e4:aa:5d:bf:25:57:,UTTetudiants,-84,2026-04-30 11:01:34
e4:aa:5d:bf:25:57:,UTTetudiants,-84,2026-04-30 11:01:36
e4:aa:5d:bf:25:57:,UTTetudiants,-84,2026-04-30 11:01:36
e4:aa:5d:bf:25:57:,UTTetudiants,-84,2026-04-30 11:01:36
e4:aa:5d:bf:25:57:,UTTetudiants,-84,2026-04-30 11:01:39
e4:aa:5d:bf:25:57:,UTTetudiants,-84,2026-04-30 11:01:39
e4:aa:5d:bf:25:57:,UTTetudiants,-84,2026-04-30 11:01:39
e4:aa:5d:bf:25:57:,UTTetudiants,-85,2026-04-30 11:01:42
e4:aa:5d:bf:25:57:,UTTetudiants,-84,2026-04-30 11:01:42
e4:aa:5d:bf:25:57:,UTTetudiants,-85,2026-04-30 11:01:42
e4:aa:5d:bf:25:57:,UTTetudiants,-85,2026-04-30 11:01:45
e4:aa:5d:bf:25:57:,UTTetudiants,-78,2026-04-30 11:01:45
e4:aa:5d:bf:25:57:,UTTetudiants,-85,2026-04-30 11:01:45
e4:aa:5d:bf:25:57:,UTTetudiants,-88,2026-04-30 11:01:48
e4:aa:5d:bf:25:57:,UTTetudiants,-78,2026-04-30 11:01:48
e4:aa:5d:bf:25:57:,UTTetudiants,-88,2026-04-30 11:01:48
e4:aa:5d:bf:25:57:,UTTetudiants,-88,2026-04-30 11:01:51
e4:aa:5d:bf:25:57:,UTTetudiants,-78,2026-04-30 11:01:51
e4:aa:5d:bf:25:57:,UTTetudiants,-88,2026-04-30 11:01:51
e4:aa:5d:bf:25:57:,UTTetudiants,-88,2026-04-30 11:01:54
e4:aa:5d:bf:25:57:,UTTetudiants,-78,2026-04-30 11:01:54
e4:aa:5d:bf:25:57:,UTTetudiants,-88,2026-04-30 11:01:54
e4:aa:5d:bf:25:57:,UTTetudiants,-88,2026-04-30 11:01:56
e4:aa:5d:bf:25:57:,UTTetudiants,-78,2026-04-30 11:01:56
e4:aa:5d:bf:25:57:,UTTetudiants,-88,2026-04-30 11:01:56
e4:aa:5d:bf:25:57:,UTTetudiants,-88,2026-04-30 11:01:59
e4:aa:5d:bf:25:57:,UTTetudiants,-78,2026-04-30 11:01:59
e4:aa:5d:bf:25:57:,UTTetudiants,-88,2026-04-30 11:01:59
e4:aa:5d:bf:25:57:,UTTetudiants,-88,2026-04-30 11:02:02
e4:aa:5d:bf:25:57:,UTTetudiants,-78,2026-04-30 11:02:02
e4:aa:5d:bf:25:57:,UTTetudiants,-88,2026-04-30 11:02:02
e4:aa:5d:bf:25:57:,UTTetudiants,-87,2026-04-30 11:02:05
e4:aa:5d:bf:25:57:,UTTetudiants,-78,2026-04-30 11:02:05
e4:aa:5d:bf:25:57:,UTTetudiants,-87,2026-04-30 11:02:05
e4:aa:5d:bf:25:57:,UTTetudiants,-87,2026-04-30 11:02:08
e4:aa:5d:bf:25:57:,UTTetudiants,-78,2026-04-30 11:02:08
e4:aa:5d:bf:25:57:,UTTetudiants,-87,2026-04-30 11:02:08
e4:aa:5d:bf:25:57:,UTTetudiants,-87,2026-04-30 11:02:11
e4:aa:5d:bf:25:57:,UTTetudiants,-74,2026-04-30 11:02:11
e4:aa:5d:bf:25:57:,UTTetudiants,-87,2026-04-30 11:02:11
e4:aa:5d:bf:25:57:,UTTetudiants,-83,2026-04-30 11:02:16
e4:aa:5d:bf:25:57:,UTTetudiants,-74,2026-04-30 11:02:16
e4:aa:5d:bf:25:57:,UTTetudiants,-83,2026-04-30 11:02:16
e4:aa:5d:bf:25:57:,UTTetudiants,-83,2026-04-30 11:02:19
e4:aa:5d:bf:25:57:,UTTetudiants,-81,2026-04-30 11:02:19
e4:aa:5d:bf:25:57:,UTTetudiants,-83,2026-04-30 11:02:19
e4:aa:5d:fd:3e:e7:,UTTetudiants,-78,2026-04-30 10:59:03
e4:aa:5d:fd:3e:e7:,UTTetudiants,-75,2026-04-30 10:59:03
e4:aa:5d:fd:3e:e7:,UTTetudiants,-78,2026-04-30 10:59:03
e4:aa:5d:fd:3e:e7:,UTTetudiants,-78,2026-04-30 10:59:07
e4:aa:5d:fd:3e:e7:,UTTetudiants,-75,2026-04-30 10:59:07
e4:aa:5d:fd:3e:e7:,UTTetudiants,-78,2026-04-30 10:59:07
e4:aa:5d:fd:3e:e7:,UTTetudiants,-78,2026-04-30 10:59:10
e4:aa:5d:fd:3e:e7:,UTTetudiants,-75,2026-04-30 10:59:10
e4:aa:5d:fd:3e:e7:,UTTetudiants,-78,2026-04-30 10:59:10
e4:aa:5d:fd:3e:e7:,UTTetudiants,-78,2026-04-30 10:59:12
e4:aa:5d:fd:3e:e7:,UTTetudiants,-75,2026-04-30 10:59:12
e4:aa:5d:fd:3e:e7:,UTTetudiants,-78,2026-04-30 10:59:12
e4:aa:5d:fd:3e:e7:,UTTetudiants,-85,2026-04-30 10:59:15
e4:aa:5d:fd:3e:e7:,UTTetudiants,-75,2026-04-30 10:59:15
e4:aa:5d:fd:3e:e7:,UTTetudiants,-85,2026-04-30 10:59:15
e4:aa:5d:fd:3e:e7:,UTTetudiants,-85,2026-04-30 10:59:18
e4:aa:5d:fd:3e:e7:,UTTetudiants,-75,2026-04-30 10:59:18
e4:aa:5d:fd:3e:e7:,UTTetudiants,-85,2026-04-30 10:59:18
e4:aa:5d:fd:3e:e7:,UTTetudiants,-85,2026-04-30 10:59:21
e4:aa:5d:fd:3e:e7:,UTTetudiants,-75,2026-04-30 10:59:21
e4:aa:5d:fd:3e:e7:,UTTetudiants,-85,2026-04-30 10:59:21
e4:aa:5d:fd:3e:e7:,UTTetudiants,-85,2026-04-30 10:59:25
e4:aa:5d:fd:3e:e7:,UTTetudiants,-75,2026-04-30 10:59:25
e4:aa:5d:fd:3e:e7:,UTTetudiants,-85,2026-04-30 10:59:25
e4:aa:5d:fd:3e:e7:,UTTetudiants,-85,2026-04-30 10:59:35
e4:aa:5d:fd:3e:e7:,UTTetudiants,-75,2026-04-30 10:59:35
e4:aa:5d:fd:3e:e7:,UTTetudiants,-85,2026-04-30 10:59:35
e4:aa:5d:fd:3e:e7:,UTTetudiants,-85,2026-04-30 10:59:37
e4:aa:5d:fd:3e:e7:,UTTetudiants,-75,2026-04-30 10:59:37
e4:aa:5d:fd:3e:e7:,UTTetudiants,-85,2026-04-30 10:59:37
e4:aa:5d:fd:3e:e7:,UTTetudiants,-85,2026-04-30 10:59:40
e4:aa:5d:fd:3e:e7:,UTTetudiants,-75,2026-04-30 10:59:40
e4:aa:5d:fd:3e:e7:,UTTetudiants,-85,2026-04-30 10:59:40
e4:aa:5d:fd:3e:e7:,UTTetudiants,-85,2026-04-30 10:59:43
e4:aa:5d:fd:3e:e7:,UTTetudiants,-75,2026-04-30 10:59:43
e4:aa:5d:fd:3e:e7:,UTTetudiants,-85,2026-04-30 10:59:43
e4:aa:5d:fd:3e:e7:,UTTetudiants,-87,2026-04-30 10:59:46
e4:aa:5d:fd:3e:e7:,UTTetudiants,-75,2026-04-30 10:59:46
e4:aa:5d:fd:3e:e7:,UTTetudiants,-87,2026-04-30 10:59:46
e4:aa:5d:fd:3e:e7:,UTTetudiants,-87,2026-04-30 10:59:48
e4:aa:5d:fd:3e:e7:,UTTetudiants,-75,2026-04-30 10:59:48
e4:aa:5d:fd:3e:e7:,UTTetudiants,-87,2026-04-30 10:59:48
e4:aa:5d:fd:3e:e7:,UTTetudiants,-87,2026-04-30 10:59:53
e4:aa:5d:fd:3e:e7:,UTTetudiants,-75,2026-04-30 10:59:53
e4:aa:5d:fd:3e:e7:,UTTetudiants,-87,2026-04-30 10:59:53
e4:aa:5d:fd:3e:e7:,UTTetudiants,-87,2026-04-30 10:59:56
e4:aa:5d:fd:3e:e7:,UTTetudiants,-75,2026-04-30 10:59:56
e4:aa:5d:fd:3e:e7:,UTTetudiants,-87,2026-04-30 10:59:56
e4:aa:5d:fd:3e:e7:,UTTetudiants,-87,2026-04-30 10:59:59
e4:aa:5d:fd:3e:e7:,UTTetudiants,-75,2026-04-30 10:59:59
e4:aa:5d:fd:3e:e7:,UTTetudiants,-87,2026-04-30 10:59:59
e4:aa:5d:fd:3e:e7:,UTTetudiants,-87,2026-04-30 11:00:04
e4:aa:5d:fd:3e:e7:,UTTetudiants,-75,2026-04-30 11:00:04
e4:aa:5d:fd:3e:e7:,UTTetudiants,-87,2026-04-30 11:00:04
e4:aa:5d:fd:3e:e7:,UTTetudiants,-87,2026-04-30 11:00:07
e4:aa:5d:fd:3e:e7:,UTTetudiants,-75,2026-04-30 11:00:07
e4:aa:5d:fd:3e:e7:,UTTetudiants,-87,2026-04-30 11:00:07
e4:aa:5d:fd:3e:e7:,UTTetudiants,-84,2026-04-30 11:00:10
e4:aa:5d:fd:3e:e7:,UTTetudiants,-75,2026-04-30 11:00:10
e4:aa:5d:fd:3e:e7:,UTTetudiants,-84,2026-04-30 11:00:10
e4:aa:5d:fd:3e:e7:,UTTetudiants,-84,2026-04-30 11:00:13
e4:aa:5d:fd:3e:e7:,UTTetudiants,-75,2026-04-30 11:00:13
e4:aa:5d:fd:3e:e7:,UTTetudiants,-84,2026-04-30 11:00:13
e4:aa:5d:fd:3e:e7:,UTTetudiants,-84,2026-04-30 11:00:16
e4:aa:5d:fd:3e:e7:,UTTetudiants,-75,2026-04-30 11:00:16
e4:aa:5d:fd:3e:e7:,UTTetudiants,-84,2026-04-30 11:00:16
e4:aa:5d:fd:3e:e7:,UTTetudiants,-84,2026-04-30 11:00:18
e4:aa:5d:fd:3e:e7:,UTTetudiants,-75,2026-04-30 11:00:18
e4:aa:5d:fd:3e:e7:,UTTetudiants,-84,2026-04-30 11:00:18
e4:aa:5d:fd:3e:e7:,UTTetudiants,-84,2026-04-30 11:00:24
e4:aa:5d:fd:3e:e7:,UTTetudiants,-75,2026-04-30 11:00:24
e4:aa:5d:fd:3e:e7:,UTTetudiants,-84,2026-04-30 11:00:24
e4:aa:5d:fd:3e:e7:,UTTetudiants,-84,2026-04-30 11:00:27
e4:aa:5d:fd:3e:e7:,UTTetudiants,-75,2026-04-30 11:00:27
e4:aa:5d:fd:3e:e7:,UTTetudiants,-84,2026-04-30 11:00:27
e4:aa:5d:fd:3e:e7:,UTTetudiants,-84,2026-04-30 11:00:30
e4:aa:5d:fd:3e:e7:,UTTetudiants,-75,2026-04-30 11:00:30
e4:aa:5d:fd:3e:e7:,UTTetudiants,-84,2026-04-30 11:00:30
e4:aa:5d:fd:3e:e7:,UTTetudiants,-84,2026-04-30 11:00:33
e4:aa:5d:fd:3e:e7:,UTTetudiants,-84,2026-04-30 11:00:33
e4:aa:5d:fd:3e:e7:,UTTetudiants,-84,2026-04-30 11:00:38
e4:aa:5d:fd:3e:e7:,UTTetudiants,-84,2026-04-30 11:00:38
e4:aa:5d:fd:3e:e7:,UTTetudiants,-84,2026-04-30 11:00:41
e4:aa:5d:fd:3e:e7:,UTTetudiants,-84,2026-04-30 11:00:41
e4:aa:5d:fd:3e:e7:,UTTetudiants,-84,2026-04-30 11:00:45
e4:aa:5d:fd:3e:e7:,UTTetudiants,-84,2026-04-30 11:00:45
e4:aa:5d:fd:3e:e7:,UTTetudiants,-84,2026-04-30 11:00:51
e4:aa:5d:fd:3e:e7:,UTTetudiants,-84,2026-04-30 11:00:51
e4:aa:5d:fd:3e:e7:,UTTetudiants,-84,2026-04-30 11:00:54
e4:aa:5d:fd:3e:e7:,UTTetudiants,-84,2026-04-30 11:00:54
e4:aa:5d:fd:3e:e7:,UTTetudiants,-84,2026-04-30 11:00:57
e4:aa:5d:fd:3e:e7:,UTTetudiants,-84,2026-04-30 11:00:57
e4:aa:5d:fd:3e:e7:,UTTetudiants,-84,2026-04-30 11:00:59
e4:aa:5d:fd:3e:e7:,UTTetudiants,-84,2026-04-30 11:00:59
e4:aa:5d:fd:3e:e7:,UTTetudiants,-84,2026-04-30 11:01:02
e4:aa:5d:fd:3e:e7:,UTTetudiants,-84,2026-04-30 11:01:02
e4:aa:5d:fd:3e:e7:,UTTetudiants,-84,2026-04-30 11:01:05
e4:aa:5d:fd:3e:e7:,UTTetudiants,-84,2026-04-30 11:01:05
e4:aa:5d:fd:3e:e7:,UTTetudiants,-84,2026-04-30 11:01:12
e4:aa:5d:fd:3e:e7:,UTTetudiants,-84,2026-04-30 11:01:12
e4:aa:5d:fd:3e:e7:,UTTetudiants,-84,2026-04-30 11:01:16
e4:aa:5d:fd:3e:e7:,UTTetudiants,-84,2026-04-30 11:01:16
e4:aa:5d:fd:3e:e7:,UTTetudiants,-84,2026-04-30 11:01:20
e4:aa:5d:fd:3e:e7:,UTTetudiants,-84,2026-04-30 11:01:20
e4:aa:5d:fd:3e:e7:,UTTetudiants,-84,2026-04-30 11:01:22
e4:aa:5d:fd:3e:e7:,UTTetudiants,-84,2026-04-30 11:01:22
e4:aa:5d:fd:3e:e7:,UTTetudiants,-84,2026-04-30 11:01:25
e4:aa:5d:fd:3e:e7:,UTTetudiants,-84,2026-04-30 11:01:25
e4:aa:5d:fd:3e:e7:,UTTetudiants,-84,2026-04-30 11:01:28
e4:aa:5d:fd:3e:e7:,UTTetudiants,-84,2026-04-30 11:01:28
e4:aa:5d:fd:3e:e7:,UTTetudiants,-84,2026-04-30 11:01:31
e4:aa:5d:fd:3e:e7:,UTTetudiants,-84,2026-04-30 11:01:31
e4:aa:5d:fd:3e:e7:,UTTetudiants,-84,2026-04-30 11:01:34
e4:aa:5d:fd:3e:e7:,UTTetudiants,-84,2026-04-30 11:01:34
e4:aa:5d:fd:3e:e7:,UTTetudiants,-84,2026-04-30 11:01:36
e4:aa:5d:fd:3e:e7:,UTTetudiants,-84,2026-04-30 11:01:36
e4:aa:5d:fd:3e:e7:,UTTetudiants,-84,2026-04-30 11:01:39
e4:aa:5d:fd:3e:e7:,UTTetudiants,-84,2026-04-30 11:01:39
e4:aa:5d:fd:3e:e7:,UTTetudiants,-84,2026-04-30 11:01:42
e4:aa:5d:fd:3e:e7:,UTTetudiants,-84,2026-04-30 11:01:42
e4:aa:5d:fd:3e:e7:,UTTetudiants,-84,2026-04-30 11:01:45
e4:aa:5d:fd:3e:e7:,UTTetudiants,-84,2026-04-30 11:01:45
e4:aa:5d:fd:3e:e7:,UTTetudiants,-84,2026-04-30 11:01:48
e4:aa:5d:fd:3e:e7:,UTTetudiants,-84,2026-04-30 11:01:48
e4:aa:5d:fd:3e:e7:,UTTetudiants,-84,2026-04-30 11:01:51
e4:aa:5d:fd:3e:e7:,UTTetudiants,-84,2026-04-30 11:01:51
e4:aa:5d:fd:3e:e7:,UTTetudiants,-84,2026-04-30 11:01:54
e4:aa:5d:fd:3e:e7:,UTTetudiants,-84,2026-04-30 11:01:54
e4:aa:5d:fd:3e:e7:,UTTetudiants,-84,2026-04-30 11:01:56
e4:aa:5d:fd:3e:e7:,UTTetudiants,-84,2026-04-30 11:01:56
e4:aa:5d:fd:3e:e7:,UTTetudiants,-84,2026-04-30 11:01:59
e4:aa:5d:fd:3e:e7:,UTTetudiants,-84,2026-04-30 11:01:59
e4:aa:5d:fd:3e:e7:,UTTetudiants,-84,2026-04-30 11:02:02
e4:aa:5d:fd:3e:e7:,UTTetudiants,-84,2026-04-30 11:02:02
e4:aa:5d:fd:3e:e7:,UTTetudiants,-84,2026-04-30 11:02:05
e4:aa:5d:fd:3e:e7:,UTTetudiants,-84,2026-04-30 11:02:05
e4:aa:5d:fd:3e:e7:,UTTetudiants,-82,2026-04-30 11:02:16
e4:aa:5d:fd:3e:e7:,UTTetudiants,-82,2026-04-30 11:02:16
e4:aa:5d:fd:3e:e7:,UTTetudiants,-82,2026-04-30 11:02:19
e4:aa:5d:fd:3e:e7:,UTTetudiants,-82,2026-04-30 11:02:19
e4:aa:5d:bf:25:58:,UTTetudiants,-84,2026-04-30 10:59:03
e4:aa:5d:bf:25:58:,UTTetudiants,-71,2026-04-30 10:59:03
e4:aa:5d:bf:25:58:,UTTetudiants,-84,2026-04-30 10:59:03
e4:aa:5d:bf:25:58:,UTTetudiants,-84,2026-04-30 10:59:07
e4:aa:5d:bf:25:58:,UTTetudiants,-83,2026-04-30 10:59:07
e4:aa:5d:bf:25:58:,UTTetudiants,-84,2026-04-30 10:59:07
e4:aa:5d:bf:25:58:,UTTetudiants,-83,2026-04-30 10:59:10
e4:aa:5d:bf:25:58:,UTTetudiants,-83,2026-04-30 10:59:10
e4:aa:5d:bf:25:58:,UTTetudiants,-83,2026-04-30 10:59:10
e4:aa:5d:bf:25:58:,UTTetudiants,-75,2026-04-30 10:59:12
e4:aa:5d:bf:25:58:,UTTetudiants,-87,2026-04-30 10:59:12
e4:aa:5d:bf:25:58:,UTTetudiants,-75,2026-04-30 10:59:12
e4:aa:5d:bf:25:58:,UTTetudiants,-75,2026-04-30 10:59:15
e4:aa:5d:bf:25:58:,UTTetudiants,-88,2026-04-30 10:59:15
e4:aa:5d:bf:25:58:,UTTetudiants,-75,2026-04-30 10:59:15
e4:aa:5d:bf:25:58:,UTTetudiants,-75,2026-04-30 10:59:18
e4:aa:5d:bf:25:58:,UTTetudiants,-88,2026-04-30 10:59:18
e4:aa:5d:bf:25:58:,UTTetudiants,-75,2026-04-30 10:59:18
e4:aa:5d:bf:25:58:,UTTetudiants,-74,2026-04-30 10:59:21
e4:aa:5d:bf:25:58:,UTTetudiants,-84,2026-04-30 10:59:21
e4:aa:5d:bf:25:58:,UTTetudiants,-74,2026-04-30 10:59:21
e4:aa:5d:bf:25:58:,UTTetudiants,-74,2026-04-30 10:59:25
e4:aa:5d:bf:25:58:,UTTetudiants,-84,2026-04-30 10:59:25
e4:aa:5d:bf:25:58:,UTTetudiants,-74,2026-04-30 10:59:25
e4:aa:5d:bf:25:58:,UTTetudiants,-79,2026-04-30 10:59:35
e4:aa:5d:bf:25:58:,UTTetudiants,-84,2026-04-30 10:59:35
e4:aa:5d:bf:25:58:,UTTetudiants,-79,2026-04-30 10:59:35
e4:aa:5d:bf:25:58:,UTTetudiants,-79,2026-04-30 10:59:37
e4:aa:5d:bf:25:58:,UTTetudiants,-82,2026-04-30 10:59:37
e4:aa:5d:bf:25:58:,UTTetudiants,-79,2026-04-30 10:59:37
e4:aa:5d:bf:25:58:,UTTetudiants,-78,2026-04-30 10:59:40
e4:aa:5d:bf:25:58:,UTTetudiants,-82,2026-04-30 10:59:40
e4:aa:5d:bf:25:58:,UTTetudiants,-78,2026-04-30 10:59:40
e4:aa:5d:bf:25:58:,UTTetudiants,-71,2026-04-30 10:59:43
e4:aa:5d:bf:25:58:,UTTetudiants,-83,2026-04-30 10:59:43
e4:aa:5d:bf:25:58:,UTTetudiants,-71,2026-04-30 10:59:43
e4:aa:5d:bf:25:58:,UTTetudiants,-71,2026-04-30 10:59:46
e4:aa:5d:bf:25:58:,UTTetudiants,-84,2026-04-30 10:59:46
e4:aa:5d:bf:25:58:,UTTetudiants,-71,2026-04-30 10:59:46
e4:aa:5d:bf:25:58:,UTTetudiants,-82,2026-04-30 10:59:48
e4:aa:5d:bf:25:58:,UTTetudiants,-84,2026-04-30 10:59:48
e4:aa:5d:bf:25:58:,UTTetudiants,-82,2026-04-30 10:59:48
e4:aa:5d:bf:25:58:,UTTetudiants,-82,2026-04-30 10:59:53
e4:aa:5d:bf:25:58:,UTTetudiants,-87,2026-04-30 10:59:53
e4:aa:5d:bf:25:58:,UTTetudiants,-82,2026-04-30 10:59:53
e4:aa:5d:bf:25:58:,UTTetudiants,-81,2026-04-30 10:59:56
e4:aa:5d:bf:25:58:,UTTetudiants,-87,2026-04-30 10:59:56
e4:aa:5d:bf:25:58:,UTTetudiants,-81,2026-04-30 10:59:56
e4:aa:5d:bf:25:58:,UTTetudiants,-81,2026-04-30 10:59:59
e4:aa:5d:bf:25:58:,UTTetudiants,-88,2026-04-30 10:59:59
e4:aa:5d:bf:25:58:,UTTetudiants,-81,2026-04-30 10:59:59
e4:aa:5d:bf:25:58:,UTTetudiants,-81,2026-04-30 11:00:04
e4:aa:5d:bf:25:58:,UTTetudiants,-88,2026-04-30 11:00:04
e4:aa:5d:bf:25:58:,UTTetudiants,-81,2026-04-30 11:00:04
e4:aa:5d:bf:25:58:,UTTetudiants,-78,2026-04-30 11:00:07
e4:aa:5d:bf:25:58:,UTTetudiants,-88,2026-04-30 11:00:07
e4:aa:5d:bf:25:58:,UTTetudiants,-78,2026-04-30 11:00:07
e4:aa:5d:bf:25:58:,UTTetudiants,-78,2026-04-30 11:00:10
e4:aa:5d:bf:25:58:,UTTetudiants,-85,2026-04-30 11:00:10
e4:aa:5d:bf:25:58:,UTTetudiants,-78,2026-04-30 11:00:10
e4:aa:5d:bf:25:58:,UTTetudiants,-78,2026-04-30 11:00:13
e4:aa:5d:bf:25:58:,UTTetudiants,-85,2026-04-30 11:00:13
e4:aa:5d:bf:25:58:,UTTetudiants,-78,2026-04-30 11:00:13
e4:aa:5d:bf:25:58:,UTTetudiants,-77,2026-04-30 11:00:16
e4:aa:5d:bf:25:58:,UTTetudiants,-85,2026-04-30 11:00:16
e4:aa:5d:bf:25:58:,UTTetudiants,-77,2026-04-30 11:00:16
e4:aa:5d:bf:25:58:,UTTetudiants,-77,2026-04-30 11:00:18
e4:aa:5d:bf:25:58:,UTTetudiants,-85,2026-04-30 11:00:18
e4:aa:5d:bf:25:58:,UTTetudiants,-77,2026-04-30 11:00:18
e4:aa:5d:bf:25:58:,UTTetudiants,-84,2026-04-30 11:00:24
e4:aa:5d:bf:25:58:,UTTetudiants,-85,2026-04-30 11:00:24
e4:aa:5d:bf:25:58:,UTTetudiants,-84,2026-04-30 11:00:24
e4:aa:5d:bf:25:58:,UTTetudiants,-81,2026-04-30 11:00:27
e4:aa:5d:bf:25:58:,UTTetudiants,-85,2026-04-30 11:00:27
e4:aa:5d:bf:25:58:,UTTetudiants,-81,2026-04-30 11:00:27
e4:aa:5d:bf:25:58:,UTTetudiants,-82,2026-04-30 11:00:30
e4:aa:5d:bf:25:58:,UTTetudiants,-84,2026-04-30 11:00:30
e4:aa:5d:bf:25:58:,UTTetudiants,-82,2026-04-30 11:00:30
e4:aa:5d:bf:25:58:,UTTetudiants,-82,2026-04-30 11:00:33
e4:aa:5d:bf:25:58:,UTTetudiants,-85,2026-04-30 11:00:33
e4:aa:5d:bf:25:58:,UTTetudiants,-82,2026-04-30 11:00:33
e4:aa:5d:bf:25:58:,UTTetudiants,-78,2026-04-30 11:00:38
e4:aa:5d:bf:25:58:,UTTetudiants,-84,2026-04-30 11:00:38
e4:aa:5d:bf:25:58:,UTTetudiants,-78,2026-04-30 11:00:38
e4:aa:5d:bf:25:58:,UTTetudiants,-78,2026-04-30 11:00:41
e4:aa:5d:bf:25:58:,UTTetudiants,-84,2026-04-30 11:00:41
e4:aa:5d:bf:25:58:,UTTetudiants,-78,2026-04-30 11:00:41
e4:aa:5d:bf:25:58:,UTTetudiants,-83,2026-04-30 11:00:45
e4:aa:5d:bf:25:58:,UTTetudiants,-84,2026-04-30 11:00:45
e4:aa:5d:bf:25:58:,UTTetudiants,-83,2026-04-30 11:00:45
e4:aa:5d:bf:25:58:,UTTetudiants,-83,2026-04-30 11:00:51
e4:aa:5d:bf:25:58:,UTTetudiants,-84,2026-04-30 11:00:51
e4:aa:5d:bf:25:58:,UTTetudiants,-83,2026-04-30 11:00:51
e4:aa:5d:bf:25:58:,UTTetudiants,-83,2026-04-30 11:00:54
e4:aa:5d:bf:25:58:,UTTetudiants,-84,2026-04-30 11:00:54
e4:aa:5d:bf:25:58:,UTTetudiants,-83,2026-04-30 11:00:54
e4:aa:5d:bf:25:58:,UTTetudiants,-81,2026-04-30 11:00:57
e4:aa:5d:bf:25:58:,UTTetudiants,-84,2026-04-30 11:00:57
e4:aa:5d:bf:25:58:,UTTetudiants,-81,2026-04-30 11:00:57
e4:aa:5d:bf:25:58:,UTTetudiants,-81,2026-04-30 11:00:59
e4:aa:5d:bf:25:58:,UTTetudiants,-84,2026-04-30 11:00:59
e4:aa:5d:bf:25:58:,UTTetudiants,-81,2026-04-30 11:00:59
e4:aa:5d:bf:25:58:,UTTetudiants,-81,2026-04-30 11:01:02
e4:aa:5d:bf:25:58:,UTTetudiants,-84,2026-04-30 11:01:02
e4:aa:5d:bf:25:58:,UTTetudiants,-81,2026-04-30 11:01:02
e4:aa:5d:bf:25:58:,UTTetudiants,-83,2026-04-30 11:01:05
e4:aa:5d:bf:25:58:,UTTetudiants,-84,2026-04-30 11:01:05
e4:aa:5d:bf:25:58:,UTTetudiants,-83,2026-04-30 11:01:05
e4:aa:5d:bf:25:58:,UTTetudiants,-83,2026-04-30 11:01:12
e4:aa:5d:bf:25:58:,UTTetudiants,-84,2026-04-30 11:01:12
e4:aa:5d:bf:25:58:,UTTetudiants,-83,2026-04-30 11:01:12
e4:aa:5d:bf:25:58:,UTTetudiants,-83,2026-04-30 11:01:16
e4:aa:5d:bf:25:58:,UTTetudiants,-84,2026-04-30 11:01:16
e4:aa:5d:bf:25:58:,UTTetudiants,-83,2026-04-30 11:01:16
e4:aa:5d:bf:25:58:,UTTetudiants,-82,2026-04-30 11:01:20
e4:aa:5d:bf:25:58:,UTTetudiants,-84,2026-04-30 11:01:20
e4:aa:5d:bf:25:58:,UTTetudiants,-82,2026-04-30 11:01:20
e4:aa:5d:bf:25:58:,UTTetudiants,-82,2026-04-30 11:01:22
e4:aa:5d:bf:25:58:,UTTetudiants,-84,2026-04-30 11:01:22
e4:aa:5d:bf:25:58:,UTTetudiants,-82,2026-04-30 11:01:22
e4:aa:5d:bf:25:58:,UTTetudiants,-82,2026-04-30 11:01:25
e4:aa:5d:bf:25:58:,UTTetudiants,-85,2026-04-30 11:01:25
e4:aa:5d:bf:25:58:,UTTetudiants,-82,2026-04-30 11:01:25
e4:aa:5d:bf:25:58:,UTTetudiants,-84,2026-04-30 11:01:28
e4:aa:5d:bf:25:58:,UTTetudiants,-85,2026-04-30 11:01:28
e4:aa:5d:bf:25:58:,UTTetudiants,-84,2026-04-30 11:01:28
e4:aa:5d:bf:25:58:,UTTetudiants,-84,2026-04-30 11:01:31
e4:aa:5d:bf:25:58:,UTTetudiants,-85,2026-04-30 11:01:31
e4:aa:5d:bf:25:58:,UTTetudiants,-84,2026-04-30 11:01:31
e4:aa:5d:bf:25:58:,UTTetudiants,-84,2026-04-30 11:01:34
e4:aa:5d:bf:25:58:,UTTetudiants,-85,2026-04-30 11:01:34
e4:aa:5d:bf:25:58:,UTTetudiants,-84,2026-04-30 11:01:34
e4:aa:5d:bf:25:58:,UTTetudiants,-86,2026-04-30 11:01:36
e4:aa:5d:bf:25:58:,UTTetudiants,-85,2026-04-30 11:01:36
e4:aa:5d:bf:25:58:,UTTetudiants,-86,2026-04-30 11:01:36
e4:aa:5d:bf:25:58:,UTTetudiants,-86,2026-04-30 11:01:39
e4:aa:5d:bf:25:58:,UTTetudiants,-85,2026-04-30 11:01:39
e4:aa:5d:bf:25:58:,UTTetudiants,-86,2026-04-30 11:01:39
e4:aa:5d:bf:25:58:,UTTetudiants,-86,2026-04-30 11:01:42
e4:aa:5d:bf:25:58:,UTTetudiants,-86,2026-04-30 11:01:42
e4:aa:5d:bf:25:58:,UTTetudiants,-86,2026-04-30 11:01:42
e4:aa:5d:bf:25:58:,UTTetudiants,-78,2026-04-30 11:01:45
e4:aa:5d:bf:25:58:,UTTetudiants,-86,2026-04-30 11:01:45
e4:aa:5d:bf:25:58:,UTTetudiants,-78,2026-04-30 11:01:45
e4:aa:5d:bf:25:58:,UTTetudiants,-78,2026-04-30 11:01:48
e4:aa:5d:bf:25:58:,UTTetudiants,-86,2026-04-30 11:01:48
e4:aa:5d:bf:25:58:,UTTetudiants,-78,2026-04-30 11:01:48
e4:aa:5d:bf:25:58:,UTTetudiants,-78,2026-04-30 11:01:51
e4:aa:5d:bf:25:58:,UTTetudiants,-86,2026-04-30 11:01:51
e4:aa:5d:bf:25:58:,UTTetudiants,-78,2026-04-30 11:01:51
e4:aa:5d:bf:25:58:,UTTetudiants,-78,2026-04-30 11:01:54
e4:aa:5d:bf:25:58:,UTTetudiants,-86,2026-04-30 11:01:54
e4:aa:5d:bf:25:58:,UTTetudiants,-78,2026-04-30 11:01:54
e4:aa:5d:bf:25:58:,UTTetudiants,-78,2026-04-30 11:01:56
e4:aa:5d:bf:25:58:,UTTetudiants,-86,2026-04-30 11:01:56
e4:aa:5d:bf:25:58:,UTTetudiants,-78,2026-04-30 11:01:56
e4:aa:5d:bf:25:58:,UTTetudiants,-78,2026-04-30 11:01:59
e4:aa:5d:bf:25:58:,UTTetudiants,-86,2026-04-30 11:01:59
e4:aa:5d:bf:25:58:,UTTetudiants,-78,2026-04-30 11:01:59
e4:aa:5d:bf:25:58:,UTTetudiants,-79,2026-04-30 11:02:02
e4:aa:5d:bf:25:58:,UTTetudiants,-86,2026-04-30 11:02:02
e4:aa:5d:bf:25:58:,UTTetudiants,-79,2026-04-30 11:02:02
e4:aa:5d:bf:25:58:,UTTetudiants,-79,2026-04-30 11:02:05
e4:aa:5d:bf:25:58:,UTTetudiants,-86,2026-04-30 11:02:05
e4:aa:5d:bf:25:58:,UTTetudiants,-79,2026-04-30 11:02:05
e4:aa:5d:bf:25:58:,UTTetudiants,-79,2026-04-30 11:02:08
e4:aa:5d:bf:25:58:,UTTetudiants,-86,2026-04-30 11:02:08
e4:aa:5d:bf:25:58:,UTTetudiants,-79,2026-04-30 11:02:08
e4:aa:5d:bf:25:58:,UTTetudiants,-74,2026-04-30 11:02:11
e4:aa:5d:bf:25:58:,UTTetudiants,-86,2026-04-30 11:02:11
e4:aa:5d:bf:25:58:,UTTetudiants,-74,2026-04-30 11:02:11
e4:aa:5d:bf:25:58:,UTTetudiants,-74,2026-04-30 11:02:16
e4:aa:5d:bf:25:58:,UTTetudiants,-83,2026-04-30 11:02:16
e4:aa:5d:bf:25:58:,UTTetudiants,-74,2026-04-30 11:02:16
e4:aa:5d:bf:25:58:,UTTetudiants,-81,2026-04-30 11:02:19
e4:aa:5d:bf:25:58:,UTTetudiants,-83,2026-04-30 11:02:19
e4:aa:5d:bf:25:58:,UTTetudiants,-81,2026-04-30 11:02:19
f8:6b:d9:01:8e:e7:,UTTetudiants,-77,2026-04-30 10:59:03
f8:6b:d9:01:8e:e7:,UTTetudiants,-77,2026-04-30 10:59:03
f8:6b:d9:01:8e:e7:,UTTetudiants,-71,2026-04-30 10:59:07
f8:6b:d9:01:8e:e7:,UTTetudiants,-71,2026-04-30 10:59:07
f8:6b:d9:01:8e:e7:,UTTetudiants,-71,2026-04-30 10:59:10
f8:6b:d9:01:8e:e7:,UTTetudiants,-84,2026-04-30 10:59:10
f8:6b:d9:01:8e:e7:,UTTetudiants,-71,2026-04-30 10:59:10
f8:6b:d9:01:8e:e7:,UTTetudiants,-84,2026-04-30 10:59:12
f8:6b:d9:01:8e:e7:,UTTetudiants,-84,2026-04-30 10:59:12
f8:6b:d9:01:8e:e7:,UTTetudiants,-84,2026-04-30 10:59:12
f8:6b:d9:01:8e:e7:,UTTetudiants,-79,2026-04-30 10:59:15
f8:6b:d9:01:8e:e7:,UTTetudiants,-84,2026-04-30 10:59:15
f8:6b:d9:01:8e:e7:,UTTetudiants,-79,2026-04-30 10:59:15
f8:6b:d9:01:8e:e7:,UTTetudiants,-79,2026-04-30 10:59:18
f8:6b:d9:01:8e:e7:,UTTetudiants,-84,2026-04-30 10:59:18
f8:6b:d9:01:8e:e7:,UTTetudiants,-79,2026-04-30 10:59:18
f8:6b:d9:01:8e:e7:,UTTetudiants,-86,2026-04-30 10:59:21
f8:6b:d9:01:8e:e7:,UTTetudiants,-84,2026-04-30 10:59:21
f8:6b:d9:01:8e:e7:,UTTetudiants,-86,2026-04-30 10:59:21
f8:6b:d9:01:8e:e7:,UTTetudiants,-73,2026-04-30 10:59:25
f8:6b:d9:01:8e:e7:,UTTetudiants,-84,2026-04-30 10:59:25
f8:6b:d9:01:8e:e7:,UTTetudiants,-73,2026-04-30 10:59:25
f8:6b:d9:01:8e:e7:,UTTetudiants,-87,2026-04-30 10:59:35
f8:6b:d9:01:8e:e7:,UTTetudiants,-84,2026-04-30 10:59:35
f8:6b:d9:01:8e:e7:,UTTetudiants,-87,2026-04-30 10:59:35
f8:6b:d9:01:8e:e7:,UTTetudiants,-78,2026-04-30 10:59:37
f8:6b:d9:01:8e:e7:,UTTetudiants,-84,2026-04-30 10:59:37
f8:6b:d9:01:8e:e7:,UTTetudiants,-78,2026-04-30 10:59:37
f8:6b:d9:01:8e:e7:,UTTetudiants,-78,2026-04-30 10:59:40
f8:6b:d9:01:8e:e7:,UTTetudiants,-84,2026-04-30 10:59:40
f8:6b:d9:01:8e:e7:,UTTetudiants,-78,2026-04-30 10:59:40
f8:6b:d9:01:8e:e7:,UTTetudiants,-80,2026-04-30 10:59:43
f8:6b:d9:01:8e:e7:,UTTetudiants,-84,2026-04-30 10:59:43
f8:6b:d9:01:8e:e7:,UTTetudiants,-80,2026-04-30 10:59:43
f8:6b:d9:01:8e:e7:,UTTetudiants,-76,2026-04-30 10:59:46
f8:6b:d9:01:8e:e7:,UTTetudiants,-84,2026-04-30 10:59:46
f8:6b:d9:01:8e:e7:,UTTetudiants,-76,2026-04-30 10:59:46
f8:6b:d9:01:8e:e7:,UTTetudiants,-76,2026-04-30 10:59:48
f8:6b:d9:01:8e:e7:,UTTetudiants,-84,2026-04-30 10:59:48
f8:6b:d9:01:8e:e7:,UTTetudiants,-76,2026-04-30 10:59:48
f8:6b:d9:01:8e:e7:,UTTetudiants,-86,2026-04-30 10:59:53
f8:6b:d9:01:8e:e7:,UTTetudiants,-84,2026-04-30 10:59:53
f8:6b:d9:01:8e:e7:,UTTetudiants,-86,2026-04-30 10:59:53
f8:6b:d9:01:8e:e7:,UTTetudiants,-86,2026-04-30 10:59:56
f8:6b:d9:01:8e:e7:,UTTetudiants,-84,2026-04-30 10:59:56
f8:6b:d9:01:8e:e7:,UTTetudiants,-86,2026-04-30 10:59:56
f8:6b:d9:01:8e:e7:,UTTetudiants,-85,2026-04-30 10:59:59
f8:6b:d9:01:8e:e7:,UTTetudiants,-84,2026-04-30 10:59:59
f8:6b:d9:01:8e:e7:,UTTetudiants,-85,2026-04-30 10:59:59
f8:6b:d9:01:8e:e7:,UTTetudiants,-85,2026-04-30 11:00:04
f8:6b:d9:01:8e:e7:,UTTetudiants,-84,2026-04-30 11:00:04
f8:6b:d9:01:8e:e7:,UTTetudiants,-85,2026-04-30 11:00:04
f8:6b:d9:01:8e:e7:,UTTetudiants,-85,2026-04-30 11:00:07
f8:6b:d9:01:8e:e7:,UTTetudiants,-84,2026-04-30 11:00:07
f8:6b:d9:01:8e:e7:,UTTetudiants,-85,2026-04-30 11:00:07
f8:6b:d9:01:8e:e7:,UTTetudiants,-69,2026-04-30 11:00:10
f8:6b:d9:01:8e:e7:,UTTetudiants,-84,2026-04-30 11:00:10
f8:6b:d9:01:8e:e7:,UTTetudiants,-69,2026-04-30 11:00:10
f8:6b:d9:01:8e:e7:,UTTetudiants,-69,2026-04-30 11:00:13
f8:6b:d9:01:8e:e7:,UTTetudiants,-84,2026-04-30 11:00:13
f8:6b:d9:01:8e:e7:,UTTetudiants,-69,2026-04-30 11:00:13
f8:6b:d9:01:8e:e7:,UTTetudiants,-86,2026-04-30 11:00:16
f8:6b:d9:01:8e:e7:,UTTetudiants,-83,2026-04-30 11:00:16
f8:6b:d9:01:8e:e7:,UTTetudiants,-86,2026-04-30 11:00:16
f8:6b:d9:01:8e:e7:,UTTetudiants,-82,2026-04-30 11:00:18
f8:6b:d9:01:8e:e7:,UTTetudiants,-83,2026-04-30 11:00:18
f8:6b:d9:01:8e:e7:,UTTetudiants,-82,2026-04-30 11:00:18
f8:6b:d9:01:8e:e7:,UTTetudiants,-82,2026-04-30 11:00:24
f8:6b:d9:01:8e:e7:,UTTetudiants,-83,2026-04-30 11:00:24
f8:6b:d9:01:8e:e7:,UTTetudiants,-82,2026-04-30 11:00:24
f8:6b:d9:01:8e:e7:,UTTetudiants,-82,2026-04-30 11:00:27
f8:6b:d9:01:8e:e7:,UTTetudiants,-83,2026-04-30 11:00:27
f8:6b:d9:01:8e:e7:,UTTetudiants,-82,2026-04-30 11:00:27
f8:6b:d9:01:8e:e7:,UTTetudiants,-81,2026-04-30 11:00:30
f8:6b:d9:01:8e:e7:,UTTetudiants,-83,2026-04-30 11:00:30
f8:6b:d9:01:8e:e7:,UTTetudiants,-81,2026-04-30 11:00:30
f8:6b:d9:01:8e:e7:,UTTetudiants,-85,2026-04-30 11:00:33
f8:6b:d9:01:8e:e7:,UTTetudiants,-83,2026-04-30 11:00:33
f8:6b:d9:01:8e:e7:,UTTetudiants,-85,2026-04-30 11:00:33
f8:6b:d9:01:8e:e7:,UTTetudiants,-85,2026-04-30 11:00:38
f8:6b:d9:01:8e:e7:,UTTetudiants,-83,2026-04-30 11:00:38
f8:6b:d9:01:8e:e7:,UTTetudiants,-85,2026-04-30 11:00:38
f8:6b:d9:01:8e:e7:,UTTetudiants,-85,2026-04-30 11:00:41
f8:6b:d9:01:8e:e7:,UTTetudiants,-83,2026-04-30 11:00:41
f8:6b:d9:01:8e:e7:,UTTetudiants,-85,2026-04-30 11:00:41
f8:6b:d9:01:8e:e7:,UTTetudiants,-85,2026-04-30 11:00:45
f8:6b:d9:01:8e:e7:,UTTetudiants,-83,2026-04-30 11:00:45
f8:6b:d9:01:8e:e7:,UTTetudiants,-85,2026-04-30 11:00:45
f8:6b:d9:01:8e:e7:,UTTetudiants,-85,2026-04-30 11:00:51
f8:6b:d9:01:8e:e7:,UTTetudiants,-83,2026-04-30 11:00:51
f8:6b:d9:01:8e:e7:,UTTetudiants,-85,2026-04-30 11:00:51
f8:6b:d9:01:8e:e7:,UTTetudiants,-85,2026-04-30 11:00:54
f8:6b:d9:01:8e:e7:,UTTetudiants,-83,2026-04-30 11:00:54
f8:6b:d9:01:8e:e7:,UTTetudiants,-85,2026-04-30 11:00:54
f8:6b:d9:01:8e:e7:,UTTetudiants,-85,2026-04-30 11:00:57
f8:6b:d9:01:8e:e7:,UTTetudiants,-83,2026-04-30 11:00:57
f8:6b:d9:01:8e:e7:,UTTetudiants,-85,2026-04-30 11:00:57
f8:6b:d9:01:8e:e7:,UTTetudiants,-85,2026-04-30 11:00:59
f8:6b:d9:01:8e:e7:,UTTetudiants,-83,2026-04-30 11:00:59
f8:6b:d9:01:8e:e7:,UTTetudiants,-85,2026-04-30 11:00:59
f8:6b:d9:01:8e:e7:,UTTetudiants,-85,2026-04-30 11:01:02
f8:6b:d9:01:8e:e7:,UTTetudiants,-83,2026-04-30 11:01:02
f8:6b:d9:01:8e:e7:,UTTetudiants,-85,2026-04-30 11:01:02
f8:6b:d9:01:8e:e7:,UTTetudiants,-85,2026-04-30 11:01:05
f8:6b:d9:01:8e:e7:,UTTetudiants,-83,2026-04-30 11:01:05
f8:6b:d9:01:8e:e7:,UTTetudiants,-85,2026-04-30 11:01:05
f8:6b:d9:01:8e:e7:,UTTetudiants,-85,2026-04-30 11:01:12
f8:6b:d9:01:8e:e7:,UTTetudiants,-83,2026-04-30 11:01:12
f8:6b:d9:01:8e:e7:,UTTetudiants,-85,2026-04-30 11:01:12
f8:6b:d9:01:8e:e7:,UTTetudiants,-85,2026-04-30 11:01:16
f8:6b:d9:01:8e:e7:,UTTetudiants,-83,2026-04-30 11:01:16
f8:6b:d9:01:8e:e7:,UTTetudiants,-85,2026-04-30 11:01:16
f8:6b:d9:01:8e:e7:,UTTetudiants,-85,2026-04-30 11:01:20
f8:6b:d9:01:8e:e7:,UTTetudiants,-83,2026-04-30 11:01:20
f8:6b:d9:01:8e:e7:,UTTetudiants,-85,2026-04-30 11:01:20
f8:6b:d9:01:8e:e7:,UTTetudiants,-85,2026-04-30 11:01:22
f8:6b:d9:01:8e:e7:,UTTetudiants,-83,2026-04-30 11:01:22
f8:6b:d9:01:8e:e7:,UTTetudiants,-85,2026-04-30 11:01:22
f8:6b:d9:01:8e:e7:,UTTetudiants,-83,2026-04-30 11:01:25
f8:6b:d9:01:8e:e7:,UTTetudiants,-83,2026-04-30 11:01:25
f8:6b:d9:01:8e:e7:,UTTetudiants,-83,2026-04-30 11:01:25
f8:6b:d9:01:8e:e7:,UTTetudiants,-83,2026-04-30 11:01:28
f8:6b:d9:01:8e:e7:,UTTetudiants,-83,2026-04-30 11:01:28
f8:6b:d9:01:8e:e7:,UTTetudiants,-83,2026-04-30 11:01:28
f8:6b:d9:01:8e:e7:,UTTetudiants,-83,2026-04-30 11:01:31
f8:6b:d9:01:8e:e7:,UTTetudiants,-83,2026-04-30 11:01:31
f8:6b:d9:01:8e:e7:,UTTetudiants,-83,2026-04-30 11:01:31
f8:6b:d9:01:8e:e7:,UTTetudiants,-83,2026-04-30 11:01:34
f8:6b:d9:01:8e:e7:,UTTetudiants,-83,2026-04-30 11:01:34
f8:6b:d9:01:8e:e7:,UTTetudiants,-83,2026-04-30 11:01:34
f8:6b:d9:01:8e:e7:,UTTetudiants,-83,2026-04-30 11:01:36
f8:6b:d9:01:8e:e7:,UTTetudiants,-83,2026-04-30 11:01:36
f8:6b:d9:01:8e:e7:,UTTetudiants,-83,2026-04-30 11:01:36
f8:6b:d9:01:8e:e7:,UTTetudiants,-85,2026-04-30 11:01:39
f8:6b:d9:01:8e:e7:,UTTetudiants,-83,2026-04-30 11:01:39
f8:6b:d9:01:8e:e7:,UTTetudiants,-85,2026-04-30 11:01:39
f8:6b:d9:01:8e:e7:,UTTetudiants,-83,2026-04-30 11:01:42
f8:6b:d9:01:8e:e7:,UTTetudiants,-83,2026-04-30 11:01:42
f8:6b:d9:01:8e:e7:,UTTetudiants,-83,2026-04-30 11:01:42
f8:6b:d9:01:8e:e7:,UTTetudiants,-83,2026-04-30 11:01:45
f8:6b:d9:01:8e:e7:,UTTetudiants,-83,2026-04-30 11:01:45
f8:6b:d9:01:8e:e7:,UTTetudiants,-83,2026-04-30 11:01:45
f8:6b:d9:01:8e:e7:,UTTetudiants,-85,2026-04-30 11:01:48
f8:6b:d9:01:8e:e7:,UTTetudiants,-83,2026-04-30 11:01:48
f8:6b:d9:01:8e:e7:,UTTetudiants,-85,2026-04-30 11:01:48
f8:6b:d9:01:8e:e7:,UTTetudiants,-85,2026-04-30 11:01:51
f8:6b:d9:01:8e:e7:,UTTetudiants,-83,2026-04-30 11:01:51
f8:6b:d9:01:8e:e7:,UTTetudiants,-85,2026-04-30 11:01:51
f8:6b:d9:01:8e:e7:,UTTetudiants,-85,2026-04-30 11:01:54
f8:6b:d9:01:8e:e7:,UTTetudiants,-83,2026-04-30 11:01:54
f8:6b:d9:01:8e:e7:,UTTetudiants,-85,2026-04-30 11:01:54
f8:6b:d9:01:8e:e7:,UTTetudiants,-85,2026-04-30 11:01:56
f8:6b:d9:01:8e:e7:,UTTetudiants,-83,2026-04-30 11:01:56
f8:6b:d9:01:8e:e7:,UTTetudiants,-85,2026-04-30 11:01:56
f8:6b:d9:01:8e:e7:,UTTetudiants,-85,2026-04-30 11:01:59
f8:6b:d9:01:8e:e7:,UTTetudiants,-83,2026-04-30 11:01:59
f8:6b:d9:01:8e:e7:,UTTetudiants,-85,2026-04-30 11:01:59
f8:6b:d9:01:8e:e7:,UTTetudiants,-86,2026-04-30 11:02:02
f8:6b:d9:01:8e:e7:,UTTetudiants,-83,2026-04-30 11:02:02
f8:6b:d9:01:8e:e7:,UTTetudiants,-86,2026-04-30 11:02:02
f8:6b:d9:01:8e:e7:,UTTetudiants,-86,2026-04-30 11:02:05
f8:6b:d9:01:8e:e7:,UTTetudiants,-83,2026-04-30 11:02:05
f8:6b:d9:01:8e:e7:,UTTetudiants,-86,2026-04-30 11:02:05
f8:6b:d9:01:8e:e7:,UTTetudiants,-86,2026-04-30 11:02:08
f8:6b:d9:01:8e:e7:,UTTetudiants,-83,2026-04-30 11:02:08
f8:6b:d9:01:8e:e7:,UTTetudiants,-86,2026-04-30 11:02:08
f8:6b:d9:01:8e:e7:,UTTetudiants,-89,2026-04-30 11:02:11
f8:6b:d9:01:8e:e7:,UTTetudiants,-83,2026-04-30 11:02:11
f8:6b:d9:01:8e:e7:,UTTetudiants,-89,2026-04-30 11:02:11
f8:6b:d9:01:8e:e7:,UTTetudiants,-77,2026-04-30 11:02:16
f8:6b:d9:01:8e:e7:,UTTetudiants,-77,2026-04-30 11:02:16
f8:6b:d9:01:8e:e7:,UTTetudiants,-77,2026-04-30 11:02:19
f8:6b:d9:01:8e:e7:,UTTetudiants,-77,2026-04-30 11:02:19
f8:6b:d9:95:d8:87:,UTTetudiants,-63,2026-04-30 10:59:03
f8:6b:d9:95:d8:87:,UTTetudiants,-51,2026-04-30 10:59:03
f8:6b:d9:95:d8:87:,UTTetudiants,-63,2026-04-30 10:59:03
f8:6b:d9:95:d8:87:,UTTetudiants,-48,2026-04-30 10:59:07
f8:6b:d9:95:d8:87:,UTTetudiants,-56,2026-04-30 10:59:07
f8:6b:d9:95:d8:87:,UTTetudiants,-48,2026-04-30 10:59:07
f8:6b:d9:95:d8:87:,UTTetudiants,-48,2026-04-30 10:59:10
f8:6b:d9:95:d8:87:,UTTetudiants,-56,2026-04-30 10:59:10
f8:6b:d9:95:d8:87:,UTTetudiants,-48,2026-04-30 10:59:10
f8:6b:d9:95:d8:87:,UTTetudiants,-64,2026-04-30 10:59:12
f8:6b:d9:95:d8:87:,UTTetudiants,-45,2026-04-30 10:59:12
f8:6b:d9:95:d8:87:,UTTetudiants,-64,2026-04-30 10:59:12
f8:6b:d9:95:d8:87:,UTTetudiants,-57,2026-04-30 10:59:15
f8:6b:d9:95:d8:87:,UTTetudiants,-49,2026-04-30 10:59:15
f8:6b:d9:95:d8:87:,UTTetudiants,-57,2026-04-30 10:59:15
f8:6b:d9:95:d8:87:,UTTetudiants,-57,2026-04-30 10:59:18
f8:6b:d9:95:d8:87:,UTTetudiants,-49,2026-04-30 10:59:18
f8:6b:d9:95:d8:87:,UTTetudiants,-57,2026-04-30 10:59:18
f8:6b:d9:95:d8:87:,UTTetudiants,-53,2026-04-30 10:59:21
f8:6b:d9:95:d8:87:,UTTetudiants,-51,2026-04-30 10:59:21
f8:6b:d9:95:d8:87:,UTTetudiants,-53,2026-04-30 10:59:21
f8:6b:d9:95:d8:87:,UTTetudiants,-56,2026-04-30 10:59:25
f8:6b:d9:95:d8:87:,UTTetudiants,-52,2026-04-30 10:59:25
f8:6b:d9:95:d8:87:,UTTetudiants,-56,2026-04-30 10:59:25
f8:6b:d9:95:d8:87:,UTTetudiants,-63,2026-04-30 10:59:35
f8:6b:d9:95:d8:87:,UTTetudiants,-45,2026-04-30 10:59:35
f8:6b:d9:95:d8:87:,UTTetudiants,-63,2026-04-30 10:59:35
f8:6b:d9:95:d8:87:,UTTetudiants,-60,2026-04-30 10:59:37
f8:6b:d9:95:d8:87:,UTTetudiants,-45,2026-04-30 10:59:37
f8:6b:d9:95:d8:87:,UTTetudiants,-60,2026-04-30 10:59:37
f8:6b:d9:95:d8:87:,UTTetudiants,-60,2026-04-30 10:59:40
f8:6b:d9:95:d8:87:,UTTetudiants,-45,2026-04-30 10:59:40
f8:6b:d9:95:d8:87:,UTTetudiants,-60,2026-04-30 10:59:40
f8:6b:d9:95:d8:87:,UTTetudiants,-63,2026-04-30 10:59:43
f8:6b:d9:95:d8:87:,UTTetudiants,-46,2026-04-30 10:59:43
f8:6b:d9:95:d8:87:,UTTetudiants,-63,2026-04-30 10:59:43
f8:6b:d9:95:d8:87:,UTTetudiants,-57,2026-04-30 10:59:46
f8:6b:d9:95:d8:87:,UTTetudiants,-54,2026-04-30 10:59:46
f8:6b:d9:95:d8:87:,UTTetudiants,-57,2026-04-30 10:59:46
f8:6b:d9:95:d8:87:,UTTetudiants,-57,2026-04-30 10:59:48
f8:6b:d9:95:d8:87:,UTTetudiants,-54,2026-04-30 10:59:48
f8:6b:d9:95:d8:87:,UTTetudiants,-57,2026-04-30 10:59:48
f8:6b:d9:95:d8:87:,UTTetudiants,-56,2026-04-30 10:59:53
f8:6b:d9:95:d8:87:,UTTetudiants,-43,2026-04-30 10:59:53
f8:6b:d9:95:d8:87:,UTTetudiants,-56,2026-04-30 10:59:53
f8:6b:d9:95:d8:87:,UTTetudiants,-56,2026-04-30 10:59:56
f8:6b:d9:95:d8:87:,UTTetudiants,-43,2026-04-30 10:59:56
f8:6b:d9:95:d8:87:,UTTetudiants,-56,2026-04-30 10:59:56
f8:6b:d9:95:d8:87:,UTTetudiants,-46,2026-04-30 10:59:59
f8:6b:d9:95:d8:87:,UTTetudiants,-45,2026-04-30 10:59:59
f8:6b:d9:95:d8:87:,UTTetudiants,-46,2026-04-30 10:59:59
f8:6b:d9:95:d8:87:,UTTetudiants,-47,2026-04-30 11:00:04
f8:6b:d9:95:d8:87:,UTTetudiants,-49,2026-04-30 11:00:04
f8:6b:d9:95:d8:87:,UTTetudiants,-47,2026-04-30 11:00:04
f8:6b:d9:95:d8:87:,UTTetudiants,-47,2026-04-30 11:00:07
f8:6b:d9:95:d8:87:,UTTetudiants,-49,2026-04-30 11:00:07
f8:6b:d9:95:d8:87:,UTTetudiants,-47,2026-04-30 11:00:07
f8:6b:d9:95:d8:87:,UTTetudiants,-43,2026-04-30 11:00:10
f8:6b:d9:95:d8:87:,UTTetudiants,-48,2026-04-30 11:00:10
f8:6b:d9:95:d8:87:,UTTetudiants,-43,2026-04-30 11:00:10
f8:6b:d9:95:d8:87:,UTTetudiants,-43,2026-04-30 11:00:13
f8:6b:d9:95:d8:87:,UTTetudiants,-48,2026-04-30 11:00:13
f8:6b:d9:95:d8:87:,UTTetudiants,-43,2026-04-30 11:00:13
f8:6b:d9:95:d8:87:,UTTetudiants,-55,2026-04-30 11:00:16
f8:6b:d9:95:d8:87:,UTTetudiants,-46,2026-04-30 11:00:16
f8:6b:d9:95:d8:87:,UTTetudiants,-55,2026-04-30 11:00:16
f8:6b:d9:95:d8:87:,UTTetudiants,-48,2026-04-30 11:00:18
f8:6b:d9:95:d8:87:,UTTetudiants,-54,2026-04-30 11:00:18
f8:6b:d9:95:d8:87:,UTTetudiants,-48,2026-04-30 11:00:18
f8:6b:d9:95:d8:87:,UTTetudiants,-64,2026-04-30 11:00:24
f8:6b:d9:95:d8:87:,UTTetudiants,-46,2026-04-30 11:00:24
f8:6b:d9:95:d8:87:,UTTetudiants,-64,2026-04-30 11:00:24
f8:6b:d9:95:d8:87:,UTTetudiants,-64,2026-04-30 11:00:27
f8:6b:d9:95:d8:87:,UTTetudiants,-46,2026-04-30 11:00:27
f8:6b:d9:95:d8:87:,UTTetudiants,-64,2026-04-30 11:00:27
f8:6b:d9:95:d8:87:,UTTetudiants,-51,2026-04-30 11:00:30
f8:6b:d9:95:d8:87:,UTTetudiants,-45,2026-04-30 11:00:30
f8:6b:d9:95:d8:87:,UTTetudiants,-51,2026-04-30 11:00:30
f8:6b:d9:95:d8:87:,UTTetudiants,-62,2026-04-30 11:00:33
f8:6b:d9:95:d8:87:,UTTetudiants,-43,2026-04-30 11:00:33
f8:6b:d9:95:d8:87:,UTTetudiants,-62,2026-04-30 11:00:33
f8:6b:d9:95:d8:87:,UTTetudiants,-48,2026-04-30 11:00:38
f8:6b:d9:95:d8:87:,UTTetudiants,-45,2026-04-30 11:00:38
f8:6b:d9:95:d8:87:,UTTetudiants,-48,2026-04-30 11:00:38
f8:6b:d9:95:d8:87:,UTTetudiants,-48,2026-04-30 11:00:41
f8:6b:d9:95:d8:87:,UTTetudiants,-45,2026-04-30 11:00:41
f8:6b:d9:95:d8:87:,UTTetudiants,-48,2026-04-30 11:00:41
f8:6b:d9:95:d8:87:,UTTetudiants,-54,2026-04-30 11:00:45
f8:6b:d9:95:d8:87:,UTTetudiants,-45,2026-04-30 11:00:45
f8:6b:d9:95:d8:87:,UTTetudiants,-54,2026-04-30 11:00:45
f8:6b:d9:95:d8:87:,UTTetudiants,-61,2026-04-30 11:00:51
f8:6b:d9:95:d8:87:,UTTetudiants,-50,2026-04-30 11:00:51
f8:6b:d9:95:d8:87:,UTTetudiants,-61,2026-04-30 11:00:51
f8:6b:d9:95:d8:87:,UTTetudiants,-52,2026-04-30 11:00:54
f8:6b:d9:95:d8:87:,UTTetudiants,-51,2026-04-30 11:00:54
f8:6b:d9:95:d8:87:,UTTetudiants,-52,2026-04-30 11:00:54
f8:6b:d9:95:d8:87:,UTTetudiants,-52,2026-04-30 11:00:57
f8:6b:d9:95:d8:87:,UTTetudiants,-51,2026-04-30 11:00:57
f8:6b:d9:95:d8:87:,UTTetudiants,-52,2026-04-30 11:00:57
f8:6b:d9:95:d8:87:,UTTetudiants,-48,2026-04-30 11:00:59
f8:6b:d9:95:d8:87:,UTTetudiants,-46,2026-04-30 11:00:59
f8:6b:d9:95:d8:87:,UTTetudiants,-48,2026-04-30 11:00:59
f8:6b:d9:95:d8:87:,UTTetudiants,-48,2026-04-30 11:01:02
f8:6b:d9:95:d8:87:,UTTetudiants,-46,2026-04-30 11:01:02
f8:6b:d9:95:d8:87:,UTTetudiants,-48,2026-04-30 11:01:02
f8:6b:d9:95:d8:87:,UTTetudiants,-62,2026-04-30 11:01:05
f8:6b:d9:95:d8:87:,UTTetudiants,-44,2026-04-30 11:01:05
f8:6b:d9:95:d8:87:,UTTetudiants,-62,2026-04-30 11:01:05
f8:6b:d9:95:d8:87:,UTTetudiants,-56,2026-04-30 11:01:12
f8:6b:d9:95:d8:87:,UTTetudiants,-52,2026-04-30 11:01:12
f8:6b:d9:95:d8:87:,UTTetudiants,-56,2026-04-30 11:01:12
f8:6b:d9:95:d8:87:,UTTetudiants,-53,2026-04-30 11:01:16
f8:6b:d9:95:d8:87:,UTTetudiants,-47,2026-04-30 11:01:16
f8:6b:d9:95:d8:87:,UTTetudiants,-53,2026-04-30 11:01:16
f8:6b:d9:95:d8:87:,UTTetudiants,-53,2026-04-30 11:01:20
f8:6b:d9:95:d8:87:,UTTetudiants,-47,2026-04-30 11:01:20
f8:6b:d9:95:d8:87:,UTTetudiants,-53,2026-04-30 11:01:20
f8:6b:d9:95:d8:87:,UTTetudiants,-46,2026-04-30 11:01:22
f8:6b:d9:95:d8:87:,UTTetudiants,-49,2026-04-30 11:01:22
f8:6b:d9:95:d8:87:,UTTetudiants,-46,2026-04-30 11:01:22
f8:6b:d9:95:d8:87:,UTTetudiants,-59,2026-04-30 11:01:25
f8:6b:d9:95:d8:87:,UTTetudiants,-44,2026-04-30 11:01:25
f8:6b:d9:95:d8:87:,UTTetudiants,-59,2026-04-30 11:01:25
f8:6b:d9:95:d8:87:,UTTetudiants,-59,2026-04-30 11:01:28
f8:6b:d9:95:d8:87:,UTTetudiants,-44,2026-04-30 11:01:28
f8:6b:d9:95:d8:87:,UTTetudiants,-59,2026-04-30 11:01:28
f8:6b:d9:95:d8:87:,UTTetudiants,-56,2026-04-30 11:01:31
f8:6b:d9:95:d8:87:,UTTetudiants,-51,2026-04-30 11:01:31
f8:6b:d9:95:d8:87:,UTTetudiants,-56,2026-04-30 11:01:31
f8:6b:d9:95:d8:87:,UTTetudiants,-65,2026-04-30 11:01:34
f8:6b:d9:95:d8:87:,UTTetudiants,-54,2026-04-30 11:01:34
f8:6b:d9:95:d8:87:,UTTetudiants,-65,2026-04-30 11:01:34
f8:6b:d9:95:d8:87:,UTTetudiants,-65,2026-04-30 11:01:36
f8:6b:d9:95:d8:87:,UTTetudiants,-54,2026-04-30 11:01:36
f8:6b:d9:95:d8:87:,UTTetudiants,-65,2026-04-30 11:01:36
f8:6b:d9:95:d8:87:,UTTetudiants,-59,2026-04-30 11:01:39
f8:6b:d9:95:d8:87:,UTTetudiants,-50,2026-04-30 11:01:39
f8:6b:d9:95:d8:87:,UTTetudiants,-59,2026-04-30 11:01:39
f8:6b:d9:95:d8:87:,UTTetudiants,-69,2026-04-30 11:01:42
f8:6b:d9:95:d8:87:,UTTetudiants,-47,2026-04-30 11:01:42
f8:6b:d9:95:d8:87:,UTTetudiants,-69,2026-04-30 11:01:42
f8:6b:d9:95:d8:87:,UTTetudiants,-69,2026-04-30 11:01:45
f8:6b:d9:95:d8:87:,UTTetudiants,-47,2026-04-30 11:01:45
f8:6b:d9:95:d8:87:,UTTetudiants,-69,2026-04-30 11:01:45
f8:6b:d9:95:d8:87:,UTTetudiants,-59,2026-04-30 11:01:48
f8:6b:d9:95:d8:87:,UTTetudiants,-54,2026-04-30 11:01:48
f8:6b:d9:95:d8:87:,UTTetudiants,-59,2026-04-30 11:01:48
f8:6b:d9:95:d8:87:,UTTetudiants,-59,2026-04-30 11:01:51
f8:6b:d9:95:d8:87:,UTTetudiants,-54,2026-04-30 11:01:51
f8:6b:d9:95:d8:87:,UTTetudiants,-59,2026-04-30 11:01:51
f8:6b:d9:95:d8:87:,UTTetudiants,-55,2026-04-30 11:01:54
f8:6b:d9:95:d8:87:,UTTetudiants,-55,2026-04-30 11:01:54
f8:6b:d9:95:d8:87:,UTTetudiants,-55,2026-04-30 11:01:54
f8:6b:d9:95:d8:87:,UTTetudiants,-51,2026-04-30 11:01:56
f8:6b:d9:95:d8:87:,UTTetudiants,-52,2026-04-30 11:01:56
f8:6b:d9:95:d8:87:,UTTetudiants,-51,2026-04-30 11:01:56
f8:6b:d9:95:d8:87:,UTTetudiants,-51,2026-04-30 11:01:59
f8:6b:d9:95:d8:87:,UTTetudiants,-52,2026-04-30 11:01:59
f8:6b:d9:95:d8:87:,UTTetudiants,-51,2026-04-30 11:01:59
f8:6b:d9:95:d8:87:,UTTetudiants,-49,2026-04-30 11:02:02
f8:6b:d9:95:d8:87:,UTTetudiants,-51,2026-04-30 11:02:02
f8:6b:d9:95:d8:87:,UTTetudiants,-49,2026-04-30 11:02:02
f8:6b:d9:95:d8:87:,UTTetudiants,-49,2026-04-30 11:02:05
f8:6b:d9:95:d8:87:,UTTetudiants,-47,2026-04-30 11:02:05
f8:6b:d9:95:d8:87:,UTTetudiants,-49,2026-04-30 11:02:05
f8:6b:d9:95:d8:87:,UTTetudiants,-49,2026-04-30 11:02:08
f8:6b:d9:95:d8:87:,UTTetudiants,-47,2026-04-30 11:02:08
f8:6b:d9:95:d8:87:,UTTetudiants,-49,2026-04-30 11:02:08
f8:6b:d9:95:d8:87:,UTTetudiants,-57,2026-04-30 11:02:11
f8:6b:d9:95:d8:87:,UTTetudiants,-50,2026-04-30 11:02:11
f8:6b:d9:95:d8:87:,UTTetudiants,-57,2026-04-30 11:02:11
f8:6b:d9:95:d8:87:,UTTetudiants,-53,2026-04-30 11:02:16
f8:6b:d9:95:d8:87:,UTTetudiants,-48,2026-04-30 11:02:16
f8:6b:d9:95:d8:87:,UTTetudiants,-53,2026-04-30 11:02:16
f8:6b:d9:95:d8:87:,UTTetudiants,-53,2026-04-30 11:02:19
f8:6b:d9:95:d8:87:,UTTetudiants,-48,2026-04-30 11:02:19
f8:6b:d9:95:d8:87:,UTTetudiants,-53,2026-04-30 11:02:19
ac:2a:a1:7e:df:67:,UTTetudiants,-72,2026-04-30 10:59:03
ac:2a:a1:7e:df:67:,UTTetudiants,-72,2026-04-30 10:59:03
ac:2a:a1:7e:df:67:,UTTetudiants,-72,2026-04-30 10:59:07
ac:2a:a1:7e:df:67:,UTTetudiants,-72,2026-04-30 10:59:07
ac:2a:a1:7e:df:67:,UTTetudiants,-72,2026-04-30 10:59:10
ac:2a:a1:7e:df:67:,UTTetudiants,-72,2026-04-30 10:59:10
ac:2a:a1:7e:df:67:,UTTetudiants,-72,2026-04-30 10:59:12
ac:2a:a1:7e:df:67:,UTTetudiants,-72,2026-04-30 10:59:12
ac:2a:a1:7e:df:67:,UTTetudiants,-72,2026-04-30 10:59:15
ac:2a:a1:7e:df:67:,UTTetudiants,-72,2026-04-30 10:59:15
ac:2a:a1:7e:df:67:,UTTetudiants,-72,2026-04-30 10:59:18
ac:2a:a1:7e:df:67:,UTTetudiants,-72,2026-04-30 10:59:18
ac:2a:a1:7e:df:67:,UTTetudiants,-72,2026-04-30 10:59:21
ac:2a:a1:7e:df:67:,UTTetudiants,-72,2026-04-30 10:59:21
ac:2a:a1:7e:df:67:,UTTetudiants,-72,2026-04-30 10:59:25
ac:2a:a1:7e:df:67:,UTTetudiants,-72,2026-04-30 10:59:25
ac:2a:a1:7e:df:67:,UTTetudiants,-72,2026-04-30 10:59:35
ac:2a:a1:7e:df:67:,UTTetudiants,-72,2026-04-30 10:59:35
ac:2a:a1:7e:df:67:,UTTetudiants,-72,2026-04-30 10:59:37
ac:2a:a1:7e:df:67:,UTTetudiants,-72,2026-04-30 10:59:37
ac:2a:a1:7e:df:67:,UTTetudiants,-72,2026-04-30 10:59:40
ac:2a:a1:7e:df:67:,UTTetudiants,-72,2026-04-30 10:59:40
ac:2a:a1:7e:df:67:,UTTetudiants,-72,2026-04-30 10:59:43
ac:2a:a1:7e:df:67:,UTTetudiants,-72,2026-04-30 10:59:43
ac:2a:a1:7e:df:67:,UTTetudiants,-72,2026-04-30 10:59:46
ac:2a:a1:7e:df:67:,UTTetudiants,-72,2026-04-30 10:59:46
ac:2a:a1:7e:df:67:,UTTetudiants,-72,2026-04-30 10:59:48
ac:2a:a1:7e:df:67:,UTTetudiants,-72,2026-04-30 10:59:48
ac:2a:a1:7e:df:67:,UTTetudiants,-72,2026-04-30 10:59:53
ac:2a:a1:7e:df:67:,UTTetudiants,-72,2026-04-30 10:59:53
ac:2a:a1:7e:df:67:,UTTetudiants,-72,2026-04-30 10:59:56
ac:2a:a1:7e:df:67:,UTTetudiants,-72,2026-04-30 10:59:56
ac:2a:a1:7e:df:67:,UTTetudiants,-72,2026-04-30 10:59:59
ac:2a:a1:7e:df:67:,UTTetudiants,-72,2026-04-30 10:59:59
ac:2a:a1:7e:df:67:,UTTetudiants,-72,2026-04-30 11:00:04
ac:2a:a1:7e:df:67:,UTTetudiants,-72,2026-04-30 11:00:04
ac:2a:a1:7e:df:67:,UTTetudiants,-72,2026-04-30 11:00:07
ac:2a:a1:7e:df:67:,UTTetudiants,-72,2026-04-30 11:00:07
ac:2a:a1:7e:df:67:,UTTetudiants,-72,2026-04-30 11:00:10
ac:2a:a1:7e:df:67:,UTTetudiants,-72,2026-04-30 11:00:10
ac:2a:a1:7e:df:67:,UTTetudiants,-72,2026-04-30 11:00:13
ac:2a:a1:7e:df:67:,UTTetudiants,-72,2026-04-30 11:00:13
ac:2a:a1:7e:df:67:,UTTetudiants,-72,2026-04-30 11:00:16
ac:2a:a1:7e:df:67:,UTTetudiants,-72,2026-04-30 11:00:16
ac:2a:a1:7e:df:67:,UTTetudiants,-72,2026-04-30 11:00:18
ac:2a:a1:7e:df:67:,UTTetudiants,-72,2026-04-30 11:00:18
ac:2a:a1:7e:df:67:,UTTetudiants,-72,2026-04-30 11:00:24
ac:2a:a1:7e:df:67:,UTTetudiants,-72,2026-04-30 11:00:24
ac:2a:a1:7e:df:67:,UTTetudiants,-72,2026-04-30 11:00:27
ac:2a:a1:7e:df:67:,UTTetudiants,-72,2026-04-30 11:00:27
ac:2a:a1:7e:df:67:,UTTetudiants,-72,2026-04-30 11:00:30
ac:2a:a1:7e:df:67:,UTTetudiants,-72,2026-04-30 11:00:30
f8:6b:d9:01:85:28:,UTTetudiants,-85,2026-04-30 10:59:03
f8:6b:d9:01:85:28:,UTTetudiants,-83,2026-04-30 10:59:03
f8:6b:d9:01:85:28:,UTTetudiants,-85,2026-04-30 10:59:03
f8:6b:d9:01:85:28:,UTTetudiants,-85,2026-04-30 10:59:07
f8:6b:d9:01:85:28:,UTTetudiants,-83,2026-04-30 10:59:07
f8:6b:d9:01:85:28:,UTTetudiants,-85,2026-04-30 10:59:07
f8:6b:d9:01:85:28:,UTTetudiants,-85,2026-04-30 10:59:10
f8:6b:d9:01:85:28:,UTTetudiants,-83,2026-04-30 10:59:10
f8:6b:d9:01:85:28:,UTTetudiants,-85,2026-04-30 10:59:10
f8:6b:d9:01:85:28:,UTTetudiants,-85,2026-04-30 10:59:12
f8:6b:d9:01:85:28:,UTTetudiants,-83,2026-04-30 10:59:12
f8:6b:d9:01:85:28:,UTTetudiants,-85,2026-04-30 10:59:12
f8:6b:d9:01:85:28:,UTTetudiants,-85,2026-04-30 10:59:15
f8:6b:d9:01:85:28:,UTTetudiants,-83,2026-04-30 10:59:15
f8:6b:d9:01:85:28:,UTTetudiants,-85,2026-04-30 10:59:15
f8:6b:d9:01:85:28:,UTTetudiants,-85,2026-04-30 10:59:18
f8:6b:d9:01:85:28:,UTTetudiants,-83,2026-04-30 10:59:18
f8:6b:d9:01:85:28:,UTTetudiants,-85,2026-04-30 10:59:18
f8:6b:d9:01:85:28:,UTTetudiants,-85,2026-04-30 10:59:21
f8:6b:d9:01:85:28:,UTTetudiants,-83,2026-04-30 10:59:21
f8:6b:d9:01:85:28:,UTTetudiants,-85,2026-04-30 10:59:21
f8:6b:d9:01:85:28:,UTTetudiants,-85,2026-04-30 10:59:25
f8:6b:d9:01:85:28:,UTTetudiants,-83,2026-04-30 10:59:25
f8:6b:d9:01:85:28:,UTTetudiants,-85,2026-04-30 10:59:25
f8:6b:d9:01:85:28:,UTTetudiants,-85,2026-04-30 10:59:35
f8:6b:d9:01:85:28:,UTTetudiants,-83,2026-04-30 10:59:35
f8:6b:d9:01:85:28:,UTTetudiants,-85,2026-04-30 10:59:35
f8:6b:d9:01:85:28:,UTTetudiants,-85,2026-04-30 10:59:37
f8:6b:d9:01:85:28:,UTTetudiants,-83,2026-04-30 10:59:37
f8:6b:d9:01:85:28:,UTTetudiants,-85,2026-04-30 10:59:37
f8:6b:d9:01:85:28:,UTTetudiants,-85,2026-04-30 10:59:40
f8:6b:d9:01:85:28:,UTTetudiants,-83,2026-04-30 10:59:40
f8:6b:d9:01:85:28:,UTTetudiants,-85,2026-04-30 10:59:40
f8:6b:d9:01:85:28:,UTTetudiants,-85,2026-04-30 10:59:43
f8:6b:d9:01:85:28:,UTTetudiants,-83,2026-04-30 10:59:43
f8:6b:d9:01:85:28:,UTTetudiants,-85,2026-04-30 10:59:43
f8:6b:d9:01:85:28:,UTTetudiants,-85,2026-04-30 10:59:46
f8:6b:d9:01:85:28:,UTTetudiants,-83,2026-04-30 10:59:46
f8:6b:d9:01:85:28:,UTTetudiants,-85,2026-04-30 10:59:46
f8:6b:d9:01:85:28:,UTTetudiants,-85,2026-04-30 10:59:48
f8:6b:d9:01:85:28:,UTTetudiants,-83,2026-04-30 10:59:48
f8:6b:d9:01:85:28:,UTTetudiants,-85,2026-04-30 10:59:48
f8:6b:d9:01:85:28:,UTTetudiants,-85,2026-04-30 10:59:53
f8:6b:d9:01:85:28:,UTTetudiants,-83,2026-04-30 10:59:53
f8:6b:d9:01:85:28:,UTTetudiants,-85,2026-04-30 10:59:53
f8:6b:d9:01:85:28:,UTTetudiants,-85,2026-04-30 10:59:56
f8:6b:d9:01:85:28:,UTTetudiants,-83,2026-04-30 10:59:56
f8:6b:d9:01:85:28:,UTTetudiants,-85,2026-04-30 10:59:56
f8:6b:d9:01:85:28:,UTTetudiants,-85,2026-04-30 10:59:59
f8:6b:d9:01:85:28:,UTTetudiants,-83,2026-04-30 10:59:59
f8:6b:d9:01:85:28:,UTTetudiants,-85,2026-04-30 10:59:59
f8:6b:d9:01:85:28:,UTTetudiants,-85,2026-04-30 11:00:04
f8:6b:d9:01:85:28:,UTTetudiants,-83,2026-04-30 11:00:04
f8:6b:d9:01:85:28:,UTTetudiants,-85,2026-04-30 11:00:04
f8:6b:d9:01:85:28:,UTTetudiants,-85,2026-04-30 11:00:07
f8:6b:d9:01:85:28:,UTTetudiants,-83,2026-04-30 11:00:07
f8:6b:d9:01:85:28:,UTTetudiants,-85,2026-04-30 11:00:07
f8:6b:d9:01:85:28:,UTTetudiants,-83,2026-04-30 11:00:10
f8:6b:d9:01:85:28:,UTTetudiants,-83,2026-04-30 11:00:13
f8:6b:d9:01:85:28:,UTTetudiants,-83,2026-04-30 11:00:16
f8:6b:d9:95:d8:88:,UTTetudiants,-45,2026-04-30 10:59:03
f8:6b:d9:95:d8:88:,UTTetudiants,-51,2026-04-30 10:59:03
f8:6b:d9:95:d8:88:,UTTetudiants,-45,2026-04-30 10:59:03
f8:6b:d9:95:d8:88:,UTTetudiants,-48,2026-04-30 10:59:07
f8:6b:d9:95:d8:88:,UTTetudiants,-49,2026-04-30 10:59:07
f8:6b:d9:95:d8:88:,UTTetudiants,-48,2026-04-30 10:59:07
f8:6b:d9:95:d8:88:,UTTetudiants,-48,2026-04-30 10:59:10
f8:6b:d9:95:d8:88:,UTTetudiants,-49,2026-04-30 10:59:10
f8:6b:d9:95:d8:88:,UTTetudiants,-48,2026-04-30 10:59:10
f8:6b:d9:95:d8:88:,UTTetudiants,-49,2026-04-30 10:59:12
f8:6b:d9:95:d8:88:,UTTetudiants,-62,2026-04-30 10:59:12
f8:6b:d9:95:d8:88:,UTTetudiants,-49,2026-04-30 10:59:12
f8:6b:d9:95:d8:88:,UTTetudiants,-46,2026-04-30 10:59:15
f8:6b:d9:95:d8:88:,UTTetudiants,-56,2026-04-30 10:59:15
f8:6b:d9:95:d8:88:,UTTetudiants,-46,2026-04-30 10:59:15
f8:6b:d9:95:d8:88:,UTTetudiants,-46,2026-04-30 10:59:18
f8:6b:d9:95:d8:88:,UTTetudiants,-56,2026-04-30 10:59:18
f8:6b:d9:95:d8:88:,UTTetudiants,-46,2026-04-30 10:59:18
f8:6b:d9:95:d8:88:,UTTetudiants,-49,2026-04-30 10:59:21
f8:6b:d9:95:d8:88:,UTTetudiants,-53,2026-04-30 10:59:21
f8:6b:d9:95:d8:88:,UTTetudiants,-49,2026-04-30 10:59:21
f8:6b:d9:95:d8:88:,UTTetudiants,-49,2026-04-30 10:59:25
f8:6b:d9:95:d8:88:,UTTetudiants,-57,2026-04-30 10:59:25
f8:6b:d9:95:d8:88:,UTTetudiants,-49,2026-04-30 10:59:25
f8:6b:d9:95:d8:88:,UTTetudiants,-49,2026-04-30 10:59:35
f8:6b:d9:95:d8:88:,UTTetudiants,-62,2026-04-30 10:59:35
f8:6b:d9:95:d8:88:,UTTetudiants,-49,2026-04-30 10:59:35
f8:6b:d9:95:d8:88:,UTTetudiants,-45,2026-04-30 10:59:37
f8:6b:d9:95:d8:88:,UTTetudiants,-59,2026-04-30 10:59:37
f8:6b:d9:95:d8:88:,UTTetudiants,-45,2026-04-30 10:59:37
f8:6b:d9:95:d8:88:,UTTetudiants,-45,2026-04-30 10:59:40
f8:6b:d9:95:d8:88:,UTTetudiants,-59,2026-04-30 10:59:40
f8:6b:d9:95:d8:88:,UTTetudiants,-45,2026-04-30 10:59:40
f8:6b:d9:95:d8:88:,UTTetudiants,-48,2026-04-30 10:59:43
f8:6b:d9:95:d8:88:,UTTetudiants,-59,2026-04-30 10:59:43
f8:6b:d9:95:d8:88:,UTTetudiants,-48,2026-04-30 10:59:43
f8:6b:d9:95:d8:88:,UTTetudiants,-48,2026-04-30 10:59:46
f8:6b:d9:95:d8:88:,UTTetudiants,-56,2026-04-30 10:59:46
f8:6b:d9:95:d8:88:,UTTetudiants,-48,2026-04-30 10:59:46
f8:6b:d9:95:d8:88:,UTTetudiants,-49,2026-04-30 10:59:48
f8:6b:d9:95:d8:88:,UTTetudiants,-56,2026-04-30 10:59:48
f8:6b:d9:95:d8:88:,UTTetudiants,-49,2026-04-30 10:59:48
f8:6b:d9:95:d8:88:,UTTetudiants,-46,2026-04-30 10:59:53
f8:6b:d9:95:d8:88:,UTTetudiants,-56,2026-04-30 10:59:53
f8:6b:d9:95:d8:88:,UTTetudiants,-46,2026-04-30 10:59:53
f8:6b:d9:95:d8:88:,UTTetudiants,-46,2026-04-30 10:59:56
f8:6b:d9:95:d8:88:,UTTetudiants,-56,2026-04-30 10:59:56
f8:6b:d9:95:d8:88:,UTTetudiants,-46,2026-04-30 10:59:56
f8:6b:d9:95:d8:88:,UTTetudiants,-47,2026-04-30 10:59:59
f8:6b:d9:95:d8:88:,UTTetudiants,-46,2026-04-30 10:59:59
f8:6b:d9:95:d8:88:,UTTetudiants,-47,2026-04-30 10:59:59
f8:6b:d9:95:d8:88:,UTTetudiants,-48,2026-04-30 11:00:04
f8:6b:d9:95:d8:88:,UTTetudiants,-48,2026-04-30 11:00:04
f8:6b:d9:95:d8:88:,UTTetudiants,-48,2026-04-30 11:00:04
f8:6b:d9:95:d8:88:,UTTetudiants,-48,2026-04-30 11:00:07
f8:6b:d9:95:d8:88:,UTTetudiants,-48,2026-04-30 11:00:07
f8:6b:d9:95:d8:88:,UTTetudiants,-48,2026-04-30 11:00:07
f8:6b:d9:95:d8:88:,UTTetudiants,-42,2026-04-30 11:00:10
f8:6b:d9:95:d8:88:,UTTetudiants,-42,2026-04-30 11:00:10
f8:6b:d9:95:d8:88:,UTTetudiants,-42,2026-04-30 11:00:10
f8:6b:d9:95:d8:88:,UTTetudiants,-42,2026-04-30 11:00:13
f8:6b:d9:95:d8:88:,UTTetudiants,-42,2026-04-30 11:00:13
f8:6b:d9:95:d8:88:,UTTetudiants,-42,2026-04-30 11:00:13
f8:6b:d9:95:d8:88:,UTTetudiants,-46,2026-04-30 11:00:16
f8:6b:d9:95:d8:88:,UTTetudiants,-55,2026-04-30 11:00:16
f8:6b:d9:95:d8:88:,UTTetudiants,-46,2026-04-30 11:00:16
f8:6b:d9:95:d8:88:,UTTetudiants,-45,2026-04-30 11:00:18
f8:6b:d9:95:d8:88:,UTTetudiants,-48,2026-04-30 11:00:18
f8:6b:d9:95:d8:88:,UTTetudiants,-45,2026-04-30 11:00:18
f8:6b:d9:95:d8:88:,UTTetudiants,-47,2026-04-30 11:00:24
f8:6b:d9:95:d8:88:,UTTetudiants,-63,2026-04-30 11:00:24
f8:6b:d9:95:d8:88:,UTTetudiants,-47,2026-04-30 11:00:24
f8:6b:d9:95:d8:88:,UTTetudiants,-47,2026-04-30 11:00:27
f8:6b:d9:95:d8:88:,UTTetudiants,-63,2026-04-30 11:00:27
f8:6b:d9:95:d8:88:,UTTetudiants,-47,2026-04-30 11:00:27
f8:6b:d9:95:d8:88:,UTTetudiants,-47,2026-04-30 11:00:30
f8:6b:d9:95:d8:88:,UTTetudiants,-50,2026-04-30 11:00:30
f8:6b:d9:95:d8:88:,UTTetudiants,-47,2026-04-30 11:00:30
f8:6b:d9:95:d8:88:,UTTetudiants,-43,2026-04-30 11:00:33
f8:6b:d9:95:d8:88:,UTTetudiants,-66,2026-04-30 11:00:33
f8:6b:d9:95:d8:88:,UTTetudiants,-43,2026-04-30 11:00:33
f8:6b:d9:95:d8:88:,UTTetudiants,-49,2026-04-30 11:00:38
f8:6b:d9:95:d8:88:,UTTetudiants,-48,2026-04-30 11:00:38
f8:6b:d9:95:d8:88:,UTTetudiants,-49,2026-04-30 11:00:38
f8:6b:d9:95:d8:88:,UTTetudiants,-49,2026-04-30 11:00:41
f8:6b:d9:95:d8:88:,UTTetudiants,-48,2026-04-30 11:00:41
f8:6b:d9:95:d8:88:,UTTetudiants,-49,2026-04-30 11:00:41
f8:6b:d9:95:d8:88:,UTTetudiants,-49,2026-04-30 11:00:45
f8:6b:d9:95:d8:88:,UTTetudiants,-54,2026-04-30 11:00:45
f8:6b:d9:95:d8:88:,UTTetudiants,-49,2026-04-30 11:00:45
f8:6b:d9:95:d8:88:,UTTetudiants,-47,2026-04-30 11:00:51
f8:6b:d9:95:d8:88:,UTTetudiants,-61,2026-04-30 11:00:51
f8:6b:d9:95:d8:88:,UTTetudiants,-47,2026-04-30 11:00:51
f8:6b:d9:95:d8:88:,UTTetudiants,-47,2026-04-30 11:00:54
f8:6b:d9:95:d8:88:,UTTetudiants,-52,2026-04-30 11:00:54
f8:6b:d9:95:d8:88:,UTTetudiants,-47,2026-04-30 11:00:54
f8:6b:d9:95:d8:88:,UTTetudiants,-47,2026-04-30 11:00:57
f8:6b:d9:95:d8:88:,UTTetudiants,-52,2026-04-30 11:00:57
f8:6b:d9:95:d8:88:,UTTetudiants,-47,2026-04-30 11:00:57
f8:6b:d9:95:d8:88:,UTTetudiants,-47,2026-04-30 11:00:59
f8:6b:d9:95:d8:88:,UTTetudiants,-48,2026-04-30 11:00:59
f8:6b:d9:95:d8:88:,UTTetudiants,-47,2026-04-30 11:00:59
f8:6b:d9:95:d8:88:,UTTetudiants,-45,2026-04-30 11:01:02
f8:6b:d9:95:d8:88:,UTTetudiants,-48,2026-04-30 11:01:02
f8:6b:d9:95:d8:88:,UTTetudiants,-45,2026-04-30 11:01:02
f8:6b:d9:95:d8:88:,UTTetudiants,-45,2026-04-30 11:01:05
f8:6b:d9:95:d8:88:,UTTetudiants,-60,2026-04-30 11:01:05
f8:6b:d9:95:d8:88:,UTTetudiants,-45,2026-04-30 11:01:05
f8:6b:d9:95:d8:88:,UTTetudiants,-49,2026-04-30 11:01:12
f8:6b:d9:95:d8:88:,UTTetudiants,-56,2026-04-30 11:01:12
f8:6b:d9:95:d8:88:,UTTetudiants,-49,2026-04-30 11:01:12
f8:6b:d9:95:d8:88:,UTTetudiants,-49,2026-04-30 11:01:16
f8:6b:d9:95:d8:88:,UTTetudiants,-54,2026-04-30 11:01:16
f8:6b:d9:95:d8:88:,UTTetudiants,-46,2026-04-30 11:01:16
f8:6b:d9:95:d8:88:,UTTetudiants,-46,2026-04-30 11:01:20
f8:6b:d9:95:d8:88:,UTTetudiants,-54,2026-04-30 11:01:20
f8:6b:d9:95:d8:88:,UTTetudiants,-46,2026-04-30 11:01:20
f8:6b:d9:95:d8:88:,UTTetudiants,-46,2026-04-30 11:01:22
f8:6b:d9:95:d8:88:,UTTetudiants,-46,2026-04-30 11:01:22
f8:6b:d9:95:d8:88:,UTTetudiants,-46,2026-04-30 11:01:22
f8:6b:d9:95:d8:88:,UTTetudiants,-46,2026-04-30 11:01:25
f8:6b:d9:95:d8:88:,UTTetudiants,-59,2026-04-30 11:01:25
f8:6b:d9:95:d8:88:,UTTetudiants,-46,2026-04-30 11:01:25
f8:6b:d9:95:d8:88:,UTTetudiants,-47,2026-04-30 11:01:28
f8:6b:d9:95:d8:88:,UTTetudiants,-59,2026-04-30 11:01:28
f8:6b:d9:95:d8:88:,UTTetudiants,-47,2026-04-30 11:01:28
f8:6b:d9:95:d8:88:,UTTetudiants,-53,2026-04-30 11:01:31
f8:6b:d9:95:d8:88:,UTTetudiants,-55,2026-04-30 11:01:31
f8:6b:d9:95:d8:88:,UTTetudiants,-53,2026-04-30 11:01:31
f8:6b:d9:95:d8:88:,UTTetudiants,-53,2026-04-30 11:01:34
f8:6b:d9:95:d8:88:,UTTetudiants,-65,2026-04-30 11:01:34
f8:6b:d9:95:d8:88:,UTTetudiants,-53,2026-04-30 11:01:34
f8:6b:d9:95:d8:88:,UTTetudiants,-53,2026-04-30 11:01:36
f8:6b:d9:95:d8:88:,UTTetudiants,-65,2026-04-30 11:01:36
f8:6b:d9:95:d8:88:,UTTetudiants,-53,2026-04-30 11:01:36
f8:6b:d9:95:d8:88:,UTTetudiants,-53,2026-04-30 11:01:39
f8:6b:d9:95:d8:88:,UTTetudiants,-59,2026-04-30 11:01:39
f8:6b:d9:95:d8:88:,UTTetudiants,-53,2026-04-30 11:01:39
f8:6b:d9:95:d8:88:,UTTetudiants,-49,2026-04-30 11:01:42
f8:6b:d9:95:d8:88:,UTTetudiants,-69,2026-04-30 11:01:42
f8:6b:d9:95:d8:88:,UTTetudiants,-49,2026-04-30 11:01:42
f8:6b:d9:95:d8:88:,UTTetudiants,-49,2026-04-30 11:01:45
f8:6b:d9:95:d8:88:,UTTetudiants,-69,2026-04-30 11:01:45
f8:6b:d9:95:d8:88:,UTTetudiants,-49,2026-04-30 11:01:45
f8:6b:d9:95:d8:88:,UTTetudiants,-46,2026-04-30 11:01:48
f8:6b:d9:95:d8:88:,UTTetudiants,-59,2026-04-30 11:01:48
f8:6b:d9:95:d8:88:,UTTetudiants,-46,2026-04-30 11:01:48
f8:6b:d9:95:d8:88:,UTTetudiants,-46,2026-04-30 11:01:51
f8:6b:d9:95:d8:88:,UTTetudiants,-59,2026-04-30 11:01:51
f8:6b:d9:95:d8:88:,UTTetudiants,-46,2026-04-30 11:01:51
f8:6b:d9:95:d8:88:,UTTetudiants,-54,2026-04-30 11:01:54
f8:6b:d9:95:d8:88:,UTTetudiants,-54,2026-04-30 11:01:54
f8:6b:d9:95:d8:88:,UTTetudiants,-54,2026-04-30 11:01:54
f8:6b:d9:95:d8:88:,UTTetudiants,-48,2026-04-30 11:01:56
f8:6b:d9:95:d8:88:,UTTetudiants,-51,2026-04-30 11:01:56
f8:6b:d9:95:d8:88:,UTTetudiants,-48,2026-04-30 11:01:56
f8:6b:d9:95:d8:88:,UTTetudiants,-48,2026-04-30 11:01:59
f8:6b:d9:95:d8:88:,UTTetudiants,-51,2026-04-30 11:01:59
f8:6b:d9:95:d8:88:,UTTetudiants,-48,2026-04-30 11:01:59
f8:6b:d9:95:d8:88:,UTTetudiants,-48,2026-04-30 11:02:02
f8:6b:d9:95:d8:88:,UTTetudiants,-49,2026-04-30 11:02:02
f8:6b:d9:95:d8:88:,UTTetudiants,-48,2026-04-30 11:02:02
f8:6b:d9:95:d8:88:,UTTetudiants,-42,2026-04-30 11:02:05
f8:6b:d9:95:d8:88:,UTTetudiants,-49,2026-04-30 11:02:05
f8:6b:d9:95:d8:88:,UTTetudiants,-42,2026-04-30 11:02:05
f8:6b:d9:95:d8:88:,UTTetudiants,-42,2026-04-30 11:02:08
f8:6b:d9:95:d8:88:,UTTetudiants,-49,2026-04-30 11:02:08
f8:6b:d9:95:d8:88:,UTTetudiants,-42,2026-04-30 11:02:08
f8:6b:d9:95:d8:88:,UTTetudiants,-48,2026-04-30 11:02:11
f8:6b:d9:95:d8:88:,UTTetudiants,-57,2026-04-30 11:02:11
f8:6b:d9:95:d8:88:,UTTetudiants,-48,2026-04-30 11:02:11
f8:6b:d9:95:d8:88:,UTTetudiants,-46,2026-04-30 11:02:16
f8:6b:d9:95:d8:88:,UTTetudiants,-54,2026-04-30 11:02:16
f8:6b:d9:95:d8:88:,UTTetudiants,-46,2026-04-30 11:02:16
f8:6b:d9:95:d8:88:,UTTetudiants,-46,2026-04-30 11:02:19
f8:6b:d9:95:d8:88:,UTTetudiants,-54,2026-04-30 11:02:19
f8:6b:d9:95:d8:88:,UTTetudiants,-46,2026-04-30 11:02:19
f8:6b:d9:01:85:27:,UTTetudiants,-83,2026-04-30 10:59:03
f8:6b:d9:01:85:27:,UTTetudiants,-84,2026-04-30 10:59:03
f8:6b:d9:01:85:27:,UTTetudiants,-83,2026-04-30 10:59:03
f8:6b:d9:01:85:27:,UTTetudiants,-83,2026-04-30 10:59:07
f8:6b:d9:01:85:27:,UTTetudiants,-84,2026-04-30 10:59:07
f8:6b:d9:01:85:27:,UTTetudiants,-83,2026-04-30 10:59:07
f8:6b:d9:01:85:27:,UTTetudiants,-83,2026-04-30 10:59:10
f8:6b:d9:01:85:27:,UTTetudiants,-84,2026-04-30 10:59:10
f8:6b:d9:01:85:27:,UTTetudiants,-83,2026-04-30 10:59:10
f8:6b:d9:01:85:27:,UTTetudiants,-83,2026-04-30 10:59:12
f8:6b:d9:01:85:27:,UTTetudiants,-84,2026-04-30 10:59:12
f8:6b:d9:01:85:27:,UTTetudiants,-83,2026-04-30 10:59:12
f8:6b:d9:01:85:27:,UTTetudiants,-83,2026-04-30 10:59:15
f8:6b:d9:01:85:27:,UTTetudiants,-84,2026-04-30 10:59:15
f8:6b:d9:01:85:27:,UTTetudiants,-83,2026-04-30 10:59:15
f8:6b:d9:01:85:27:,UTTetudiants,-83,2026-04-30 10:59:18
f8:6b:d9:01:85:27:,UTTetudiants,-84,2026-04-30 10:59:18
f8:6b:d9:01:85:27:,UTTetudiants,-83,2026-04-30 10:59:18
f8:6b:d9:01:85:27:,UTTetudiants,-83,2026-04-30 10:59:21
f8:6b:d9:01:85:27:,UTTetudiants,-84,2026-04-30 10:59:21
f8:6b:d9:01:85:27:,UTTetudiants,-83,2026-04-30 10:59:21
f8:6b:d9:01:85:27:,UTTetudiants,-83,2026-04-30 10:59:25
f8:6b:d9:01:85:27:,UTTetudiants,-84,2026-04-30 10:59:25
f8:6b:d9:01:85:27:,UTTetudiants,-83,2026-04-30 10:59:25
f8:6b:d9:01:85:27:,UTTetudiants,-83,2026-04-30 10:59:35
f8:6b:d9:01:85:27:,UTTetudiants,-84,2026-04-30 10:59:35
f8:6b:d9:01:85:27:,UTTetudiants,-83,2026-04-30 10:59:35
f8:6b:d9:01:85:27:,UTTetudiants,-83,2026-04-30 10:59:37
f8:6b:d9:01:85:27:,UTTetudiants,-84,2026-04-30 10:59:37
f8:6b:d9:01:85:27:,UTTetudiants,-83,2026-04-30 10:59:37
f8:6b:d9:01:85:27:,UTTetudiants,-83,2026-04-30 10:59:40
f8:6b:d9:01:85:27:,UTTetudiants,-84,2026-04-30 10:59:40
f8:6b:d9:01:85:27:,UTTetudiants,-83,2026-04-30 10:59:40
f8:6b:d9:01:85:27:,UTTetudiants,-83,2026-04-30 10:59:43
f8:6b:d9:01:85:27:,UTTetudiants,-84,2026-04-30 10:59:43
f8:6b:d9:01:85:27:,UTTetudiants,-83,2026-04-30 10:59:43
f8:6b:d9:01:85:27:,UTTetudiants,-83,2026-04-30 10:59:46
f8:6b:d9:01:85:27:,UTTetudiants,-84,2026-04-30 10:59:46
f8:6b:d9:01:85:27:,UTTetudiants,-83,2026-04-30 10:59:46
f8:6b:d9:01:85:27:,UTTetudiants,-83,2026-04-30 10:59:48
f8:6b:d9:01:85:27:,UTTetudiants,-84,2026-04-30 10:59:48
f8:6b:d9:01:85:27:,UTTetudiants,-83,2026-04-30 10:59:48
f8:6b:d9:01:85:27:,UTTetudiants,-83,2026-04-30 10:59:53
f8:6b:d9:01:85:27:,UTTetudiants,-84,2026-04-30 10:59:53
f8:6b:d9:01:85:27:,UTTetudiants,-83,2026-04-30 10:59:53
f8:6b:d9:01:85:27:,UTTetudiants,-83,2026-04-30 10:59:56
f8:6b:d9:01:85:27:,UTTetudiants,-84,2026-04-30 10:59:56
f8:6b:d9:01:85:27:,UTTetudiants,-83,2026-04-30 10:59:56
f8:6b:d9:01:85:27:,UTTetudiants,-83,2026-04-30 10:59:59
f8:6b:d9:01:85:27:,UTTetudiants,-84,2026-04-30 10:59:59
f8:6b:d9:01:85:27:,UTTetudiants,-83,2026-04-30 10:59:59
f8:6b:d9:01:85:27:,UTTetudiants,-83,2026-04-30 11:00:04
f8:6b:d9:01:85:27:,UTTetudiants,-84,2026-04-30 11:00:04
f8:6b:d9:01:85:27:,UTTetudiants,-83,2026-04-30 11:00:04
f8:6b:d9:01:85:27:,UTTetudiants,-83,2026-04-30 11:00:07
f8:6b:d9:01:85:27:,UTTetudiants,-84,2026-04-30 11:00:07
f8:6b:d9:01:85:27:,UTTetudiants,-83,2026-04-30 11:00:07
f8:6b:d9:01:85:27:,UTTetudiants,-83,2026-04-30 11:00:10
f8:6b:d9:01:85:27:,UTTetudiants,-83,2026-04-30 11:00:10
f8:6b:d9:01:85:27:,UTTetudiants,-83,2026-04-30 11:00:13
f8:6b:d9:01:85:27:,UTTetudiants,-83,2026-04-30 11:00:13
f8:6b:d9:01:85:27:,UTTetudiants,-83,2026-04-30 11:00:16
f8:6b:d9:01:85:27:,UTTetudiants,-83,2026-04-30 11:00:16
e4:aa:5d:fd:3e:e8:,UTTetudiants,-77,2026-04-30 10:59:03
e4:aa:5d:fd:3e:e8:,UTTetudiants,-79,2026-04-30 10:59:03
e4:aa:5d:fd:3e:e8:,UTTetudiants,-77,2026-04-30 10:59:03
e4:aa:5d:fd:3e:e8:,UTTetudiants,-77,2026-04-30 10:59:07
e4:aa:5d:fd:3e:e8:,UTTetudiants,-79,2026-04-30 10:59:07
e4:aa:5d:fd:3e:e8:,UTTetudiants,-77,2026-04-30 10:59:07
e4:aa:5d:fd:3e:e8:,UTTetudiants,-77,2026-04-30 10:59:10
e4:aa:5d:fd:3e:e8:,UTTetudiants,-79,2026-04-30 10:59:10
e4:aa:5d:fd:3e:e8:,UTTetudiants,-77,2026-04-30 10:59:10
e4:aa:5d:fd:3e:e8:,UTTetudiants,-77,2026-04-30 10:59:12
e4:aa:5d:fd:3e:e8:,UTTetudiants,-79,2026-04-30 10:59:12
e4:aa:5d:fd:3e:e8:,UTTetudiants,-77,2026-04-30 10:59:12
e4:aa:5d:fd:3e:e8:,UTTetudiants,-77,2026-04-30 10:59:15
e4:aa:5d:fd:3e:e8:,UTTetudiants,-85,2026-04-30 10:59:15
e4:aa:5d:fd:3e:e8:,UTTetudiants,-77,2026-04-30 10:59:15
e4:aa:5d:fd:3e:e8:,UTTetudiants,-77,2026-04-30 10:59:18
e4:aa:5d:fd:3e:e8:,UTTetudiants,-85,2026-04-30 10:59:18
e4:aa:5d:fd:3e:e8:,UTTetudiants,-77,2026-04-30 10:59:18
e4:aa:5d:fd:3e:e8:,UTTetudiants,-77,2026-04-30 10:59:21
e4:aa:5d:fd:3e:e8:,UTTetudiants,-85,2026-04-30 10:59:21
e4:aa:5d:fd:3e:e8:,UTTetudiants,-77,2026-04-30 10:59:21
e4:aa:5d:fd:3e:e8:,UTTetudiants,-77,2026-04-30 10:59:25
e4:aa:5d:fd:3e:e8:,UTTetudiants,-85,2026-04-30 10:59:25
e4:aa:5d:fd:3e:e8:,UTTetudiants,-77,2026-04-30 10:59:25
e4:aa:5d:fd:3e:e8:,UTTetudiants,-77,2026-04-30 10:59:35
e4:aa:5d:fd:3e:e8:,UTTetudiants,-85,2026-04-30 10:59:35
e4:aa:5d:fd:3e:e8:,UTTetudiants,-77,2026-04-30 10:59:35
e4:aa:5d:fd:3e:e8:,UTTetudiants,-77,2026-04-30 10:59:37
e4:aa:5d:fd:3e:e8:,UTTetudiants,-85,2026-04-30 10:59:37
e4:aa:5d:fd:3e:e8:,UTTetudiants,-77,2026-04-30 10:59:37
e4:aa:5d:fd:3e:e8:,UTTetudiants,-77,2026-04-30 10:59:40
e4:aa:5d:fd:3e:e8:,UTTetudiants,-85,2026-04-30 10:59:40
e4:aa:5d:fd:3e:e8:,UTTetudiants,-77,2026-04-30 10:59:40
e4:aa:5d:fd:3e:e8:,UTTetudiants,-77,2026-04-30 10:59:43
e4:aa:5d:fd:3e:e8:,UTTetudiants,-85,2026-04-30 10:59:43
e4:aa:5d:fd:3e:e8:,UTTetudiants,-77,2026-04-30 10:59:43
e4:aa:5d:fd:3e:e8:,UTTetudiants,-77,2026-04-30 10:59:46
e4:aa:5d:fd:3e:e8:,UTTetudiants,-83,2026-04-30 10:59:46
e4:aa:5d:fd:3e:e8:,UTTetudiants,-77,2026-04-30 10:59:46
e4:aa:5d:fd:3e:e8:,UTTetudiants,-77,2026-04-30 10:59:48
e4:aa:5d:fd:3e:e8:,UTTetudiants,-83,2026-04-30 10:59:48
e4:aa:5d:fd:3e:e8:,UTTetudiants,-77,2026-04-30 10:59:48
e4:aa:5d:fd:3e:e8:,UTTetudiants,-77,2026-04-30 10:59:53
e4:aa:5d:fd:3e:e8:,UTTetudiants,-83,2026-04-30 10:59:53
e4:aa:5d:fd:3e:e8:,UTTetudiants,-77,2026-04-30 10:59:53
e4:aa:5d:fd:3e:e8:,UTTetudiants,-77,2026-04-30 10:59:56
e4:aa:5d:fd:3e:e8:,UTTetudiants,-83,2026-04-30 10:59:56
e4:aa:5d:fd:3e:e8:,UTTetudiants,-77,2026-04-30 10:59:56
e4:aa:5d:fd:3e:e8:,UTTetudiants,-77,2026-04-30 10:59:59
e4:aa:5d:fd:3e:e8:,UTTetudiants,-83,2026-04-30 10:59:59
e4:aa:5d:fd:3e:e8:,UTTetudiants,-77,2026-04-30 10:59:59
e4:aa:5d:fd:3e:e8:,UTTetudiants,-77,2026-04-30 11:00:04
e4:aa:5d:fd:3e:e8:,UTTetudiants,-83,2026-04-30 11:00:04
e4:aa:5d:fd:3e:e8:,UTTetudiants,-77,2026-04-30 11:00:04
e4:aa:5d:fd:3e:e8:,UTTetudiants,-77,2026-04-30 11:00:07
e4:aa:5d:fd:3e:e8:,UTTetudiants,-83,2026-04-30 11:00:07
e4:aa:5d:fd:3e:e8:,UTTetudiants,-77,2026-04-30 11:00:07
e4:aa:5d:fd:3e:e8:,UTTetudiants,-77,2026-04-30 11:00:10
e4:aa:5d:fd:3e:e8:,UTTetudiants,-87,2026-04-30 11:00:10
e4:aa:5d:fd:3e:e8:,UTTetudiants,-77,2026-04-30 11:00:10
e4:aa:5d:fd:3e:e8:,UTTetudiants,-77,2026-04-30 11:00:13
e4:aa:5d:fd:3e:e8:,UTTetudiants,-87,2026-04-30 11:00:13
e4:aa:5d:fd:3e:e8:,UTTetudiants,-77,2026-04-30 11:00:13
e4:aa:5d:fd:3e:e8:,UTTetudiants,-77,2026-04-30 11:00:16
e4:aa:5d:fd:3e:e8:,UTTetudiants,-87,2026-04-30 11:00:16
e4:aa:5d:fd:3e:e8:,UTTetudiants,-77,2026-04-30 11:00:16
e4:aa:5d:fd:3e:e8:,UTTetudiants,-77,2026-04-30 11:00:18
e4:aa:5d:fd:3e:e8:,UTTetudiants,-87,2026-04-30 11:00:18
e4:aa:5d:fd:3e:e8:,UTTetudiants,-77,2026-04-30 11:00:18
e4:aa:5d:fd:3e:e8:,UTTetudiants,-77,2026-04-30 11:00:24
e4:aa:5d:fd:3e:e8:,UTTetudiants,-87,2026-04-30 11:00:24
e4:aa:5d:fd:3e:e8:,UTTetudiants,-77,2026-04-30 11:00:24
e4:aa:5d:fd:3e:e8:,UTTetudiants,-77,2026-04-30 11:00:27
e4:aa:5d:fd:3e:e8:,UTTetudiants,-87,2026-04-30 11:00:27
e4:aa:5d:fd:3e:e8:,UTTetudiants,-77,2026-04-30 11:00:27
e4:aa:5d:fd:3e:e8:,UTTetudiants,-77,2026-04-30 11:00:30
e4:aa:5d:fd:3e:e8:,UTTetudiants,-87,2026-04-30 11:00:30
e4:aa:5d:fd:3e:e8:,UTTetudiants,-77,2026-04-30 11:00:30
e4:aa:5d:fd:3e:e8:,UTTetudiants,-87,2026-04-30 11:00:33
e4:aa:5d:fd:3e:e8:,UTTetudiants,-87,2026-04-30 11:00:38
e4:aa:5d:fd:3e:e8:,UTTetudiants,-87,2026-04-30 11:00:41
e4:aa:5d:fd:3e:e8:,UTTetudiants,-87,2026-04-30 11:00:45
e4:aa:5d:fd:3e:e8:,UTTetudiants,-87,2026-04-30 11:00:51
e4:aa:5d:fd:3e:e8:,UTTetudiants,-87,2026-04-30 11:00:54
e4:aa:5d:fd:3e:e8:,UTTetudiants,-87,2026-04-30 11:00:57
e4:aa:5d:fd:3e:e8:,UTTetudiants,-87,2026-04-30 11:00:59
e4:aa:5d:fd:3e:e8:,UTTetudiants,-87,2026-04-30 11:01:02
e4:aa:5d:fd:3e:e8:,UTTetudiants,-87,2026-04-30 11:01:05
e4:aa:5d:fd:3e:e8:,UTTetudiants,-87,2026-04-30 11:01:12
e4:aa:5d:fd:3e:e8:,UTTetudiants,-87,2026-04-30 11:01:16
e4:aa:5d:fd:3e:e8:,UTTetudiants,-87,2026-04-30 11:01:20
e4:aa:5d:fd:3e:e8:,UTTetudiants,-87,2026-04-30 11:01:22
e4:aa:5d:fd:3e:e8:,UTTetudiants,-87,2026-04-30 11:01:25
e4:aa:5d:fd:3e:e8:,UTTetudiants,-87,2026-04-30 11:01:28
e4:aa:5d:fd:3e:e8:,UTTetudiants,-87,2026-04-30 11:01:31
e4:aa:5d:fd:3e:e8:,UTTetudiants,-87,2026-04-30 11:01:34
e4:aa:5d:fd:3e:e8:,UTTetudiants,-87,2026-04-30 11:01:36
e4:aa:5d:fd:3e:e8:,UTTetudiants,-85,2026-04-30 11:01:39
e4:aa:5d:fd:3e:e8:,UTTetudiants,-85,2026-04-30 11:01:42
e4:aa:5d:fd:3e:e8:,UTTetudiants,-85,2026-04-30 11:01:45
e4:aa:5d:fd:3e:e8:,UTTetudiants,-85,2026-04-30 11:01:48
e4:aa:5d:fd:3e:e8:,UTTetudiants,-85,2026-04-30 11:01:51
e4:aa:5d:fd:3e:e8:,UTTetudiants,-85,2026-04-30 11:01:54
e4:aa:5d:fd:3e:e8:,UTTetudiants,-85,2026-04-30 11:01:56
e4:aa:5d:fd:3e:e8:,UTTetudiants,-85,2026-04-30 11:01:59
e4:aa:5d:fd:3e:e8:,UTTetudiants,-85,2026-04-30 11:02:02
e4:aa:5d:fd:3e:e8:,UTTetudiants,-85,2026-04-30 11:02:05
e4:aa:5d:fd:3e:e8:,UTTetudiants,-85,2026-04-30 11:02:08
e4:aa:5d:fd:3e:e8:,UTTetudiants,-85,2026-04-30 11:02:11
e4:aa:5d:fd:3e:e8:,UTTetudiants,-85,2026-04-30 11:02:16
e4:aa:5d:fd:3e:e8:,UTTetudiants,-85,2026-04-30 11:02:19
f8:6b:d9:01:93:68:,UTTetudiants,-74,2026-04-30 10:59:03
f8:6b:d9:01:93:68:,UTTetudiants,-79,2026-04-30 10:59:03
f8:6b:d9:01:93:68:,UTTetudiants,-74,2026-04-30 10:59:03
f8:6b:d9:01:93:68:,UTTetudiants,-74,2026-04-30 10:59:07
f8:6b:d9:01:93:68:,UTTetudiants,-79,2026-04-30 10:59:07
f8:6b:d9:01:93:68:,UTTetudiants,-74,2026-04-30 10:59:07
f8:6b:d9:01:93:68:,UTTetudiants,-74,2026-04-30 10:59:10
f8:6b:d9:01:93:68:,UTTetudiants,-79,2026-04-30 10:59:10
f8:6b:d9:01:93:68:,UTTetudiants,-74,2026-04-30 10:59:10
f8:6b:d9:01:93:68:,UTTetudiants,-74,2026-04-30 10:59:12
f8:6b:d9:01:93:68:,UTTetudiants,-79,2026-04-30 10:59:12
f8:6b:d9:01:93:68:,UTTetudiants,-74,2026-04-30 10:59:12
f8:6b:d9:01:93:68:,UTTetudiants,-74,2026-04-30 10:59:15
f8:6b:d9:01:93:68:,UTTetudiants,-79,2026-04-30 10:59:15
f8:6b:d9:01:93:68:,UTTetudiants,-74,2026-04-30 10:59:15
f8:6b:d9:01:93:68:,UTTetudiants,-74,2026-04-30 10:59:18
f8:6b:d9:01:93:68:,UTTetudiants,-79,2026-04-30 10:59:18
f8:6b:d9:01:93:68:,UTTetudiants,-74,2026-04-30 10:59:18
f8:6b:d9:01:93:68:,UTTetudiants,-74,2026-04-30 10:59:21
f8:6b:d9:01:93:68:,UTTetudiants,-79,2026-04-30 10:59:21
f8:6b:d9:01:93:68:,UTTetudiants,-74,2026-04-30 10:59:21
f8:6b:d9:01:93:68:,UTTetudiants,-74,2026-04-30 10:59:25
f8:6b:d9:01:93:68:,UTTetudiants,-79,2026-04-30 10:59:25
f8:6b:d9:01:93:68:,UTTetudiants,-74,2026-04-30 10:59:25
f8:6b:d9:01:93:68:,UTTetudiants,-74,2026-04-30 10:59:35
f8:6b:d9:01:93:68:,UTTetudiants,-79,2026-04-30 10:59:35
f8:6b:d9:01:93:68:,UTTetudiants,-74,2026-04-30 10:59:35
f8:6b:d9:01:93:68:,UTTetudiants,-74,2026-04-30 10:59:37
f8:6b:d9:01:93:68:,UTTetudiants,-79,2026-04-30 10:59:37
f8:6b:d9:01:93:68:,UTTetudiants,-74,2026-04-30 10:59:37
f8:6b:d9:01:93:68:,UTTetudiants,-74,2026-04-30 10:59:40
f8:6b:d9:01:93:68:,UTTetudiants,-79,2026-04-30 10:59:40
f8:6b:d9:01:93:68:,UTTetudiants,-74,2026-04-30 10:59:40
f8:6b:d9:01:93:68:,UTTetudiants,-74,2026-04-30 10:59:43
f8:6b:d9:01:93:68:,UTTetudiants,-79,2026-04-30 10:59:43
f8:6b:d9:01:93:68:,UTTetudiants,-74,2026-04-30 10:59:43
f8:6b:d9:01:93:68:,UTTetudiants,-74,2026-04-30 10:59:46
f8:6b:d9:01:93:68:,UTTetudiants,-79,2026-04-30 10:59:46
f8:6b:d9:01:93:68:,UTTetudiants,-74,2026-04-30 10:59:46
f8:6b:d9:01:93:68:,UTTetudiants,-74,2026-04-30 10:59:48
f8:6b:d9:01:93:68:,UTTetudiants,-79,2026-04-30 10:59:48
f8:6b:d9:01:93:68:,UTTetudiants,-74,2026-04-30 10:59:48
f8:6b:d9:01:93:68:,UTTetudiants,-74,2026-04-30 10:59:53
f8:6b:d9:01:93:68:,UTTetudiants,-79,2026-04-30 10:59:53
f8:6b:d9:01:93:68:,UTTetudiants,-74,2026-04-30 10:59:53
f8:6b:d9:01:93:68:,UTTetudiants,-74,2026-04-30 10:59:56
f8:6b:d9:01:93:68:,UTTetudiants,-79,2026-04-30 10:59:56
f8:6b:d9:01:93:68:,UTTetudiants,-74,2026-04-30 10:59:56
f8:6b:d9:01:93:68:,UTTetudiants,-74,2026-04-30 10:59:59
f8:6b:d9:01:93:68:,UTTetudiants,-79,2026-04-30 10:59:59
f8:6b:d9:01:93:68:,UTTetudiants,-74,2026-04-30 10:59:59
f8:6b:d9:01:93:68:,UTTetudiants,-74,2026-04-30 11:00:04
f8:6b:d9:01:93:68:,UTTetudiants,-79,2026-04-30 11:00:04
f8:6b:d9:01:93:68:,UTTetudiants,-74,2026-04-30 11:00:04
f8:6b:d9:01:93:68:,UTTetudiants,-74,2026-04-30 11:00:07
f8:6b:d9:01:93:68:,UTTetudiants,-79,2026-04-30 11:00:07
f8:6b:d9:01:93:68:,UTTetudiants,-74,2026-04-30 11:00:07
f8:6b:d9:01:93:68:,UTTetudiants,-74,2026-04-30 11:00:10
f8:6b:d9:01:93:68:,UTTetudiants,-79,2026-04-30 11:00:10
f8:6b:d9:01:93:68:,UTTetudiants,-74,2026-04-30 11:00:10
f8:6b:d9:01:93:68:,UTTetudiants,-74,2026-04-30 11:00:13
f8:6b:d9:01:93:68:,UTTetudiants,-79,2026-04-30 11:00:13
f8:6b:d9:01:93:68:,UTTetudiants,-74,2026-04-30 11:00:13
f8:6b:d9:01:93:68:,UTTetudiants,-74,2026-04-30 11:00:16
f8:6b:d9:01:93:68:,UTTetudiants,-79,2026-04-30 11:00:16
f8:6b:d9:01:93:68:,UTTetudiants,-74,2026-04-30 11:00:16
f8:6b:d9:01:93:68:,UTTetudiants,-74,2026-04-30 11:00:18
f8:6b:d9:01:93:68:,UTTetudiants,-79,2026-04-30 11:00:18
f8:6b:d9:01:93:68:,UTTetudiants,-74,2026-04-30 11:00:18
f8:6b:d9:01:93:68:,UTTetudiants,-74,2026-04-30 11:00:24
f8:6b:d9:01:93:68:,UTTetudiants,-79,2026-04-30 11:00:24
f8:6b:d9:01:93:68:,UTTetudiants,-74,2026-04-30 11:00:24
f8:6b:d9:01:93:68:,UTTetudiants,-74,2026-04-30 11:00:27
f8:6b:d9:01:93:68:,UTTetudiants,-79,2026-04-30 11:00:27
f8:6b:d9:01:93:68:,UTTetudiants,-74,2026-04-30 11:00:27
f8:6b:d9:01:93:68:,UTTetudiants,-74,2026-04-30 11:00:30
f8:6b:d9:01:93:68:,UTTetudiants,-79,2026-04-30 11:00:30
f8:6b:d9:01:93:68:,UTTetudiants,-74,2026-04-30 11:00:30
f8:6b:d9:01:93:67:,UTTetudiants,-78,2026-04-30 10:59:03
f8:6b:d9:01:93:67:,UTTetudiants,-45,2026-04-30 10:59:03
f8:6b:d9:01:93:67:,UTTetudiants,-78,2026-04-30 10:59:03
f8:6b:d9:01:93:67:,UTTetudiants,-78,2026-04-30 10:59:07
f8:6b:d9:01:93:67:,UTTetudiants,-45,2026-04-30 10:59:07
f8:6b:d9:01:93:67:,UTTetudiants,-78,2026-04-30 10:59:07
f8:6b:d9:01:93:67:,UTTetudiants,-78,2026-04-30 10:59:10
f8:6b:d9:01:93:67:,UTTetudiants,-45,2026-04-30 10:59:10
f8:6b:d9:01:93:67:,UTTetudiants,-78,2026-04-30 10:59:10
f8:6b:d9:01:93:67:,UTTetudiants,-78,2026-04-30 10:59:12
f8:6b:d9:01:93:67:,UTTetudiants,-45,2026-04-30 10:59:12
f8:6b:d9:01:93:67:,UTTetudiants,-78,2026-04-30 10:59:12
f8:6b:d9:01:93:67:,UTTetudiants,-78,2026-04-30 10:59:15
f8:6b:d9:01:93:67:,UTTetudiants,-45,2026-04-30 10:59:15
f8:6b:d9:01:93:67:,UTTetudiants,-78,2026-04-30 10:59:15
f8:6b:d9:01:93:67:,UTTetudiants,-78,2026-04-30 10:59:18
f8:6b:d9:01:93:67:,UTTetudiants,-45,2026-04-30 10:59:18
f8:6b:d9:01:93:67:,UTTetudiants,-78,2026-04-30 10:59:18
f8:6b:d9:01:93:67:,UTTetudiants,-78,2026-04-30 10:59:21
f8:6b:d9:01:93:67:,UTTetudiants,-45,2026-04-30 10:59:21
f8:6b:d9:01:93:67:,UTTetudiants,-78,2026-04-30 10:59:21
f8:6b:d9:01:93:67:,UTTetudiants,-78,2026-04-30 10:59:25
f8:6b:d9:01:93:67:,UTTetudiants,-45,2026-04-30 10:59:25
f8:6b:d9:01:93:67:,UTTetudiants,-78,2026-04-30 10:59:25
f8:6b:d9:01:93:67:,UTTetudiants,-78,2026-04-30 10:59:35
f8:6b:d9:01:93:67:,UTTetudiants,-45,2026-04-30 10:59:35
f8:6b:d9:01:93:67:,UTTetudiants,-78,2026-04-30 10:59:35
f8:6b:d9:01:93:67:,UTTetudiants,-78,2026-04-30 10:59:37
f8:6b:d9:01:93:67:,UTTetudiants,-45,2026-04-30 10:59:37
f8:6b:d9:01:93:67:,UTTetudiants,-78,2026-04-30 10:59:37
f8:6b:d9:01:93:67:,UTTetudiants,-78,2026-04-30 10:59:40
f8:6b:d9:01:93:67:,UTTetudiants,-45,2026-04-30 10:59:40
f8:6b:d9:01:93:67:,UTTetudiants,-78,2026-04-30 10:59:40
f8:6b:d9:01:93:67:,UTTetudiants,-78,2026-04-30 10:59:43
f8:6b:d9:01:93:67:,UTTetudiants,-45,2026-04-30 10:59:43
f8:6b:d9:01:93:67:,UTTetudiants,-78,2026-04-30 10:59:43
f8:6b:d9:01:93:67:,UTTetudiants,-78,2026-04-30 10:59:46
f8:6b:d9:01:93:67:,UTTetudiants,-45,2026-04-30 10:59:46
f8:6b:d9:01:93:67:,UTTetudiants,-78,2026-04-30 10:59:46
f8:6b:d9:01:93:67:,UTTetudiants,-78,2026-04-30 10:59:48
f8:6b:d9:01:93:67:,UTTetudiants,-45,2026-04-30 10:59:48
f8:6b:d9:01:93:67:,UTTetudiants,-78,2026-04-30 10:59:48
f8:6b:d9:01:93:67:,UTTetudiants,-78,2026-04-30 10:59:53
f8:6b:d9:01:93:67:,UTTetudiants,-45,2026-04-30 10:59:53
f8:6b:d9:01:93:67:,UTTetudiants,-78,2026-04-30 10:59:53
f8:6b:d9:01:93:67:,UTTetudiants,-78,2026-04-30 10:59:56
f8:6b:d9:01:93:67:,UTTetudiants,-45,2026-04-30 10:59:56
f8:6b:d9:01:93:67:,UTTetudiants,-78,2026-04-30 10:59:56
f8:6b:d9:01:93:67:,UTTetudiants,-78,2026-04-30 10:59:59
f8:6b:d9:01:93:67:,UTTetudiants,-45,2026-04-30 10:59:59
f8:6b:d9:01:93:67:,UTTetudiants,-78,2026-04-30 10:59:59
f8:6b:d9:01:93:67:,UTTetudiants,-78,2026-04-30 11:00:04
f8:6b:d9:01:93:67:,UTTetudiants,-45,2026-04-30 11:00:04
f8:6b:d9:01:93:67:,UTTetudiants,-78,2026-04-30 11:00:04
f8:6b:d9:01:93:67:,UTTetudiants,-78,2026-04-30 11:00:07
f8:6b:d9:01:93:67:,UTTetudiants,-45,2026-04-30 11:00:07
f8:6b:d9:01:93:67:,UTTetudiants,-78,2026-04-30 11:00:07
f8:6b:d9:01:93:67:,UTTetudiants,-78,2026-04-30 11:00:10
f8:6b:d9:01:93:67:,UTTetudiants,-45,2026-04-30 11:00:10
f8:6b:d9:01:93:67:,UTTetudiants,-78,2026-04-30 11:00:10
f8:6b:d9:01:93:67:,UTTetudiants,-78,2026-04-30 11:00:13
f8:6b:d9:01:93:67:,UTTetudiants,-45,2026-04-30 11:00:13
f8:6b:d9:01:93:67:,UTTetudiants,-78,2026-04-30 11:00:13
f8:6b:d9:01:93:67:,UTTetudiants,-78,2026-04-30 11:00:16
f8:6b:d9:01:93:67:,UTTetudiants,-45,2026-04-30 11:00:16
f8:6b:d9:01:93:67:,UTTetudiants,-78,2026-04-30 11:00:16
f8:6b:d9:01:93:67:,UTTetudiants,-78,2026-04-30 11:00:18
f8:6b:d9:01:93:67:,UTTetudiants,-45,2026-04-30 11:00:18
f8:6b:d9:01:93:67:,UTTetudiants,-78,2026-04-30 11:00:18
f8:6b:d9:01:93:67:,UTTetudiants,-78,2026-04-30 11:00:24
f8:6b:d9:01:93:67:,UTTetudiants,-78,2026-04-30 11:00:24
f8:6b:d9:01:93:67:,UTTetudiants,-78,2026-04-30 11:00:27
f8:6b:d9:01:93:67:,UTTetudiants,-78,2026-04-30 11:00:27
f8:6b:d9:01:93:67:,UTTetudiants,-78,2026-04-30 11:00:30
f8:6b:d9:01:93:67:,UTTetudiants,-78,2026-04-30 11:00:30
f8:6b:d9:01:8e:e8:,UTTpersonnels,-74,2026-04-30 10:59:03
f8:6b:d9:01:8e:e8:,UTTpersonnels,-71,2026-04-30 10:59:07
f8:6b:d9:01:8e:e8:,UTTpersonnels,-84,2026-04-30 10:59:10
f8:6b:d9:01:8e:e8:,UTTpersonnels,-71,2026-04-30 10:59:10
f8:6b:d9:01:8e:e8:,UTTpersonnels,-84,2026-04-30 10:59:10
f8:6b:d9:01:8e:e8:,UTTpersonnels,-84,2026-04-30 10:59:12
f8:6b:d9:01:8e:e8:,UTTpersonnels,-82,2026-04-30 10:59:12
f8:6b:d9:01:8e:e8:,UTTpersonnels,-84,2026-04-30 10:59:12
f8:6b:d9:01:8e:e8:,UTTpersonnels,-84,2026-04-30 10:59:15
f8:6b:d9:01:8e:e8:,UTTpersonnels,-77,2026-04-30 10:59:15
f8:6b:d9:01:8e:e8:,UTTpersonnels,-84,2026-04-30 10:59:15
f8:6b:d9:01:8e:e8:,UTTpersonnels,-84,2026-04-30 10:59:18
f8:6b:d9:01:8e:e8:,UTTpersonnels,-77,2026-04-30 10:59:18
f8:6b:d9:01:8e:e8:,UTTpersonnels,-84,2026-04-30 10:59:18
f8:6b:d9:01:8e:e8:,UTTpersonnels,-84,2026-04-30 10:59:21
f8:6b:d9:01:8e:e8:,UTTpersonnels,-88,2026-04-30 10:59:21
f8:6b:d9:01:8e:e8:,UTTpersonnels,-84,2026-04-30 10:59:21
f8:6b:d9:01:8e:e8:,UTTpersonnels,-84,2026-04-30 10:59:25
f8:6b:d9:01:8e:e8:,UTTpersonnels,-73,2026-04-30 10:59:25
f8:6b:d9:01:8e:e8:,UTTpersonnels,-84,2026-04-30 10:59:25
f8:6b:d9:01:8e:e8:,UTTpersonnels,-84,2026-04-30 10:59:35
f8:6b:d9:01:8e:e8:,UTTpersonnels,-88,2026-04-30 10:59:35
f8:6b:d9:01:8e:e8:,UTTpersonnels,-84,2026-04-30 10:59:35
f8:6b:d9:01:8e:e8:,UTTpersonnels,-84,2026-04-30 10:59:37
f8:6b:d9:01:8e:e8:,UTTpersonnels,-88,2026-04-30 10:59:37
f8:6b:d9:01:8e:e8:,UTTpersonnels,-84,2026-04-30 10:59:37
f8:6b:d9:01:8e:e8:,UTTpersonnels,-84,2026-04-30 10:59:40
f8:6b:d9:01:8e:e8:,UTTpersonnels,-88,2026-04-30 10:59:40
f8:6b:d9:01:8e:e8:,UTTpersonnels,-84,2026-04-30 10:59:40
f8:6b:d9:01:8e:e8:,UTTpersonnels,-84,2026-04-30 10:59:43
f8:6b:d9:01:8e:e8:,UTTpersonnels,-79,2026-04-30 10:59:43
f8:6b:d9:01:8e:e8:,UTTpersonnels,-84,2026-04-30 10:59:43
f8:6b:d9:01:8e:e8:,UTTpersonnels,-84,2026-04-30 10:59:46
f8:6b:d9:01:8e:e8:,UTTpersonnels,-77,2026-04-30 10:59:46
f8:6b:d9:01:8e:e8:,UTTpersonnels,-84,2026-04-30 10:59:46
f8:6b:d9:01:8e:e8:,UTTpersonnels,-84,2026-04-30 10:59:48
f8:6b:d9:01:8e:e8:,UTTpersonnels,-77,2026-04-30 10:59:48
f8:6b:d9:01:8e:e8:,UTTpersonnels,-84,2026-04-30 10:59:48
f8:6b:d9:01:8e:e8:,UTTpersonnels,-84,2026-04-30 10:59:53
f8:6b:d9:01:8e:e8:,UTTpersonnels,-89,2026-04-30 10:59:53
f8:6b:d9:01:8e:e8:,UTTpersonnels,-84,2026-04-30 10:59:53
f8:6b:d9:01:8e:e8:,UTTpersonnels,-84,2026-04-30 10:59:56
f8:6b:d9:01:8e:e8:,UTTpersonnels,-89,2026-04-30 10:59:56
f8:6b:d9:01:8e:e8:,UTTpersonnels,-84,2026-04-30 10:59:56
f8:6b:d9:01:8e:e8:,UTTpersonnels,-84,2026-04-30 10:59:59
f8:6b:d9:01:8e:e8:,UTTpersonnels,-88,2026-04-30 10:59:59
f8:6b:d9:01:8e:e8:,UTTpersonnels,-84,2026-04-30 10:59:59
f8:6b:d9:01:8e:e8:,UTTpersonnels,-84,2026-04-30 11:00:04
f8:6b:d9:01:8e:e8:,UTTpersonnels,-88,2026-04-30 11:00:04
f8:6b:d9:01:8e:e8:,UTTpersonnels,-84,2026-04-30 11:00:04
f8:6b:d9:01:8e:e8:,UTTpersonnels,-84,2026-04-30 11:00:07
f8:6b:d9:01:8e:e8:,UTTpersonnels,-88,2026-04-30 11:00:07
f8:6b:d9:01:8e:e8:,UTTpersonnels,-84,2026-04-30 11:00:07
f8:6b:d9:01:8e:e8:,UTTpersonnels,-84,2026-04-30 11:00:10
f8:6b:d9:01:8e:e8:,UTTpersonnels,-69,2026-04-30 11:00:10
f8:6b:d9:01:8e:e8:,UTTpersonnels,-84,2026-04-30 11:00:10
f8:6b:d9:01:8e:e8:,UTTpersonnels,-84,2026-04-30 11:00:13
f8:6b:d9:01:8e:e8:,UTTpersonnels,-69,2026-04-30 11:00:13
f8:6b:d9:01:8e:e8:,UTTpersonnels,-84,2026-04-30 11:00:13
f8:6b:d9:01:8e:e8:,UTTpersonnels,-82,2026-04-30 11:00:16
f8:6b:d9:01:8e:e8:,UTTpersonnels,-87,2026-04-30 11:00:16
f8:6b:d9:01:8e:e8:,UTTpersonnels,-82,2026-04-30 11:00:16
f8:6b:d9:01:8e:e8:,UTTpersonnels,-82,2026-04-30 11:00:18
f8:6b:d9:01:8e:e8:,UTTpersonnels,-82,2026-04-30 11:00:18
f8:6b:d9:01:8e:e8:,UTTpersonnels,-82,2026-04-30 11:00:18
f8:6b:d9:01:8e:e8:,UTTpersonnels,-82,2026-04-30 11:00:24
f8:6b:d9:01:8e:e8:,UTTpersonnels,-82,2026-04-30 11:00:24
f8:6b:d9:01:8e:e8:,UTTpersonnels,-82,2026-04-30 11:00:24
f8:6b:d9:01:8e:e8:,UTTpersonnels,-82,2026-04-30 11:00:27
f8:6b:d9:01:8e:e8:,UTTpersonnels,-82,2026-04-30 11:00:27
f8:6b:d9:01:8e:e8:,UTTpersonnels,-82,2026-04-30 11:00:27
f8:6b:d9:01:8e:e8:,UTTpersonnels,-82,2026-04-30 11:00:30
f8:6b:d9:01:8e:e8:,UTTpersonnels,-81,2026-04-30 11:00:30
f8:6b:d9:01:8e:e8:,UTTpersonnels,-82,2026-04-30 11:00:30
f8:6b:d9:01:8e:e8:,UTTpersonnels,-82,2026-04-30 11:00:33
f8:6b:d9:01:8e:e8:,UTTpersonnels,-85,2026-04-30 11:00:33
f8:6b:d9:01:8e:e8:,UTTpersonnels,-82,2026-04-30 11:00:33
f8:6b:d9:01:8e:e8:,UTTpersonnels,-82,2026-04-30 11:00:38
f8:6b:d9:01:8e:e8:,UTTpersonnels,-84,2026-04-30 11:00:38
f8:6b:d9:01:8e:e8:,UTTpersonnels,-82,2026-04-30 11:00:38
f8:6b:d9:01:8e:e8:,UTTpersonnels,-82,2026-04-30 11:00:41
f8:6b:d9:01:8e:e8:,UTTpersonnels,-84,2026-04-30 11:00:41
f8:6b:d9:01:8e:e8:,UTTpersonnels,-82,2026-04-30 11:00:41
f8:6b:d9:01:8e:e8:,UTTpersonnels,-82,2026-04-30 11:00:45
f8:6b:d9:01:8e:e8:,UTTpersonnels,-84,2026-04-30 11:00:45
f8:6b:d9:01:8e:e8:,UTTpersonnels,-82,2026-04-30 11:00:45
f8:6b:d9:01:8e:e8:,UTTpersonnels,-82,2026-04-30 11:00:51
f8:6b:d9:01:8e:e8:,UTTpersonnels,-84,2026-04-30 11:00:51
f8:6b:d9:01:8e:e8:,UTTpersonnels,-82,2026-04-30 11:00:51
f8:6b:d9:01:8e:e8:,UTTpersonnels,-82,2026-04-30 11:00:54
f8:6b:d9:01:8e:e8:,UTTpersonnels,-84,2026-04-30 11:00:54
f8:6b:d9:01:8e:e8:,UTTpersonnels,-82,2026-04-30 11:00:54
f8:6b:d9:01:8e:e8:,UTTpersonnels,-82,2026-04-30 11:00:57
f8:6b:d9:01:8e:e8:,UTTpersonnels,-84,2026-04-30 11:00:57
f8:6b:d9:01:8e:e8:,UTTpersonnels,-82,2026-04-30 11:00:57
f8:6b:d9:01:8e:e8:,UTTpersonnels,-82,2026-04-30 11:00:59
f8:6b:d9:01:8e:e8:,UTTpersonnels,-86,2026-04-30 11:00:59
f8:6b:d9:01:8e:e8:,UTTpersonnels,-82,2026-04-30 11:00:59
f8:6b:d9:01:8e:e8:,UTTpersonnels,-82,2026-04-30 11:01:02
f8:6b:d9:01:8e:e8:,UTTpersonnels,-86,2026-04-30 11:01:02
f8:6b:d9:01:8e:e8:,UTTpersonnels,-82,2026-04-30 11:01:02
f8:6b:d9:01:8e:e8:,UTTpersonnels,-82,2026-04-30 11:01:05
f8:6b:d9:01:8e:e8:,UTTpersonnels,-86,2026-04-30 11:01:05
f8:6b:d9:01:8e:e8:,UTTpersonnels,-82,2026-04-30 11:01:05
f8:6b:d9:01:8e:e8:,UTTpersonnels,-82,2026-04-30 11:01:12
f8:6b:d9:01:8e:e8:,UTTpersonnels,-86,2026-04-30 11:01:12
f8:6b:d9:01:8e:e8:,UTTpersonnels,-82,2026-04-30 11:01:12
f8:6b:d9:01:8e:e8:,UTTpersonnels,-82,2026-04-30 11:01:16
f8:6b:d9:01:8e:e8:,UTTpersonnels,-86,2026-04-30 11:01:16
f8:6b:d9:01:8e:e8:,UTTpersonnels,-82,2026-04-30 11:01:16
f8:6b:d9:01:8e:e8:,UTTpersonnels,-82,2026-04-30 11:01:20
f8:6b:d9:01:8e:e8:,UTTpersonnels,-86,2026-04-30 11:01:20
f8:6b:d9:01:8e:e8:,UTTpersonnels,-82,2026-04-30 11:01:20
f8:6b:d9:01:8e:e8:,UTTpersonnels,-82,2026-04-30 11:01:22
f8:6b:d9:01:8e:e8:,UTTpersonnels,-88,2026-04-30 11:01:22
f8:6b:d9:01:8e:e8:,UTTpersonnels,-82,2026-04-30 11:01:22
f8:6b:d9:01:8e:e8:,UTTpersonnels,-82,2026-04-30 11:01:25
f8:6b:d9:01:8e:e8:,UTTpersonnels,-85,2026-04-30 11:01:25
f8:6b:d9:01:8e:e8:,UTTpersonnels,-82,2026-04-30 11:01:25
f8:6b:d9:01:8e:e8:,UTTpersonnels,-82,2026-04-30 11:01:28
f8:6b:d9:01:8e:e8:,UTTpersonnels,-85,2026-04-30 11:01:28
f8:6b:d9:01:8e:e8:,UTTpersonnels,-82,2026-04-30 11:01:28
f8:6b:d9:01:8e:e8:,UTTpersonnels,-82,2026-04-30 11:01:31
f8:6b:d9:01:8e:e8:,UTTpersonnels,-85,2026-04-30 11:01:31
f8:6b:d9:01:8e:e8:,UTTpersonnels,-82,2026-04-30 11:01:31
f8:6b:d9:01:8e:e8:,UTTpersonnels,-82,2026-04-30 11:01:34
f8:6b:d9:01:8e:e8:,UTTpersonnels,-85,2026-04-30 11:01:34
f8:6b:d9:01:8e:e8:,UTTpersonnels,-82,2026-04-30 11:01:34
f8:6b:d9:01:8e:e8:,UTTpersonnels,-82,2026-04-30 11:01:36
f8:6b:d9:01:8e:e8:,UTTpersonnels,-85,2026-04-30 11:01:36
f8:6b:d9:01:8e:e8:,UTTpersonnels,-82,2026-04-30 11:01:36
f8:6b:d9:01:8e:e8:,UTTpersonnels,-82,2026-04-30 11:01:39
f8:6b:d9:01:8e:e8:,UTTpersonnels,-84,2026-04-30 11:01:39
f8:6b:d9:01:8e:e8:,UTTpersonnels,-82,2026-04-30 11:01:39
f8:6b:d9:01:8e:e8:,UTTpersonnels,-82,2026-04-30 11:01:42
f8:6b:d9:01:8e:e8:,UTTpersonnels,-87,2026-04-30 11:01:42
f8:6b:d9:01:8e:e8:,UTTpersonnels,-82,2026-04-30 11:01:42
f8:6b:d9:01:8e:e8:,UTTpersonnels,-82,2026-04-30 11:01:45
f8:6b:d9:01:8e:e8:,UTTpersonnels,-87,2026-04-30 11:01:45
f8:6b:d9:01:8e:e8:,UTTpersonnels,-82,2026-04-30 11:01:45
f8:6b:d9:01:8e:e8:,UTTpersonnels,-82,2026-04-30 11:01:48
f8:6b:d9:01:8e:e8:,UTTpersonnels,-86,2026-04-30 11:01:48
f8:6b:d9:01:8e:e8:,UTTpersonnels,-82,2026-04-30 11:01:48
f8:6b:d9:01:8e:e8:,UTTpersonnels,-82,2026-04-30 11:01:51
f8:6b:d9:01:8e:e8:,UTTpersonnels,-86,2026-04-30 11:01:51
f8:6b:d9:01:8e:e8:,UTTpersonnels,-82,2026-04-30 11:01:51
f8:6b:d9:01:8e:e8:,UTTpersonnels,-82,2026-04-30 11:01:54
f8:6b:d9:01:8e:e8:,UTTpersonnels,-86,2026-04-30 11:01:54
f8:6b:d9:01:8e:e8:,UTTpersonnels,-82,2026-04-30 11:01:54
f8:6b:d9:01:8e:e8:,UTTpersonnels,-82,2026-04-30 11:01:56
f8:6b:d9:01:8e:e8:,UTTpersonnels,-86,2026-04-30 11:01:56
f8:6b:d9:01:8e:e8:,UTTpersonnels,-82,2026-04-30 11:01:56
f8:6b:d9:01:8e:e8:,UTTpersonnels,-82,2026-04-30 11:01:59
f8:6b:d9:01:8e:e8:,UTTpersonnels,-86,2026-04-30 11:01:59
f8:6b:d9:01:8e:e8:,UTTpersonnels,-82,2026-04-30 11:01:59
f8:6b:d9:01:8e:e8:,UTTpersonnels,-82,2026-04-30 11:02:02
f8:6b:d9:01:8e:e8:,UTTpersonnels,-86,2026-04-30 11:02:02
f8:6b:d9:01:8e:e8:,UTTpersonnels,-82,2026-04-30 11:02:02
f8:6b:d9:01:8e:e8:,UTTpersonnels,-82,2026-04-30 11:02:05
f8:6b:d9:01:8e:e8:,UTTpersonnels,-86,2026-04-30 11:02:05
f8:6b:d9:01:8e:e8:,UTTpersonnels,-82,2026-04-30 11:02:05
f8:6b:d9:01:8e:e8:,UTTpersonnels,-82,2026-04-30 11:02:08
f8:6b:d9:01:8e:e8:,UTTpersonnels,-86,2026-04-30 11:02:08
f8:6b:d9:01:8e:e8:,UTTpersonnels,-82,2026-04-30 11:02:08
f8:6b:d9:01:8e:e8:,UTTpersonnels,-82,2026-04-30 11:02:11
f8:6b:d9:01:8e:e8:,UTTpersonnels,-89,2026-04-30 11:02:11
f8:6b:d9:01:8e:e8:,UTTpersonnels,-82,2026-04-30 11:02:11
f8:6b:d9:01:8e:e8:,UTTpersonnels,-77,2026-04-30 11:02:16
f8:6b:d9:01:8e:e8:,UTTpersonnels,-77,2026-04-30 11:02:19
ac:2a:a1:7e:df:68:,UTTpersonnels,-77,2026-04-30 10:59:03
ac:2a:a1:7e:df:68:,UTTpersonnels,-77,2026-04-30 10:59:07
ac:2a:a1:7e:df:68:,UTTpersonnels,-77,2026-04-30 10:59:10
ac:2a:a1:7e:df:68:,UTTpersonnels,-77,2026-04-30 10:59:12
ac:2a:a1:7e:df:68:,UTTpersonnels,-77,2026-04-30 10:59:15
ac:2a:a1:7e:df:68:,UTTpersonnels,-77,2026-04-30 10:59:18
ac:2a:a1:7e:df:68:,UTTpersonnels,-77,2026-04-30 10:59:21
ac:2a:a1:7e:df:68:,UTTpersonnels,-77,2026-04-30 10:59:25
ac:2a:a1:7e:df:68:,UTTpersonnels,-77,2026-04-30 10:59:35
ac:2a:a1:7e:df:68:,UTTpersonnels,-77,2026-04-30 10:59:37
ac:2a:a1:7e:df:68:,UTTpersonnels,-77,2026-04-30 10:59:40
ac:2a:a1:7e:df:68:,UTTpersonnels,-77,2026-04-30 10:59:43
ac:2a:a1:7e:df:68:,UTTpersonnels,-77,2026-04-30 10:59:46
ac:2a:a1:7e:df:68:,UTTpersonnels,-77,2026-04-30 10:59:48
ac:2a:a1:7e:df:68:,UTTpersonnels,-77,2026-04-30 10:59:53
ac:2a:a1:7e:df:68:,UTTpersonnels,-77,2026-04-30 10:59:56
ac:2a:a1:7e:df:68:,UTTpersonnels,-77,2026-04-30 10:59:59
ac:2a:a1:7e:df:68:,UTTpersonnels,-77,2026-04-30 11:00:04
ac:2a:a1:7e:df:68:,UTTpersonnels,-77,2026-04-30 11:00:07
ac:2a:a1:7e:df:68:,UTTpersonnels,-77,2026-04-30 11:00:10
ac:2a:a1:7e:df:68:,UTTpersonnels,-77,2026-04-30 11:00:13
ac:2a:a1:7e:df:68:,UTTpersonnels,-77,2026-04-30 11:00:16
f8:6b:d9:01:93:6d:,eduroam,-45,2026-04-30 10:59:03
f8:6b:d9:01:93:6d:,eduroam,-45,2026-04-30 10:59:07
f8:6b:d9:01:93:6d:,eduroam,-45,2026-04-30 10:59:10
f8:6b:d9:01:93:6d:,eduroam,-45,2026-04-30 10:59:12
f8:6b:d9:01:93:6d:,eduroam,-45,2026-04-30 10:59:15
f8:6b:d9:01:93:6d:,eduroam,-45,2026-04-30 10:59:18
f8:6b:d9:01:93:6d:,eduroam,-45,2026-04-30 10:59:21
f8:6b:d9:01:93:6d:,eduroam,-45,2026-04-30 10:59:25
f8:6b:d9:01:93:6d:,eduroam,-45,2026-04-30 10:59:35
f8:6b:d9:01:93:6d:,eduroam,-45,2026-04-30 10:59:37
f8:6b:d9:01:93:6d:,eduroam,-45,2026-04-30 10:59:40
f8:6b:d9:01:93:6d:,eduroam,-45,2026-04-30 10:59:43
f8:6b:d9:01:93:6d:,eduroam,-45,2026-04-30 10:59:46
f8:6b:d9:01:93:6d:,eduroam,-45,2026-04-30 10:59:48
f8:6b:d9:01:93:6d:,eduroam,-45,2026-04-30 10:59:53
f8:6b:d9:01:93:6d:,eduroam,-45,2026-04-30 10:59:56
f8:6b:d9:01:93:6d:,eduroam,-45,2026-04-30 10:59:59
f8:6b:d9:01:93:6d:,eduroam,-45,2026-04-30 11:00:04
f8:6b:d9:01:93:6d:,eduroam,-45,2026-04-30 11:00:07
f8:6b:d9:01:93:6d:,eduroam,-45,2026-04-30 11:00:10
f8:6b:d9:01:93:6d:,eduroam,-45,2026-04-30 11:00:13
f8:6b:d9:01:93:6d:,eduroam,-45,2026-04-30 11:00:16
f8:6b:d9:01:93:6d:,eduroam,-45,2026-04-30 11:00:18
e4:aa:5d:bf:25:5d:,eduroam,-84,2026-04-30 10:59:03
e4:aa:5d:bf:25:5d:,eduroam,-84,2026-04-30 10:59:07
e4:aa:5d:bf:25:5d:,eduroam,-82,2026-04-30 10:59:10
e4:aa:5d:bf:25:5d:,eduroam,-75,2026-04-30 10:59:12
e4:aa:5d:bf:25:5d:,eduroam,-75,2026-04-30 10:59:15
e4:aa:5d:bf:25:5d:,eduroam,-75,2026-04-30 10:59:18
e4:aa:5d:bf:25:5d:,eduroam,-74,2026-04-30 10:59:21
e4:aa:5d:bf:25:5d:,eduroam,-74,2026-04-30 10:59:25
e4:aa:5d:bf:25:5d:,eduroam,-78,2026-04-30 10:59:35
e4:aa:5d:bf:25:5d:,eduroam,-78,2026-04-30 10:59:37
e4:aa:5d:bf:25:5d:,eduroam,-77,2026-04-30 10:59:40
e4:aa:5d:bf:25:5d:,eduroam,-71,2026-04-30 10:59:43
e4:aa:5d:bf:25:5d:,eduroam,-71,2026-04-30 10:59:46
e4:aa:5d:bf:25:5d:,eduroam,-80,2026-04-30 10:59:48
e4:aa:5d:bf:25:5d:,eduroam,-80,2026-04-30 10:59:53
e4:aa:5d:bf:25:5d:,eduroam,-80,2026-04-30 10:59:56
e4:aa:5d:bf:25:5d:,eduroam,-80,2026-04-30 10:59:59
e4:aa:5d:bf:25:5d:,eduroam,-80,2026-04-30 11:00:04
e4:aa:5d:bf:25:5d:,eduroam,-78,2026-04-30 11:00:07
e4:aa:5d:bf:25:5d:,eduroam,-78,2026-04-30 11:00:10
e4:aa:5d:bf:25:5d:,eduroam,-78,2026-04-30 11:00:13
e4:aa:5d:bf:25:5d:,eduroam,-77,2026-04-30 11:00:16
e4:aa:5d:bf:25:5d:,eduroam,-77,2026-04-30 11:00:18
e4:aa:5d:bf:25:5d:,eduroam,-84,2026-04-30 11:00:24
e4:aa:5d:bf:25:5d:,eduroam,-82,2026-04-30 11:00:27
e4:aa:5d:bf:25:5d:,eduroam,-81,2026-04-30 11:00:30
e4:aa:5d:bf:25:5d:,eduroam,-81,2026-04-30 11:00:33
e4:aa:5d:bf:25:5d:,eduroam,-77,2026-04-30 11:00:38
e4:aa:5d:bf:25:5d:,eduroam,-77,2026-04-30 11:00:41
e4:aa:5d:bf:25:5d:,eduroam,-82,2026-04-30 11:00:45
e4:aa:5d:bf:25:5d:,eduroam,-82,2026-04-30 11:00:51
e4:aa:5d:bf:25:5d:,eduroam,-82,2026-04-30 11:00:54
e4:aa:5d:bf:25:5d:,eduroam,-79,2026-04-30 11:00:57
e4:aa:5d:bf:25:5d:,eduroam,-79,2026-04-30 11:00:59
e4:aa:5d:bf:25:5d:,eduroam,-79,2026-04-30 11:01:02
e4:aa:5d:bf:25:5d:,eduroam,-81,2026-04-30 11:01:05
e4:aa:5d:bf:25:5d:,eduroam,-81,2026-04-30 11:01:12
e4:aa:5d:bf:25:5d:,eduroam,-81,2026-04-30 11:01:16
e4:aa:5d:bf:25:5d:,eduroam,-83,2026-04-30 11:01:20
e4:aa:5d:bf:25:5d:,eduroam,-83,2026-04-30 11:01:22
e4:aa:5d:bf:25:5d:,eduroam,-83,2026-04-30 11:01:25
e4:aa:5d:bf:25:5d:,eduroam,-83,2026-04-30 11:01:28
e4:aa:5d:bf:25:5d:,eduroam,-83,2026-04-30 11:01:31
e4:aa:5d:bf:25:5d:,eduroam,-83,2026-04-30 11:01:34
e4:aa:5d:bf:25:5d:,eduroam,-84,2026-04-30 11:01:36
e4:aa:5d:bf:25:5d:,eduroam,-84,2026-04-30 11:01:39
e4:aa:5d:bf:25:5d:,eduroam,-84,2026-04-30 11:01:42
e4:aa:5d:bf:25:5d:,eduroam,-77,2026-04-30 11:01:45
e4:aa:5d:bf:25:5d:,eduroam,-77,2026-04-30 11:01:48
e4:aa:5d:bf:25:5d:,eduroam,-77,2026-04-30 11:01:51
e4:aa:5d:bf:25:5d:,eduroam,-77,2026-04-30 11:01:54
e4:aa:5d:bf:25:5d:,eduroam,-77,2026-04-30 11:01:56
e4:aa:5d:bf:25:5d:,eduroam,-77,2026-04-30 11:01:59
e4:aa:5d:bf:25:5d:,eduroam,-78,2026-04-30 11:02:02
e4:aa:5d:bf:25:5d:,eduroam,-78,2026-04-30 11:02:05
e4:aa:5d:bf:25:5d:,eduroam,-78,2026-04-30 11:02:08
e4:aa:5d:bf:25:5d:,eduroam,-73,2026-04-30 11:02:11
e4:aa:5d:bf:25:5d:,eduroam,-73,2026-04-30 11:02:16
e4:aa:5d:bf:25:5d:,eduroam,-80,2026-04-30 11:02:19
e4:aa:5d:bf:25:52:,eduroam,-76,2026-04-30 10:59:03
e4:aa:5d:bf:25:52:,eduroam,-82,2026-04-30 10:59:07
e4:aa:5d:bf:25:52:,eduroam,-82,2026-04-30 10:59:10
e4:aa:5d:bf:25:52:,eduroam,-87,2026-04-30 10:59:12
e4:aa:5d:bf:25:52:,eduroam,-85,2026-04-30 10:59:15
e4:aa:5d:bf:25:52:,eduroam,-85,2026-04-30 10:59:18
e4:aa:5d:bf:25:52:,eduroam,-84,2026-04-30 10:59:21
e4:aa:5d:bf:25:52:,eduroam,-84,2026-04-30 10:59:25
e4:aa:5d:bf:25:52:,eduroam,-85,2026-04-30 10:59:35
e4:aa:5d:bf:25:52:,eduroam,-83,2026-04-30 10:59:37
e4:aa:5d:bf:25:52:,eduroam,-83,2026-04-30 10:59:40
e4:aa:5d:bf:25:52:,eduroam,-83,2026-04-30 10:59:43
e4:aa:5d:bf:25:52:,eduroam,-83,2026-04-30 10:59:46
e4:aa:5d:bf:25:52:,eduroam,-83,2026-04-30 10:59:48
e4:aa:5d:bf:25:52:,eduroam,-83,2026-04-30 10:59:53
e4:aa:5d:bf:25:52:,eduroam,-83,2026-04-30 10:59:56
e4:aa:5d:bf:25:52:,eduroam,-87,2026-04-30 10:59:59
e4:aa:5d:bf:25:52:,eduroam,-87,2026-04-30 11:00:04
e4:aa:5d:bf:25:52:,eduroam,-87,2026-04-30 11:00:07
e4:aa:5d:bf:25:52:,eduroam,-84,2026-04-30 11:00:10
e4:aa:5d:bf:25:52:,eduroam,-84,2026-04-30 11:00:13
e4:aa:5d:bf:25:52:,eduroam,-87,2026-04-30 11:00:16
e4:aa:5d:bf:25:52:,eduroam,-87,2026-04-30 11:00:18
e4:aa:5d:bf:25:52:,eduroam,-87,2026-04-30 11:00:24
e4:aa:5d:bf:25:52:,eduroam,-87,2026-04-30 11:00:27
e4:aa:5d:bf:25:52:,eduroam,-85,2026-04-30 11:00:30
e4:aa:5d:bf:25:52:,eduroam,-84,2026-04-30 11:00:33
e4:aa:5d:bf:25:52:,eduroam,-84,2026-04-30 11:00:38
e4:aa:5d:bf:25:52:,eduroam,-84,2026-04-30 11:00:41
e4:aa:5d:bf:25:52:,eduroam,-84,2026-04-30 11:00:45
e4:aa:5d:bf:25:52:,eduroam,-84,2026-04-30 11:00:51
e4:aa:5d:bf:25:52:,eduroam,-84,2026-04-30 11:00:54
e4:aa:5d:bf:25:52:,eduroam,-84,2026-04-30 11:00:57
e4:aa:5d:bf:25:52:,eduroam,-84,2026-04-30 11:00:59
e4:aa:5d:bf:25:52:,eduroam,-84,2026-04-30 11:01:02
e4:aa:5d:bf:25:52:,eduroam,-84,2026-04-30 11:01:05
e4:aa:5d:bf:25:52:,eduroam,-84,2026-04-30 11:01:12
e4:aa:5d:bf:25:52:,eduroam,-84,2026-04-30 11:01:16
e4:aa:5d:bf:25:52:,eduroam,-84,2026-04-30 11:01:20
e4:aa:5d:bf:25:52:,eduroam,-84,2026-04-30 11:01:22
e4:aa:5d:bf:25:52:,eduroam,-85,2026-04-30 11:01:25
e4:aa:5d:bf:25:52:,eduroam,-85,2026-04-30 11:01:28
e4:aa:5d:bf:25:52:,eduroam,-85,2026-04-30 11:01:31
e4:aa:5d:bf:25:52:,eduroam,-85,2026-04-30 11:01:34
e4:aa:5d:bf:25:52:,eduroam,-85,2026-04-30 11:01:36
e4:aa:5d:bf:25:52:,eduroam,-85,2026-04-30 11:01:39
e4:aa:5d:bf:25:52:,eduroam,-85,2026-04-30 11:01:42
e4:aa:5d:bf:25:52:,eduroam,-85,2026-04-30 11:01:45
e4:aa:5d:bf:25:52:,eduroam,-85,2026-04-30 11:01:48
e4:aa:5d:bf:25:52:,eduroam,-85,2026-04-30 11:01:51
e4:aa:5d:bf:25:52:,eduroam,-85,2026-04-30 11:01:54
e4:aa:5d:bf:25:52:,eduroam,-88,2026-04-30 11:01:56
e4:aa:5d:bf:25:52:,eduroam,-88,2026-04-30 11:01:59
e4:aa:5d:bf:25:52:,eduroam,-87,2026-04-30 11:02:02
e4:aa:5d:bf:25:52:,eduroam,-87,2026-04-30 11:02:05
e4:aa:5d:bf:25:52:,eduroam,-87,2026-04-30 11:02:08
e4:aa:5d:bf:25:52:,eduroam,-87,2026-04-30 11:02:11
e4:aa:5d:bf:25:52:,eduroam,-83,2026-04-30 11:02:16
e4:aa:5d:bf:25:52:,eduroam,-83,2026-04-30 11:02:19
f8:6b:d9:01:85:22:,eduroam,-84,2026-04-30 10:59:03
f8:6b:d9:01:85:22:,eduroam,-84,2026-04-30 10:59:07
f8:6b:d9:01:85:22:,eduroam,-84,2026-04-30 10:59:10
f8:6b:d9:01:85:22:,eduroam,-84,2026-04-30 10:59:12
f8:6b:d9:01:85:22:,eduroam,-84,2026-04-30 10:59:15
f8:6b:d9:01:85:22:,eduroam,-84,2026-04-30 10:59:18
f8:6b:d9:01:85:22:,eduroam,-84,2026-04-30 10:59:21
f8:6b:d9:01:85:22:,eduroam,-84,2026-04-30 10:59:25
f8:6b:d9:01:85:22:,eduroam,-84,2026-04-30 10:59:35
f8:6b:d9:01:85:22:,eduroam,-84,2026-04-30 10:59:37
f8:6b:d9:01:85:22:,eduroam,-84,2026-04-30 10:59:40
f8:6b:d9:01:85:22:,eduroam,-84,2026-04-30 10:59:43
f8:6b:d9:01:85:22:,eduroam,-84,2026-04-30 10:59:46
f8:6b:d9:01:85:22:,eduroam,-84,2026-04-30 10:59:48
f8:6b:d9:01:85:22:,eduroam,-84,2026-04-30 10:59:53
f8:6b:d9:01:85:22:,eduroam,-84,2026-04-30 10:59:56
f8:6b:d9:01:85:22:,eduroam,-84,2026-04-30 10:59:59
f8:6b:d9:01:85:22:,eduroam,-84,2026-04-30 11:00:04
f8:6b:d9:01:85:22:,eduroam,-84,2026-04-30 11:00:07
f8:6b:d9:01:85:22:,eduroam,-84,2026-04-30 11:00:10
f8:6b:d9:01:85:22:,eduroam,-84,2026-04-30 11:00:13
f8:6b:d9:01:85:22:,eduroam,-84,2026-04-30 11:00:16
f8:6b:d9:01:93:62:,eduroam,-51,2026-04-30 10:59:03
f8:6b:d9:01:93:62:,eduroam,-51,2026-04-30 10:59:07
f8:6b:d9:01:93:62:,eduroam,-51,2026-04-30 10:59:10
f8:6b:d9:01:93:62:,eduroam,-51,2026-04-30 10:59:12
f8:6b:d9:01:93:62:,eduroam,-51,2026-04-30 10:59:15
f8:6b:d9:01:93:62:,eduroam,-51,2026-04-30 10:59:18
f8:6b:d9:01:93:62:,eduroam,-51,2026-04-30 10:59:21
f8:6b:d9:01:93:62:,eduroam,-51,2026-04-30 10:59:25
f8:6b:d9:01:93:62:,eduroam,-51,2026-04-30 10:59:35
f8:6b:d9:01:93:62:,eduroam,-51,2026-04-30 10:59:37
f8:6b:d9:01:93:62:,eduroam,-51,2026-04-30 10:59:40
f8:6b:d9:01:93:62:,eduroam,-51,2026-04-30 10:59:43
f8:6b:d9:01:93:62:,eduroam,-51,2026-04-30 10:59:46
f8:6b:d9:01:93:62:,eduroam,-51,2026-04-30 10:59:48
f8:6b:d9:01:93:62:,eduroam,-51,2026-04-30 10:59:53
f8:6b:d9:01:93:62:,eduroam,-51,2026-04-30 10:59:56
f8:6b:d9:01:93:62:,eduroam,-51,2026-04-30 10:59:59
f8:6b:d9:01:93:62:,eduroam,-51,2026-04-30 11:00:04
f8:6b:d9:01:93:62:,eduroam,-51,2026-04-30 11:00:07
f8:6b:d9:01:93:62:,eduroam,-51,2026-04-30 11:00:10
f8:6b:d9:01:93:62:,eduroam,-51,2026-04-30 11:00:13
f8:6b:d9:01:93:62:,eduroam,-51,2026-04-30 11:00:16
f8:6b:d9:01:85:2d:,eduroam,-86,2026-04-30 10:59:03
f8:6b:d9:01:85:2d:,eduroam,-86,2026-04-30 10:59:07
f8:6b:d9:01:85:2d:,eduroam,-86,2026-04-30 10:59:10
f8:6b:d9:01:85:2d:,eduroam,-86,2026-04-30 10:59:12
f8:6b:d9:01:85:2d:,eduroam,-86,2026-04-30 10:59:15
f8:6b:d9:01:85:2d:,eduroam,-86,2026-04-30 10:59:18
f8:6b:d9:01:85:2d:,eduroam,-86,2026-04-30 10:59:21
f8:6b:d9:01:85:2d:,eduroam,-86,2026-04-30 10:59:25
f8:6b:d9:01:85:2d:,eduroam,-86,2026-04-30 10:59:35
f8:6b:d9:01:85:2d:,eduroam,-86,2026-04-30 10:59:37
f8:6b:d9:01:85:2d:,eduroam,-86,2026-04-30 10:59:40
f8:6b:d9:01:85:2d:,eduroam,-86,2026-04-30 10:59:43
f8:6b:d9:01:85:2d:,eduroam,-86,2026-04-30 10:59:46
f8:6b:d9:01:85:2d:,eduroam,-86,2026-04-30 10:59:48
f8:6b:d9:01:85:2d:,eduroam,-86,2026-04-30 10:59:53
f8:6b:d9:01:85:2d:,eduroam,-86,2026-04-30 10:59:56
f8:6b:d9:01:85:2d:,eduroam,-86,2026-04-30 10:59:59
f8:6b:d9:01:85:2d:,eduroam,-86,2026-04-30 11:00:04
f8:6b:d9:01:85:2d:,eduroam,-86,2026-04-30 11:00:07
f8:6b:d9:95:d8:82:,eduroam,-51,2026-04-30 10:59:03
f8:6b:d9:95:d8:82:,eduroam,-46,2026-04-30 10:59:07
f8:6b:d9:95:d8:82:,eduroam,-46,2026-04-30 10:59:10
f8:6b:d9:95:d8:82:,eduroam,-69,2026-04-30 10:59:12
f8:6b:d9:95:d8:82:,eduroam,-57,2026-04-30 10:59:15
f8:6b:d9:95:d8:82:,eduroam,-57,2026-04-30 10:59:18
f8:6b:d9:95:d8:82:,eduroam,-55,2026-04-30 10:59:21
f8:6b:d9:95:d8:82:,eduroam,-58,2026-04-30 10:59:25
f8:6b:d9:95:d8:82:,eduroam,-64,2026-04-30 10:59:35
f8:6b:d9:95:d8:82:,eduroam,-55,2026-04-30 10:59:37
f8:6b:d9:95:d8:82:,eduroam,-55,2026-04-30 10:59:40
f8:6b:d9:95:d8:82:,eduroam,-56,2026-04-30 10:59:43
f8:6b:d9:95:d8:82:,eduroam,-57,2026-04-30 10:59:46
f8:6b:d9:95:d8:82:,eduroam,-57,2026-04-30 10:59:48
f8:6b:d9:95:d8:82:,eduroam,-57,2026-04-30 10:59:53
f8:6b:d9:95:d8:82:,eduroam,-57,2026-04-30 10:59:56
f8:6b:d9:95:d8:82:,eduroam,-46,2026-04-30 10:59:59
f8:6b:d9:95:d8:82:,eduroam,-49,2026-04-30 11:00:04
f8:6b:d9:95:d8:82:,eduroam,-49,2026-04-30 11:00:07
f8:6b:d9:95:d8:82:,eduroam,-43,2026-04-30 11:00:10
f8:6b:d9:95:d8:82:,eduroam,-43,2026-04-30 11:00:13
f8:6b:d9:95:d8:82:,eduroam,-56,2026-04-30 11:00:16
f8:6b:d9:95:d8:82:,eduroam,-49,2026-04-30 11:00:18
f8:6b:d9:95:d8:82:,eduroam,-66,2026-04-30 11:00:24
f8:6b:d9:95:d8:82:,eduroam,-66,2026-04-30 11:00:27
f8:6b:d9:95:d8:82:,eduroam,-50,2026-04-30 11:00:30
f8:6b:d9:95:d8:82:,eduroam,-64,2026-04-30 11:00:33
f8:6b:d9:95:d8:82:,eduroam,-49,2026-04-30 11:00:38
f8:6b:d9:95:d8:82:,eduroam,-49,2026-04-30 11:00:41
f8:6b:d9:95:d8:82:,eduroam,-55,2026-04-30 11:00:45
f8:6b:d9:95:d8:82:,eduroam,-61,2026-04-30 11:00:51
f8:6b:d9:95:d8:82:,eduroam,-51,2026-04-30 11:00:54
f8:6b:d9:95:d8:82:,eduroam,-51,2026-04-30 11:00:57
f8:6b:d9:95:d8:82:,eduroam,-48,2026-04-30 11:00:59
f8:6b:d9:95:d8:82:,eduroam,-48,2026-04-30 11:01:02
f8:6b:d9:95:d8:82:,eduroam,-62,2026-04-30 11:01:05
f8:6b:d9:95:d8:82:,eduroam,-57,2026-04-30 11:01:12
f8:6b:d9:95:d8:82:,eduroam,-54,2026-04-30 11:01:16
f8:6b:d9:95:d8:82:,eduroam,-54,2026-04-30 11:01:20
f8:6b:d9:95:d8:82:,eduroam,-46,2026-04-30 11:01:22
f8:6b:d9:95:d8:82:,eduroam,-59,2026-04-30 11:01:25
f8:6b:d9:95:d8:82:,eduroam,-59,2026-04-30 11:01:28
f8:6b:d9:95:d8:82:,eduroam,-56,2026-04-30 11:01:31
f8:6b:d9:95:d8:82:,eduroam,-63,2026-04-30 11:01:34
f8:6b:d9:95:d8:82:,eduroam,-63,2026-04-30 11:01:36
f8:6b:d9:95:d8:82:,eduroam,-61,2026-04-30 11:01:39
f8:6b:d9:95:d8:82:,eduroam,-69,2026-04-30 11:01:42
f8:6b:d9:95:d8:82:,eduroam,-69,2026-04-30 11:01:45
f8:6b:d9:95:d8:82:,eduroam,-58,2026-04-30 11:01:48
f8:6b:d9:95:d8:82:,eduroam,-58,2026-04-30 11:01:51
f8:6b:d9:95:d8:82:,eduroam,-54,2026-04-30 11:01:54
f8:6b:d9:95:d8:82:,eduroam,-53,2026-04-30 11:01:56
f8:6b:d9:95:d8:82:,eduroam,-53,2026-04-30 11:01:59
f8:6b:d9:95:d8:82:,eduroam,-48,2026-04-30 11:02:02
f8:6b:d9:95:d8:82:,eduroam,-49,2026-04-30 11:02:05
f8:6b:d9:95:d8:82:,eduroam,-49,2026-04-30 11:02:08
f8:6b:d9:95:d8:82:,eduroam,-59,2026-04-30 11:02:11
f8:6b:d9:95:d8:82:,eduroam,-53,2026-04-30 11:02:16
f8:6b:d9:95:d8:82:,eduroam,-53,2026-04-30 11:02:19
ac:2a:a1:7e:df:62:,eduroam,-77,2026-04-30 10:59:03
ac:2a:a1:7e:df:62:,eduroam,-77,2026-04-30 10:59:07
ac:2a:a1:7e:df:62:,eduroam,-77,2026-04-30 10:59:10
ac:2a:a1:7e:df:62:,eduroam,-77,2026-04-30 10:59:12
ac:2a:a1:7e:df:62:,eduroam,-77,2026-04-30 10:59:15
ac:2a:a1:7e:df:62:,eduroam,-77,2026-04-30 10:59:18
ac:2a:a1:7e:df:62:,eduroam,-77,2026-04-30 10:59:21
ac:2a:a1:7e:df:62:,eduroam,-77,2026-04-30 10:59:25
ac:2a:a1:7e:df:62:,eduroam,-77,2026-04-30 10:59:35
ac:2a:a1:7e:df:62:,eduroam,-77,2026-04-30 10:59:37
ac:2a:a1:7e:df:62:,eduroam,-77,2026-04-30 10:59:40
ac:2a:a1:7e:df:62:,eduroam,-77,2026-04-30 10:59:43
ac:2a:a1:7e:df:62:,eduroam,-77,2026-04-30 10:59:46
ac:2a:a1:7e:df:62:,eduroam,-77,2026-04-30 10:59:48
ac:2a:a1:7e:df:62:,eduroam,-77,2026-04-30 10:59:53
ac:2a:a1:7e:df:62:,eduroam,-77,2026-04-30 10:59:56
ac:2a:a1:7e:df:62:,eduroam,-77,2026-04-30 10:59:59
ac:2a:a1:7e:df:62:,eduroam,-77,2026-04-30 11:00:04
ac:2a:a1:7e:df:62:,eduroam,-77,2026-04-30 11:00:07
ac:2a:a1:7e:df:62:,eduroam,-77,2026-04-30 11:00:10
ac:2a:a1:7e:df:62:,eduroam,-77,2026-04-30 11:00:13
ac:2a:a1:7e:df:62:,eduroam,-77,2026-04-30 11:00:16
f8:6b:d9:01:8e:e2:,eduroam,-76,2026-04-30 10:59:03
f8:6b:d9:01:8e:e2:,eduroam,-72,2026-04-30 10:59:07
f8:6b:d9:01:8e:e2:,eduroam,-72,2026-04-30 10:59:10
f8:6b:d9:01:8e:e2:,eduroam,-81,2026-04-30 10:59:12
f8:6b:d9:01:8e:e2:,eduroam,-77,2026-04-30 10:59:15
f8:6b:d9:01:8e:e2:,eduroam,-77,2026-04-30 10:59:18
f8:6b:d9:01:8e:e2:,eduroam,-86,2026-04-30 10:59:21
f8:6b:d9:01:8e:e2:,eduroam,-71,2026-04-30 10:59:25
f8:6b:d9:01:8e:e2:,eduroam,-71,2026-04-30 10:59:35
f8:6b:d9:01:8e:e2:,eduroam,-78,2026-04-30 10:59:37
f8:6b:d9:01:8e:e2:,eduroam,-78,2026-04-30 10:59:40
f8:6b:d9:01:8e:e2:,eduroam,-77,2026-04-30 10:59:43
f8:6b:d9:01:8e:e2:,eduroam,-77,2026-04-30 10:59:46
f8:6b:d9:01:8e:e2:,eduroam,-77,2026-04-30 10:59:48
f8:6b:d9:01:8e:e2:,eduroam,-87,2026-04-30 10:59:53
f8:6b:d9:01:8e:e2:,eduroam,-87,2026-04-30 10:59:56
f8:6b:d9:01:8e:e2:,eduroam,-86,2026-04-30 10:59:59
f8:6b:d9:01:8e:e2:,eduroam,-86,2026-04-30 11:00:04
f8:6b:d9:01:8e:e2:,eduroam,-86,2026-04-30 11:00:07
f8:6b:d9:01:8e:e2:,eduroam,-71,2026-04-30 11:00:10
f8:6b:d9:01:8e:e2:,eduroam,-71,2026-04-30 11:00:13
f8:6b:d9:01:8e:e2:,eduroam,-86,2026-04-30 11:00:16
f8:6b:d9:01:8e:e2:,eduroam,-82,2026-04-30 11:00:18
f8:6b:d9:01:8e:e2:,eduroam,-82,2026-04-30 11:00:24
f8:6b:d9:01:8e:e2:,eduroam,-82,2026-04-30 11:00:27
f8:6b:d9:01:8e:e2:,eduroam,-81,2026-04-30 11:00:30
f8:6b:d9:01:8e:e2:,eduroam,-82,2026-04-30 11:00:33
f8:6b:d9:01:8e:e2:,eduroam,-84,2026-04-30 11:00:38
f8:6b:d9:01:8e:e2:,eduroam,-84,2026-04-30 11:00:41
f8:6b:d9:01:8e:e2:,eduroam,-84,2026-04-30 11:00:45
f8:6b:d9:01:8e:e2:,eduroam,-84,2026-04-30 11:00:51
f8:6b:d9:01:8e:e2:,eduroam,-84,2026-04-30 11:00:54
f8:6b:d9:01:8e:e2:,eduroam,-84,2026-04-30 11:00:57
f8:6b:d9:01:8e:e2:,eduroam,-85,2026-04-30 11:00:59
f8:6b:d9:01:8e:e2:,eduroam,-85,2026-04-30 11:01:02
f8:6b:d9:01:8e:e2:,eduroam,-85,2026-04-30 11:01:05
f8:6b:d9:01:8e:e2:,eduroam,-85,2026-04-30 11:01:12
f8:6b:d9:01:8e:e2:,eduroam,-85,2026-04-30 11:01:16
f8:6b:d9:01:8e:e2:,eduroam,-85,2026-04-30 11:01:20
f8:6b:d9:01:8e:e2:,eduroam,-85,2026-04-30 11:01:22
f8:6b:d9:01:8e:e2:,eduroam,-84,2026-04-30 11:01:25
f8:6b:d9:01:8e:e2:,eduroam,-84,2026-04-30 11:01:28
f8:6b:d9:01:8e:e2:,eduroam,-84,2026-04-30 11:01:31
f8:6b:d9:01:8e:e2:,eduroam,-84,2026-04-30 11:01:34
f8:6b:d9:01:8e:e2:,eduroam,-84,2026-04-30 11:01:36
f8:6b:d9:01:8e:e2:,eduroam,-83,2026-04-30 11:01:39
f8:6b:d9:01:8e:e2:,eduroam,-83,2026-04-30 11:01:42
f8:6b:d9:01:8e:e2:,eduroam,-83,2026-04-30 11:01:45
f8:6b:d9:01:8e:e2:,eduroam,-83,2026-04-30 11:01:48
f8:6b:d9:01:8e:e2:,eduroam,-83,2026-04-30 11:01:51
f8:6b:d9:01:8e:e2:,eduroam,-83,2026-04-30 11:01:54
f8:6b:d9:01:8e:e2:,eduroam,-83,2026-04-30 11:01:56
f8:6b:d9:01:8e:e2:,eduroam,-83,2026-04-30 11:01:59
f8:6b:d9:01:8e:e2:,eduroam,-83,2026-04-30 11:02:02
f8:6b:d9:01:8e:e2:,eduroam,-87,2026-04-30 11:02:05
f8:6b:d9:01:8e:e2:,eduroam,-87,2026-04-30 11:02:08
f8:6b:d9:01:8e:e2:,eduroam,-86,2026-04-30 11:02:11
f8:6b:d9:01:8e:e2:,eduroam,-77,2026-04-30 11:02:16
f8:6b:d9:01:8e:e2:,eduroam,-77,2026-04-30 11:02:19
e4:aa:5d:fd:3e:ed:,eduroam,-83,2026-04-30 10:59:03
e4:aa:5d:fd:3e:ed:,eduroam,-83,2026-04-30 10:59:07
e4:aa:5d:fd:3e:ed:,eduroam,-83,2026-04-30 10:59:10
e4:aa:5d:fd:3e:ed:,eduroam,-83,2026-04-30 10:59:12
e4:aa:5d:fd:3e:ed:,eduroam,-83,2026-04-30 10:59:15
e4:aa:5d:fd:3e:ed:,eduroam,-83,2026-04-30 10:59:18
e4:aa:5d:fd:3e:ed:,eduroam,-83,2026-04-30 10:59:21
e4:aa:5d:fd:3e:ed:,eduroam,-83,2026-04-30 10:59:25
e4:aa:5d:fd:3e:ed:,eduroam,-83,2026-04-30 10:59:35
e4:aa:5d:fd:3e:ed:,eduroam,-83,2026-04-30 10:59:37
e4:aa:5d:fd:3e:ed:,eduroam,-83,2026-04-30 10:59:40
e4:aa:5d:fd:3e:ed:,eduroam,-83,2026-04-30 10:59:43
e4:aa:5d:fd:3e:ed:,eduroam,-83,2026-04-30 10:59:46
e4:aa:5d:fd:3e:ed:,eduroam,-83,2026-04-30 10:59:48
e4:aa:5d:fd:3e:ed:,eduroam,-83,2026-04-30 10:59:53
e4:aa:5d:fd:3e:ed:,eduroam,-83,2026-04-30 10:59:56
e4:aa:5d:fd:3e:ed:,eduroam,-83,2026-04-30 10:59:59
e4:aa:5d:fd:3e:ed:,eduroam,-83,2026-04-30 11:00:04
e4:aa:5d:fd:3e:ed:,eduroam,-83,2026-04-30 11:00:07
e4:aa:5d:fd:3e:ed:,eduroam,-83,2026-04-30 11:00:10
e4:aa:5d:fd:3e:ed:,eduroam,-83,2026-04-30 11:00:13
e4:aa:5d:fd:3e:ed:,eduroam,-83,2026-04-30 11:00:16
e4:aa:5d:fd:3e:ed:,eduroam,-83,2026-04-30 11:00:18
f8:6b:d9:95:d8:8d:,eduroam,-51,2026-04-30 10:59:03
f8:6b:d9:95:d8:8d:,eduroam,-56,2026-04-30 10:59:07
f8:6b:d9:95:d8:8d:,eduroam,-56,2026-04-30 10:59:10
f8:6b:d9:95:d8:8d:,eduroam,-45,2026-04-30 10:59:12
f8:6b:d9:95:d8:8d:,eduroam,-49,2026-04-30 10:59:15
f8:6b:d9:95:d8:8d:,eduroam,-49,2026-04-30 10:59:18
f8:6b:d9:95:d8:8d:,eduroam,-51,2026-04-30 10:59:21
f8:6b:d9:95:d8:8d:,eduroam,-52,2026-04-30 10:59:25
f8:6b:d9:95:d8:8d:,eduroam,-45,2026-04-30 10:59:35
f8:6b:d9:95:d8:8d:,eduroam,-45,2026-04-30 10:59:37
f8:6b:d9:95:d8:8d:,eduroam,-45,2026-04-30 10:59:40
f8:6b:d9:95:d8:8d:,eduroam,-46,2026-04-30 10:59:43
f8:6b:d9:95:d8:8d:,eduroam,-54,2026-04-30 10:59:46
f8:6b:d9:95:d8:8d:,eduroam,-54,2026-04-30 10:59:48
f8:6b:d9:95:d8:8d:,eduroam,-43,2026-04-30 10:59:53
f8:6b:d9:95:d8:8d:,eduroam,-43,2026-04-30 10:59:56
f8:6b:d9:95:d8:8d:,eduroam,-45,2026-04-30 10:59:59
f8:6b:d9:95:d8:8d:,eduroam,-49,2026-04-30 11:00:04
f8:6b:d9:95:d8:8d:,eduroam,-49,2026-04-30 11:00:07
f8:6b:d9:95:d8:8d:,eduroam,-47,2026-04-30 11:00:10
f8:6b:d9:95:d8:8d:,eduroam,-47,2026-04-30 11:00:13
f8:6b:d9:95:d8:8d:,eduroam,-46,2026-04-30 11:00:16
f8:6b:d9:95:d8:8d:,eduroam,-54,2026-04-30 11:00:18
f8:6b:d9:95:d8:8d:,eduroam,-46,2026-04-30 11:00:24
f8:6b:d9:95:d8:8d:,eduroam,-46,2026-04-30 11:00:27
f8:6b:d9:95:d8:8d:,eduroam,-45,2026-04-30 11:00:30
f8:6b:d9:95:d8:8d:,eduroam,-43,2026-04-30 11:00:33
f8:6b:d9:95:d8:8d:,eduroam,-45,2026-04-30 11:00:38
f8:6b:d9:95:d8:8d:,eduroam,-45,2026-04-30 11:00:41
f8:6b:d9:95:d8:8d:,eduroam,-45,2026-04-30 11:00:45
f8:6b:d9:95:d8:8d:,eduroam,-50,2026-04-30 11:00:51
f8:6b:d9:95:d8:8d:,eduroam,-51,2026-04-30 11:00:54
f8:6b:d9:95:d8:8d:,eduroam,-51,2026-04-30 11:00:57
f8:6b:d9:95:d8:8d:,eduroam,-46,2026-04-30 11:00:59
f8:6b:d9:95:d8:8d:,eduroam,-46,2026-04-30 11:01:02
f8:6b:d9:95:d8:8d:,eduroam,-44,2026-04-30 11:01:05
f8:6b:d9:95:d8:8d:,eduroam,-52,2026-04-30 11:01:12
f8:6b:d9:95:d8:8d:,eduroam,-47,2026-04-30 11:01:16
f8:6b:d9:95:d8:8d:,eduroam,-47,2026-04-30 11:01:20
f8:6b:d9:95:d8:8d:,eduroam,-49,2026-04-30 11:01:22
f8:6b:d9:95:d8:8d:,eduroam,-44,2026-04-30 11:01:25
f8:6b:d9:95:d8:8d:,eduroam,-44,2026-04-30 11:01:28
f8:6b:d9:95:d8:8d:,eduroam,-51,2026-04-30 11:01:31
f8:6b:d9:95:d8:8d:,eduroam,-54,2026-04-30 11:01:34
f8:6b:d9:95:d8:8d:,eduroam,-54,2026-04-30 11:01:36
f8:6b:d9:95:d8:8d:,eduroam,-48,2026-04-30 11:01:39
f8:6b:d9:95:d8:8d:,eduroam,-47,2026-04-30 11:01:42
f8:6b:d9:95:d8:8d:,eduroam,-47,2026-04-30 11:01:45
f8:6b:d9:95:d8:8d:,eduroam,-54,2026-04-30 11:01:48
f8:6b:d9:95:d8:8d:,eduroam,-54,2026-04-30 11:01:51
f8:6b:d9:95:d8:8d:,eduroam,-53,2026-04-30 11:01:54
f8:6b:d9:95:d8:8d:,eduroam,-51,2026-04-30 11:01:56
f8:6b:d9:95:d8:8d:,eduroam,-51,2026-04-30 11:01:59
f8:6b:d9:95:d8:8d:,eduroam,-50,2026-04-30 11:02:02
f8:6b:d9:95:d8:8d:,eduroam,-47,2026-04-30 11:02:05
f8:6b:d9:95:d8:8d:,eduroam,-47,2026-04-30 11:02:08
f8:6b:d9:95:d8:8d:,eduroam,-50,2026-04-30 11:02:11
f8:6b:d9:95:d8:8d:,eduroam,-48,2026-04-30 11:02:16
f8:6b:d9:95:d8:8d:,eduroam,-48,2026-04-30 11:02:19
e4:aa:5d:fd:3e:e2:,eduroam,-83,2026-04-30 10:59:03
e4:aa:5d:fd:3e:e2:,eduroam,-83,2026-04-30 10:59:07
e4:aa:5d:fd:3e:e2:,eduroam,-83,2026-04-30 10:59:10
e4:aa:5d:fd:3e:e2:,eduroam,-83,2026-04-30 10:59:12
e4:aa:5d:fd:3e:e2:,eduroam,-83,2026-04-30 10:59:15
e4:aa:5d:fd:3e:e2:,eduroam,-83,2026-04-30 10:59:18
e4:aa:5d:fd:3e:e2:,eduroam,-83,2026-04-30 10:59:21
e4:aa:5d:fd:3e:e2:,eduroam,-83,2026-04-30 10:59:25
e4:aa:5d:fd:3e:e2:,eduroam,-83,2026-04-30 10:59:35
e4:aa:5d:fd:3e:e2:,eduroam,-83,2026-04-30 10:59:37
e4:aa:5d:fd:3e:e2:,eduroam,-83,2026-04-30 10:59:40
e4:aa:5d:fd:3e:e2:,eduroam,-83,2026-04-30 10:59:43
e4:aa:5d:fd:3e:e2:,eduroam,-84,2026-04-30 10:59:46
e4:aa:5d:fd:3e:e2:,eduroam,-84,2026-04-30 10:59:48
e4:aa:5d:fd:3e:e2:,eduroam,-84,2026-04-30 10:59:53
e4:aa:5d:fd:3e:e2:,eduroam,-84,2026-04-30 10:59:56
e4:aa:5d:fd:3e:e2:,eduroam,-84,2026-04-30 10:59:59
e4:aa:5d:fd:3e:e2:,eduroam,-84,2026-04-30 11:00:04
e4:aa:5d:fd:3e:e2:,eduroam,-84,2026-04-30 11:00:07
e4:aa:5d:fd:3e:e2:,eduroam,-84,2026-04-30 11:00:10
e4:aa:5d:fd:3e:e2:,eduroam,-84,2026-04-30 11:00:13
e4:aa:5d:fd:3e:e2:,eduroam,-84,2026-04-30 11:00:16
e4:aa:5d:fd:3e:e2:,eduroam,-84,2026-04-30 11:00:18
e4:aa:5d:fd:3e:e2:,eduroam,-84,2026-04-30 11:00:24
e4:aa:5d:fd:3e:e2:,eduroam,-84,2026-04-30 11:00:27
e4:aa:5d:fd:3e:e2:,eduroam,-84,2026-04-30 11:00:30
e4:aa:5d:fd:3e:e2:,eduroam,-84,2026-04-30 11:00:33
e4:aa:5d:fd:3e:e2:,eduroam,-84,2026-04-30 11:00:38
e4:aa:5d:fd:3e:e2:,eduroam,-84,2026-04-30 11:00:41
e4:aa:5d:fd:3e:e2:,eduroam,-84,2026-04-30 11:00:45
e4:aa:5d:fd:3e:e2:,eduroam,-84,2026-04-30 11:00:51
e4:aa:5d:fd:3e:e2:,eduroam,-84,2026-04-30 11:00:54
e4:aa:5d:fd:3e:e2:,eduroam,-84,2026-04-30 11:00:57
e4:aa:5d:fd:3e:e2:,eduroam,-84,2026-04-30 11:00:59
e4:aa:5d:fd:3e:e2:,eduroam,-84,2026-04-30 11:01:02
e4:aa:5d:fd:3e:e2:,eduroam,-84,2026-04-30 11:01:05
e4:aa:5d:fd:3e:e2:,eduroam,-84,2026-04-30 11:01:12
e4:aa:5d:fd:3e:e2:,eduroam,-84,2026-04-30 11:01:16
e4:aa:5d:fd:3e:e2:,eduroam,-84,2026-04-30 11:01:20
e4:aa:5d:fd:3e:e2:,eduroam,-84,2026-04-30 11:01:22
e4:aa:5d:fd:3e:e2:,eduroam,-84,2026-04-30 11:01:25
e4:aa:5d:fd:3e:e2:,eduroam,-84,2026-04-30 11:01:28
e4:aa:5d:fd:3e:e2:,eduroam,-84,2026-04-30 11:01:31
e4:aa:5d:fd:3e:e2:,eduroam,-84,2026-04-30 11:01:34
e4:aa:5d:fd:3e:e2:,eduroam,-84,2026-04-30 11:01:36
e4:aa:5d:fd:3e:e2:,eduroam,-85,2026-04-30 11:01:39
e4:aa:5d:fd:3e:e2:,eduroam,-85,2026-04-30 11:01:42
e4:aa:5d:fd:3e:e2:,eduroam,-85,2026-04-30 11:01:45
e4:aa:5d:fd:3e:e2:,eduroam,-85,2026-04-30 11:01:48
e4:aa:5d:fd:3e:e2:,eduroam,-85,2026-04-30 11:01:51
e4:aa:5d:fd:3e:e2:,eduroam,-85,2026-04-30 11:01:54
e4:aa:5d:fd:3e:e2:,eduroam,-85,2026-04-30 11:01:56
e4:aa:5d:fd:3e:e2:,eduroam,-85,2026-04-30 11:01:59
e4:aa:5d:fd:3e:e2:,eduroam,-85,2026-04-30 11:02:02
e4:aa:5d:fd:3e:e2:,eduroam,-85,2026-04-30 11:02:05
e4:aa:5d:fd:3e:e2:,eduroam,-85,2026-04-30 11:02:08
e4:aa:5d:fd:3e:e2:,eduroam,-85,2026-04-30 11:02:11
e4:aa:5d:fd:3e:e2:,eduroam,-85,2026-04-30 11:02:16
e4:aa:5d:fd:3e:e2:,eduroam,-85,2026-04-30 11:02:19
e4:aa:5d:bf:25:5e:,UTT,-84,2026-04-30 10:59:03
e4:aa:5d:bf:25:5e:,UTT,-84,2026-04-30 10:59:07
e4:aa:5d:bf:25:5e:,UTT,-83,2026-04-30 10:59:10
e4:aa:5d:bf:25:5e:,UTT,-75,2026-04-30 10:59:12
e4:aa:5d:bf:25:5e:,UTT,-75,2026-04-30 10:59:15
e4:aa:5d:bf:25:5e:,UTT,-85,2026-04-30 10:59:18
e4:aa:5d:bf:25:5e:,UTT,-74,2026-04-30 10:59:21
e4:aa:5d:bf:25:5e:,UTT,-74,2026-04-30 10:59:25
e4:aa:5d:bf:25:5e:,UTT,-79,2026-04-30 10:59:35
e4:aa:5d:bf:25:5e:,UTT,-79,2026-04-30 10:59:37
e4:aa:5d:bf:25:5e:,UTT,-77,2026-04-30 10:59:40
e4:aa:5d:bf:25:5e:,UTT,-72,2026-04-30 10:59:43
e4:aa:5d:bf:25:5e:,UTT,-72,2026-04-30 10:59:46
e4:aa:5d:bf:25:5e:,UTT,-81,2026-04-30 10:59:48
e4:aa:5d:bf:25:5e:,UTT,-81,2026-04-30 10:59:53
e4:aa:5d:bf:25:5e:,UTT,-81,2026-04-30 10:59:56
e4:aa:5d:bf:25:5e:,UTT,-81,2026-04-30 10:59:59
e4:aa:5d:bf:25:5e:,UTT,-81,2026-04-30 11:00:04
e4:aa:5d:bf:25:5e:,UTT,-78,2026-04-30 11:00:07
e4:aa:5d:bf:25:5e:,UTT,-78,2026-04-30 11:00:10
e4:aa:5d:bf:25:5e:,UTT,-84,2026-04-30 11:00:13
e4:aa:5d:bf:25:5e:,UTT,-77,2026-04-30 11:00:16
e4:aa:5d:bf:25:5e:,UTT,-77,2026-04-30 11:00:18
e4:aa:5d:bf:25:5e:,UTT,-84,2026-04-30 11:00:24
e4:aa:5d:bf:25:5e:,UTT,-82,2026-04-30 11:00:27
e4:aa:5d:bf:25:5e:,UTT,-81,2026-04-30 11:00:30
e4:aa:5d:bf:25:5e:,UTT,-81,2026-04-30 11:00:33
e4:aa:5d:bf:25:5e:,UTT,-77,2026-04-30 11:00:38
e4:aa:5d:bf:25:5e:,UTT,-77,2026-04-30 11:00:41
e4:aa:5d:bf:25:5e:,UTT,-83,2026-04-30 11:00:45
e4:aa:5d:bf:25:5e:,UTT,-83,2026-04-30 11:00:51
e4:aa:5d:bf:25:5e:,UTT,-83,2026-04-30 11:00:54
e4:aa:5d:bf:25:5e:,UTT,-81,2026-04-30 11:00:57
e4:aa:5d:bf:25:5e:,UTT,-81,2026-04-30 11:00:59
e4:aa:5d:bf:25:5e:,UTT,-81,2026-04-30 11:01:02
e4:aa:5d:bf:25:5e:,UTT,-83,2026-04-30 11:01:05
e4:aa:5d:bf:25:5e:,UTT,-83,2026-04-30 11:01:12
e4:aa:5d:bf:25:5e:,UTT,-83,2026-04-30 11:01:16
e4:aa:5d:bf:25:5e:,UTT,-84,2026-04-30 11:01:20
e4:aa:5d:bf:25:5e:,UTT,-84,2026-04-30 11:01:22
e4:aa:5d:bf:25:5e:,UTT,-84,2026-04-30 11:01:25
e4:aa:5d:bf:25:5e:,UTT,-84,2026-04-30 11:01:28
e4:aa:5d:bf:25:5e:,UTT,-84,2026-04-30 11:01:31
e4:aa:5d:bf:25:5e:,UTT,-84,2026-04-30 11:01:34
e4:aa:5d:bf:25:5e:,UTT,-85,2026-04-30 11:01:36
e4:aa:5d:bf:25:5e:,UTT,-85,2026-04-30 11:01:39
e4:aa:5d:bf:25:5e:,UTT,-85,2026-04-30 11:01:42
e4:aa:5d:bf:25:5e:,UTT,-78,2026-04-30 11:01:45
e4:aa:5d:bf:25:5e:,UTT,-78,2026-04-30 11:01:48
e4:aa:5d:bf:25:5e:,UTT,-78,2026-04-30 11:01:51
e4:aa:5d:bf:25:5e:,UTT,-78,2026-04-30 11:01:54
e4:aa:5d:bf:25:5e:,UTT,-78,2026-04-30 11:01:56
e4:aa:5d:bf:25:5e:,UTT,-78,2026-04-30 11:01:59
e4:aa:5d:bf:25:5e:,UTT,-79,2026-04-30 11:02:02
e4:aa:5d:bf:25:5e:,UTT,-79,2026-04-30 11:02:05
e4:aa:5d:bf:25:5e:,UTT,-79,2026-04-30 11:02:08
e4:aa:5d:bf:25:5e:,UTT,-73,2026-04-30 11:02:11
e4:aa:5d:bf:25:5e:,UTT,-73,2026-04-30 11:02:16
e4:aa:5d:bf:25:5e:,UTT,-81,2026-04-30 11:02:19
e4:aa:5d:bf:25:51:,UTT,-87,2026-04-30 10:59:03
e4:aa:5d:bf:25:51:,UTT,-83,2026-04-30 10:59:07
e4:aa:5d:bf:25:51:,UTT,-83,2026-04-30 10:59:10
e4:aa:5d:bf:25:51:,UTT,-85,2026-04-30 10:59:12
e4:aa:5d:bf:25:51:,UTT,-88,2026-04-30 10:59:15
e4:aa:5d:bf:25:51:,UTT,-88,2026-04-30 10:59:18
e4:aa:5d:bf:25:51:,UTT,-83,2026-04-30 10:59:21
e4:aa:5d:bf:25:51:,UTT,-83,2026-04-30 10:59:25
e4:aa:5d:bf:25:51:,UTT,-85,2026-04-30 10:59:35
e4:aa:5d:bf:25:51:,UTT,-82,2026-04-30 10:59:37
e4:aa:5d:bf:25:51:,UTT,-82,2026-04-30 10:59:40
e4:aa:5d:bf:25:51:,UTT,-83,2026-04-30 10:59:43
e4:aa:5d:bf:25:51:,UTT,-83,2026-04-30 10:59:46
e4:aa:5d:bf:25:51:,UTT,-83,2026-04-30 10:59:48
e4:aa:5d:bf:25:51:,UTT,-83,2026-04-30 10:59:53
e4:aa:5d:bf:25:51:,UTT,-83,2026-04-30 10:59:56
e4:aa:5d:bf:25:51:,UTT,-87,2026-04-30 10:59:59
e4:aa:5d:bf:25:51:,UTT,-87,2026-04-30 11:00:04
e4:aa:5d:bf:25:51:,UTT,-87,2026-04-30 11:00:07
e4:aa:5d:bf:25:51:,UTT,-84,2026-04-30 11:00:10
e4:aa:5d:bf:25:51:,UTT,-84,2026-04-30 11:00:13
e4:aa:5d:bf:25:51:,UTT,-87,2026-04-30 11:00:16
e4:aa:5d:bf:25:51:,UTT,-87,2026-04-30 11:00:18
e4:aa:5d:bf:25:51:,UTT,-87,2026-04-30 11:00:24
e4:aa:5d:bf:25:51:,UTT,-87,2026-04-30 11:00:27
e4:aa:5d:bf:25:51:,UTT,-84,2026-04-30 11:00:30
e4:aa:5d:bf:25:51:,UTT,-85,2026-04-30 11:00:33
e4:aa:5d:bf:25:51:,UTT,-85,2026-04-30 11:00:38
e4:aa:5d:bf:25:51:,UTT,-85,2026-04-30 11:00:41
e4:aa:5d:bf:25:51:,UTT,-85,2026-04-30 11:00:45
e4:aa:5d:bf:25:51:,UTT,-85,2026-04-30 11:00:51
e4:aa:5d:bf:25:51:,UTT,-85,2026-04-30 11:00:54
e4:aa:5d:bf:25:51:,UTT,-85,2026-04-30 11:00:57
e4:aa:5d:bf:25:51:,UTT,-85,2026-04-30 11:00:59
e4:aa:5d:bf:25:51:,UTT,-85,2026-04-30 11:01:02
e4:aa:5d:bf:25:51:,UTT,-85,2026-04-30 11:01:05
e4:aa:5d:bf:25:51:,UTT,-85,2026-04-30 11:01:12
e4:aa:5d:bf:25:51:,UTT,-85,2026-04-30 11:01:16
e4:aa:5d:bf:25:51:,UTT,-85,2026-04-30 11:01:20
e4:aa:5d:bf:25:51:,UTT,-85,2026-04-30 11:01:22
e4:aa:5d:bf:25:51:,UTT,-86,2026-04-30 11:01:25
e4:aa:5d:bf:25:51:,UTT,-86,2026-04-30 11:01:28
e4:aa:5d:bf:25:51:,UTT,-86,2026-04-30 11:01:31
e4:aa:5d:bf:25:51:,UTT,-86,2026-04-30 11:01:34
e4:aa:5d:bf:25:51:,UTT,-86,2026-04-30 11:01:36
e4:aa:5d:bf:25:51:,UTT,-86,2026-04-30 11:01:39
e4:aa:5d:bf:25:51:,UTT,-85,2026-04-30 11:01:42
e4:aa:5d:bf:25:51:,UTT,-85,2026-04-30 11:01:45
e4:aa:5d:bf:25:51:,UTT,-88,2026-04-30 11:01:48
e4:aa:5d:bf:25:51:,UTT,-88,2026-04-30 11:01:51
e4:aa:5d:bf:25:51:,UTT,-88,2026-04-30 11:01:54
e4:aa:5d:bf:25:51:,UTT,-90,2026-04-30 11:01:56
e4:aa:5d:bf:25:51:,UTT,-90,2026-04-30 11:01:59
e4:aa:5d:bf:25:51:,UTT,-88,2026-04-30 11:02:02
e4:aa:5d:bf:25:51:,UTT,-85,2026-04-30 11:02:05
e4:aa:5d:bf:25:51:,UTT,-85,2026-04-30 11:02:08
e4:aa:5d:bf:25:51:,UTT,-88,2026-04-30 11:02:11
e4:aa:5d:bf:25:51:,UTT,-82,2026-04-30 11:02:16
e4:aa:5d:bf:25:51:,UTT,-82,2026-04-30 11:02:19
f8:6b:d9:01:85:21:,UTT,-82,2026-04-30 10:59:03
f8:6b:d9:01:85:21:,UTT,-82,2026-04-30 10:59:07
f8:6b:d9:01:85:21:,UTT,-82,2026-04-30 10:59:10
f8:6b:d9:01:85:21:,UTT,-82,2026-04-30 10:59:12
f8:6b:d9:01:85:21:,UTT,-82,2026-04-30 10:59:15
f8:6b:d9:01:85:21:,UTT,-82,2026-04-30 10:59:18
f8:6b:d9:01:85:21:,UTT,-82,2026-04-30 10:59:21
f8:6b:d9:01:85:21:,UTT,-82,2026-04-30 10:59:25
f8:6b:d9:01:85:21:,UTT,-82,2026-04-30 10:59:35
f8:6b:d9:01:85:21:,UTT,-82,2026-04-30 10:59:37
f8:6b:d9:01:85:21:,UTT,-82,2026-04-30 10:59:40
f8:6b:d9:01:85:21:,UTT,-82,2026-04-30 10:59:43
f8:6b:d9:01:85:21:,UTT,-82,2026-04-30 10:59:46
f8:6b:d9:01:85:21:,UTT,-82,2026-04-30 10:59:48
f8:6b:d9:01:85:21:,UTT,-82,2026-04-30 10:59:53
f8:6b:d9:01:85:21:,UTT,-82,2026-04-30 10:59:56
f8:6b:d9:01:85:21:,UTT,-82,2026-04-30 10:59:59
f8:6b:d9:01:85:21:,UTT,-82,2026-04-30 11:00:04
f8:6b:d9:01:85:21:,UTT,-82,2026-04-30 11:00:07
f8:6b:d9:01:85:21:,UTT,-82,2026-04-30 11:00:10
f8:6b:d9:01:85:21:,UTT,-82,2026-04-30 11:00:13
f8:6b:d9:01:85:21:,UTT,-82,2026-04-30 11:00:16
f8:6b:d9:95:d8:8e:,UTT,-51,2026-04-30 10:59:03
f8:6b:d9:95:d8:8e:,UTT,-56,2026-04-30 10:59:07
f8:6b:d9:95:d8:8e:,UTT,-56,2026-04-30 10:59:10
f8:6b:d9:95:d8:8e:,UTT,-45,2026-04-30 10:59:12
f8:6b:d9:95:d8:8e:,UTT,-49,2026-04-30 10:59:15
f8:6b:d9:95:d8:8e:,UTT,-49,2026-04-30 10:59:18
f8:6b:d9:95:d8:8e:,UTT,-51,2026-04-30 10:59:21
f8:6b:d9:95:d8:8e:,UTT,-52,2026-04-30 10:59:25
f8:6b:d9:95:d8:8e:,UTT,-45,2026-04-30 10:59:35
f8:6b:d9:95:d8:8e:,UTT,-45,2026-04-30 10:59:37
f8:6b:d9:95:d8:8e:,UTT,-45,2026-04-30 10:59:40
f8:6b:d9:95:d8:8e:,UTT,-46,2026-04-30 10:59:43
f8:6b:d9:95:d8:8e:,UTT,-54,2026-04-30 10:59:46
f8:6b:d9:95:d8:8e:,UTT,-54,2026-04-30 10:59:48
f8:6b:d9:95:d8:8e:,UTT,-43,2026-04-30 10:59:53
f8:6b:d9:95:d8:8e:,UTT,-43,2026-04-30 10:59:56
f8:6b:d9:95:d8:8e:,UTT,-45,2026-04-30 10:59:59
f8:6b:d9:95:d8:8e:,UTT,-49,2026-04-30 11:00:04
f8:6b:d9:95:d8:8e:,UTT,-49,2026-04-30 11:00:07
f8:6b:d9:95:d8:8e:,UTT,-47,2026-04-30 11:00:10
f8:6b:d9:95:d8:8e:,UTT,-47,2026-04-30 11:00:13
f8:6b:d9:95:d8:8e:,UTT,-46,2026-04-30 11:00:16
f8:6b:d9:95:d8:8e:,UTT,-54,2026-04-30 11:00:18
f8:6b:d9:95:d8:8e:,UTT,-46,2026-04-30 11:00:24
f8:6b:d9:95:d8:8e:,UTT,-46,2026-04-30 11:00:27
f8:6b:d9:95:d8:8e:,UTT,-45,2026-04-30 11:00:30
f8:6b:d9:95:d8:8e:,UTT,-43,2026-04-30 11:00:33
f8:6b:d9:95:d8:8e:,UTT,-45,2026-04-30 11:00:38
f8:6b:d9:95:d8:8e:,UTT,-45,2026-04-30 11:00:41
f8:6b:d9:95:d8:8e:,UTT,-45,2026-04-30 11:00:45
f8:6b:d9:95:d8:8e:,UTT,-50,2026-04-30 11:00:51
f8:6b:d9:95:d8:8e:,UTT,-51,2026-04-30 11:00:54
f8:6b:d9:95:d8:8e:,UTT,-51,2026-04-30 11:00:57
f8:6b:d9:95:d8:8e:,UTT,-46,2026-04-30 11:00:59
f8:6b:d9:95:d8:8e:,UTT,-46,2026-04-30 11:01:02
f8:6b:d9:95:d8:8e:,UTT,-44,2026-04-30 11:01:05
f8:6b:d9:95:d8:8e:,UTT,-51,2026-04-30 11:01:12
f8:6b:d9:95:d8:8e:,UTT,-47,2026-04-30 11:01:16
f8:6b:d9:95:d8:8e:,UTT,-47,2026-04-30 11:01:20
f8:6b:d9:95:d8:8e:,UTT,-49,2026-04-30 11:01:22
f8:6b:d9:95:d8:8e:,UTT,-44,2026-04-30 11:01:25
f8:6b:d9:95:d8:8e:,UTT,-44,2026-04-30 11:01:28
f8:6b:d9:95:d8:8e:,UTT,-51,2026-04-30 11:01:31
f8:6b:d9:95:d8:8e:,UTT,-53,2026-04-30 11:01:34
f8:6b:d9:95:d8:8e:,UTT,-53,2026-04-30 11:01:36
f8:6b:d9:95:d8:8e:,UTT,-49,2026-04-30 11:01:39
f8:6b:d9:95:d8:8e:,UTT,-47,2026-04-30 11:01:42
f8:6b:d9:95:d8:8e:,UTT,-47,2026-04-30 11:01:45
f8:6b:d9:95:d8:8e:,UTT,-54,2026-04-30 11:01:48
f8:6b:d9:95:d8:8e:,UTT,-54,2026-04-30 11:01:51
f8:6b:d9:95:d8:8e:,UTT,-54,2026-04-30 11:01:54
f8:6b:d9:95:d8:8e:,UTT,-51,2026-04-30 11:01:56
f8:6b:d9:95:d8:8e:,UTT,-51,2026-04-30 11:01:59
f8:6b:d9:95:d8:8e:,UTT,-50,2026-04-30 11:02:02
f8:6b:d9:95:d8:8e:,UTT,-47,2026-04-30 11:02:05
f8:6b:d9:95:d8:8e:,UTT,-47,2026-04-30 11:02:08
f8:6b:d9:95:d8:8e:,UTT,-50,2026-04-30 11:02:11
f8:6b:d9:95:d8:8e:,UTT,-48,2026-04-30 11:02:16
f8:6b:d9:95:d8:8e:,UTT,-48,2026-04-30 11:02:19
f8:6b:d9:01:85:2e:,UTT,-85,2026-04-30 10:59:03
f8:6b:d9:01:85:2e:,UTT,-85,2026-04-30 10:59:07
f8:6b:d9:01:85:2e:,UTT,-85,2026-04-30 10:59:10
f8:6b:d9:01:85:2e:,UTT,-85,2026-04-30 10:59:12
f8:6b:d9:01:85:2e:,UTT,-85,2026-04-30 10:59:15
f8:6b:d9:01:85:2e:,UTT,-85,2026-04-30 10:59:18
f8:6b:d9:01:85:2e:,UTT,-85,2026-04-30 10:59:21
f8:6b:d9:01:85:2e:,UTT,-85,2026-04-30 10:59:25
f8:6b:d9:01:85:2e:,UTT,-85,2026-04-30 10:59:35
f8:6b:d9:01:85:2e:,UTT,-85,2026-04-30 10:59:37
f8:6b:d9:01:85:2e:,UTT,-85,2026-04-30 10:59:40
f8:6b:d9:01:85:2e:,UTT,-85,2026-04-30 10:59:43
f8:6b:d9:01:85:2e:,UTT,-85,2026-04-30 10:59:46
f8:6b:d9:01:85:2e:,UTT,-85,2026-04-30 10:59:48
f8:6b:d9:01:85:2e:,UTT,-85,2026-04-30 10:59:53
f8:6b:d9:01:85:2e:,UTT,-85,2026-04-30 10:59:56
f8:6b:d9:01:85:2e:,UTT,-85,2026-04-30 10:59:59
f8:6b:d9:01:85:2e:,UTT,-85,2026-04-30 11:00:04
f8:6b:d9:01:85:2e:,UTT,-85,2026-04-30 11:00:07
f8:6b:d9:95:d8:81:,UTT,-52,2026-04-30 10:59:03
f8:6b:d9:95:d8:81:,UTT,-47,2026-04-30 10:59:07
f8:6b:d9:95:d8:81:,UTT,-47,2026-04-30 10:59:10
f8:6b:d9:95:d8:81:,UTT,-68,2026-04-30 10:59:12
f8:6b:d9:95:d8:81:,UTT,-57,2026-04-30 10:59:15
f8:6b:d9:95:d8:81:,UTT,-57,2026-04-30 10:59:18
f8:6b:d9:95:d8:81:,UTT,-55,2026-04-30 10:59:21
f8:6b:d9:95:d8:81:,UTT,-60,2026-04-30 10:59:25
f8:6b:d9:95:d8:81:,UTT,-63,2026-04-30 10:59:35
f8:6b:d9:95:d8:81:,UTT,-55,2026-04-30 10:59:37
f8:6b:d9:95:d8:81:,UTT,-55,2026-04-30 10:59:40
f8:6b:d9:95:d8:81:,UTT,-57,2026-04-30 10:59:43
f8:6b:d9:95:d8:81:,UTT,-57,2026-04-30 10:59:46
f8:6b:d9:95:d8:81:,UTT,-57,2026-04-30 10:59:48
f8:6b:d9:95:d8:81:,UTT,-57,2026-04-30 10:59:53
f8:6b:d9:95:d8:81:,UTT,-57,2026-04-30 10:59:56
f8:6b:d9:95:d8:81:,UTT,-47,2026-04-30 10:59:59
f8:6b:d9:95:d8:81:,UTT,-48,2026-04-30 11:00:04
f8:6b:d9:95:d8:81:,UTT,-48,2026-04-30 11:00:07
f8:6b:d9:95:d8:81:,UTT,-43,2026-04-30 11:00:10
f8:6b:d9:95:d8:81:,UTT,-43,2026-04-30 11:00:13
f8:6b:d9:95:d8:81:,UTT,-57,2026-04-30 11:00:16
f8:6b:d9:95:d8:81:,UTT,-48,2026-04-30 11:00:18
f8:6b:d9:95:d8:81:,UTT,-67,2026-04-30 11:00:24
f8:6b:d9:95:d8:81:,UTT,-67,2026-04-30 11:00:27
f8:6b:d9:95:d8:81:,UTT,-51,2026-04-30 11:00:30
f8:6b:d9:95:d8:81:,UTT,-64,2026-04-30 11:00:33
f8:6b:d9:95:d8:81:,UTT,-49,2026-04-30 11:00:38
f8:6b:d9:95:d8:81:,UTT,-49,2026-04-30 11:00:41
f8:6b:d9:95:d8:81:,UTT,-56,2026-04-30 11:00:45
f8:6b:d9:95:d8:81:,UTT,-62,2026-04-30 11:00:51
f8:6b:d9:95:d8:81:,UTT,-53,2026-04-30 11:00:54
f8:6b:d9:95:d8:81:,UTT,-53,2026-04-30 11:00:57
f8:6b:d9:95:d8:81:,UTT,-50,2026-04-30 11:00:59
f8:6b:d9:95:d8:81:,UTT,-50,2026-04-30 11:01:02
f8:6b:d9:95:d8:81:,UTT,-63,2026-04-30 11:01:05
f8:6b:d9:95:d8:81:,UTT,-57,2026-04-30 11:01:12
f8:6b:d9:95:d8:81:,UTT,-54,2026-04-30 11:01:16
f8:6b:d9:95:d8:81:,UTT,-54,2026-04-30 11:01:20
f8:6b:d9:95:d8:81:,UTT,-46,2026-04-30 11:01:22
f8:6b:d9:95:d8:81:,UTT,-59,2026-04-30 11:01:25
f8:6b:d9:95:d8:81:,UTT,-59,2026-04-30 11:01:28
f8:6b:d9:95:d8:81:,UTT,-56,2026-04-30 11:01:31
f8:6b:d9:95:d8:81:,UTT,-63,2026-04-30 11:01:34
f8:6b:d9:95:d8:81:,UTT,-63,2026-04-30 11:01:36
f8:6b:d9:95:d8:81:,UTT,-60,2026-04-30 11:01:39
f8:6b:d9:95:d8:81:,UTT,-68,2026-04-30 11:01:42
f8:6b:d9:95:d8:81:,UTT,-68,2026-04-30 11:01:45
f8:6b:d9:95:d8:81:,UTT,-58,2026-04-30 11:01:48
f8:6b:d9:95:d8:81:,UTT,-58,2026-04-30 11:01:51
f8:6b:d9:95:d8:81:,UTT,-56,2026-04-30 11:01:54
f8:6b:d9:95:d8:81:,UTT,-52,2026-04-30 11:01:56
f8:6b:d9:95:d8:81:,UTT,-52,2026-04-30 11:01:59
f8:6b:d9:95:d8:81:,UTT,-49,2026-04-30 11:02:02
f8:6b:d9:95:d8:81:,UTT,-49,2026-04-30 11:02:05
f8:6b:d9:95:d8:81:,UTT,-49,2026-04-30 11:02:08
f8:6b:d9:95:d8:81:,UTT,-59,2026-04-30 11:02:11
f8:6b:d9:95:d8:81:,UTT,-54,2026-04-30 11:02:16
f8:6b:d9:95:d8:81:,UTT,-54,2026-04-30 11:02:19
f8:6b:d9:01:93:61:,UTT,-51,2026-04-30 10:59:03
f8:6b:d9:01:93:61:,UTT,-51,2026-04-30 10:59:07
f8:6b:d9:01:93:61:,UTT,-51,2026-04-30 10:59:10
f8:6b:d9:01:93:61:,UTT,-51,2026-04-30 10:59:12
f8:6b:d9:01:93:61:,UTT,-51,2026-04-30 10:59:15
f8:6b:d9:01:93:61:,UTT,-51,2026-04-30 10:59:18
f8:6b:d9:01:93:61:,UTT,-51,2026-04-30 10:59:21
f8:6b:d9:01:93:61:,UTT,-51,2026-04-30 10:59:25
f8:6b:d9:01:93:61:,UTT,-51,2026-04-30 10:59:35
f8:6b:d9:01:93:61:,UTT,-51,2026-04-30 10:59:37
f8:6b:d9:01:93:61:,UTT,-51,2026-04-30 10:59:40
f8:6b:d9:01:93:61:,UTT,-51,2026-04-30 10:59:43
f8:6b:d9:01:93:61:,UTT,-51,2026-04-30 10:59:46
f8:6b:d9:01:93:61:,UTT,-51,2026-04-30 10:59:48
f8:6b:d9:01:93:61:,UTT,-51,2026-04-30 10:59:53
f8:6b:d9:01:93:61:,UTT,-51,2026-04-30 10:59:56
f8:6b:d9:01:93:61:,UTT,-51,2026-04-30 10:59:59
f8:6b:d9:01:93:61:,UTT,-51,2026-04-30 11:00:04
f8:6b:d9:01:93:61:,UTT,-51,2026-04-30 11:00:07
f8:6b:d9:01:93:61:,UTT,-51,2026-04-30 11:00:10
f8:6b:d9:01:93:61:,UTT,-51,2026-04-30 11:00:13
f8:6b:d9:01:93:61:,UTT,-51,2026-04-30 11:00:16
e4:aa:5d:fd:3e:ee:,UTT,-84,2026-04-30 10:59:03
e4:aa:5d:fd:3e:ee:,UTT,-84,2026-04-30 10:59:07
e4:aa:5d:fd:3e:ee:,UTT,-84,2026-04-30 10:59:10
e4:aa:5d:fd:3e:ee:,UTT,-84,2026-04-30 10:59:12
e4:aa:5d:fd:3e:ee:,UTT,-84,2026-04-30 10:59:15
e4:aa:5d:fd:3e:ee:,UTT,-84,2026-04-30 10:59:18
e4:aa:5d:fd:3e:ee:,UTT,-84,2026-04-30 10:59:21
e4:aa:5d:fd:3e:ee:,UTT,-84,2026-04-30 10:59:25
e4:aa:5d:fd:3e:ee:,UTT,-84,2026-04-30 10:59:35
e4:aa:5d:fd:3e:ee:,UTT,-84,2026-04-30 10:59:37
e4:aa:5d:fd:3e:ee:,UTT,-84,2026-04-30 10:59:40
e4:aa:5d:fd:3e:ee:,UTT,-84,2026-04-30 10:59:43
e4:aa:5d:fd:3e:ee:,UTT,-84,2026-04-30 10:59:46
e4:aa:5d:fd:3e:ee:,UTT,-84,2026-04-30 10:59:48
e4:aa:5d:fd:3e:ee:,UTT,-84,2026-04-30 10:59:53
e4:aa:5d:fd:3e:ee:,UTT,-84,2026-04-30 10:59:56
e4:aa:5d:fd:3e:ee:,UTT,-84,2026-04-30 10:59:59
e4:aa:5d:fd:3e:ee:,UTT,-84,2026-04-30 11:00:04
e4:aa:5d:fd:3e:ee:,UTT,-84,2026-04-30 11:00:07
e4:aa:5d:fd:3e:ee:,UTT,-84,2026-04-30 11:00:10
e4:aa:5d:fd:3e:ee:,UTT,-84,2026-04-30 11:00:13
e4:aa:5d:fd:3e:ee:,UTT,-84,2026-04-30 11:00:16
e4:aa:5d:fd:3e:ee:,UTT,-84,2026-04-30 11:00:18
ac:2a:a1:7e:df:61:,UTT,-77,2026-04-30 10:59:03
ac:2a:a1:7e:df:61:,UTT,-77,2026-04-30 10:59:07
ac:2a:a1:7e:df:61:,UTT,-77,2026-04-30 10:59:10
ac:2a:a1:7e:df:61:,UTT,-77,2026-04-30 10:59:12
ac:2a:a1:7e:df:61:,UTT,-77,2026-04-30 10:59:15
ac:2a:a1:7e:df:61:,UTT,-77,2026-04-30 10:59:18
ac:2a:a1:7e:df:61:,UTT,-77,2026-04-30 10:59:21
ac:2a:a1:7e:df:61:,UTT,-77,2026-04-30 10:59:25
ac:2a:a1:7e:df:61:,UTT,-77,2026-04-30 10:59:35
ac:2a:a1:7e:df:61:,UTT,-77,2026-04-30 10:59:37
ac:2a:a1:7e:df:61:,UTT,-77,2026-04-30 10:59:40
ac:2a:a1:7e:df:61:,UTT,-77,2026-04-30 10:59:43
ac:2a:a1:7e:df:61:,UTT,-77,2026-04-30 10:59:46
ac:2a:a1:7e:df:61:,UTT,-77,2026-04-30 10:59:48
ac:2a:a1:7e:df:61:,UTT,-77,2026-04-30 10:59:53
ac:2a:a1:7e:df:61:,UTT,-77,2026-04-30 10:59:56
ac:2a:a1:7e:df:61:,UTT,-77,2026-04-30 10:59:59
ac:2a:a1:7e:df:61:,UTT,-77,2026-04-30 11:00:04
ac:2a:a1:7e:df:61:,UTT,-77,2026-04-30 11:00:07
ac:2a:a1:7e:df:61:,UTT,-77,2026-04-30 11:00:10
ac:2a:a1:7e:df:61:,UTT,-77,2026-04-30 11:00:13
ac:2a:a1:7e:df:61:,UTT,-77,2026-04-30 11:00:16
f8:6b:d9:01:8e:e1:,UTT,-77,2026-04-30 10:59:03
f8:6b:d9:01:8e:e1:,UTT,-77,2026-04-30 10:59:07
f8:6b:d9:01:8e:e1:,UTT,-77,2026-04-30 10:59:10
f8:6b:d9:01:8e:e1:,UTT,-80,2026-04-30 10:59:12
f8:6b:d9:01:8e:e1:,UTT,-77,2026-04-30 10:59:15
f8:6b:d9:01:8e:e1:,UTT,-77,2026-04-30 10:59:18
f8:6b:d9:01:8e:e1:,UTT,-85,2026-04-30 10:59:21
f8:6b:d9:01:8e:e1:,UTT,-72,2026-04-30 10:59:25
f8:6b:d9:01:8e:e1:,UTT,-72,2026-04-30 10:59:35
f8:6b:d9:01:8e:e1:,UTT,-77,2026-04-30 10:59:37
f8:6b:d9:01:8e:e1:,UTT,-77,2026-04-30 10:59:40
f8:6b:d9:01:8e:e1:,UTT,-78,2026-04-30 10:59:43
f8:6b:d9:01:8e:e1:,UTT,-77,2026-04-30 10:59:46
f8:6b:d9:01:8e:e1:,UTT,-77,2026-04-30 10:59:48
f8:6b:d9:01:8e:e1:,UTT,-86,2026-04-30 10:59:53
f8:6b:d9:01:8e:e1:,UTT,-86,2026-04-30 10:59:56
f8:6b:d9:01:8e:e1:,UTT,-83,2026-04-30 10:59:59
f8:6b:d9:01:8e:e1:,UTT,-83,2026-04-30 11:00:04
f8:6b:d9:01:8e:e1:,UTT,-83,2026-04-30 11:00:07
f8:6b:d9:01:8e:e1:,UTT,-70,2026-04-30 11:00:10
f8:6b:d9:01:8e:e1:,UTT,-70,2026-04-30 11:00:13
f8:6b:d9:01:8e:e1:,UTT,-87,2026-04-30 11:00:16
f8:6b:d9:01:8e:e1:,UTT,-84,2026-04-30 11:00:18
f8:6b:d9:01:8e:e1:,UTT,-84,2026-04-30 11:00:24
f8:6b:d9:01:8e:e1:,UTT,-84,2026-04-30 11:00:27
f8:6b:d9:01:8e:e1:,UTT,-81,2026-04-30 11:00:30
f8:6b:d9:01:8e:e1:,UTT,-84,2026-04-30 11:00:33
f8:6b:d9:01:8e:e1:,UTT,-84,2026-04-30 11:00:38
f8:6b:d9:01:8e:e1:,UTT,-84,2026-04-30 11:00:41
f8:6b:d9:01:8e:e1:,UTT,-84,2026-04-30 11:00:45
f8:6b:d9:01:8e:e1:,UTT,-84,2026-04-30 11:00:51
f8:6b:d9:01:8e:e1:,UTT,-84,2026-04-30 11:00:54
f8:6b:d9:01:8e:e1:,UTT,-84,2026-04-30 11:00:57
f8:6b:d9:01:8e:e1:,UTT,-86,2026-04-30 11:00:59
f8:6b:d9:01:8e:e1:,UTT,-86,2026-04-30 11:01:02
f8:6b:d9:01:8e:e1:,UTT,-86,2026-04-30 11:01:05
f8:6b:d9:01:8e:e1:,UTT,-86,2026-04-30 11:01:12
f8:6b:d9:01:8e:e1:,UTT,-88,2026-04-30 11:01:16
f8:6b:d9:01:8e:e1:,UTT,-88,2026-04-30 11:01:20
f8:6b:d9:01:8e:e1:,UTT,-87,2026-04-30 11:01:22
f8:6b:d9:01:8e:e1:,UTT,-85,2026-04-30 11:01:25
f8:6b:d9:01:8e:e1:,UTT,-85,2026-04-30 11:01:28
f8:6b:d9:01:8e:e1:,UTT,-85,2026-04-30 11:01:31
f8:6b:d9:01:8e:e1:,UTT,-85,2026-04-30 11:01:34
f8:6b:d9:01:8e:e1:,UTT,-85,2026-04-30 11:01:36
f8:6b:d9:01:8e:e1:,UTT,-84,2026-04-30 11:01:39
f8:6b:d9:01:8e:e1:,UTT,-84,2026-04-30 11:01:42
f8:6b:d9:01:8e:e1:,UTT,-84,2026-04-30 11:01:45
f8:6b:d9:01:8e:e1:,UTT,-84,2026-04-30 11:01:48
f8:6b:d9:01:8e:e1:,UTT,-84,2026-04-30 11:01:51
f8:6b:d9:01:8e:e1:,UTT,-84,2026-04-30 11:01:54
f8:6b:d9:01:8e:e1:,UTT,-84,2026-04-30 11:01:56
f8:6b:d9:01:8e:e1:,UTT,-84,2026-04-30 11:01:59
f8:6b:d9:01:8e:e1:,UTT,-87,2026-04-30 11:02:02
f8:6b:d9:01:8e:e1:,UTT,-87,2026-04-30 11:02:05
f8:6b:d9:01:8e:e1:,UTT,-87,2026-04-30 11:02:08
f8:6b:d9:01:8e:e1:,UTT,-87,2026-04-30 11:02:11
f8:6b:d9:01:8e:e1:,UTT,-77,2026-04-30 11:02:16
f8:6b:d9:01:8e:e1:,UTT,-77,2026-04-30 11:02:19
e4:aa:5d:fd:3e:e1:,UTT,-82,2026-04-30 10:59:03
e4:aa:5d:fd:3e:e1:,UTT,-82,2026-04-30 10:59:07
e4:aa:5d:fd:3e:e1:,UTT,-82,2026-04-30 10:59:10
e4:aa:5d:fd:3e:e1:,UTT,-82,2026-04-30 10:59:12
e4:aa:5d:fd:3e:e1:,UTT,-85,2026-04-30 10:59:15
e4:aa:5d:fd:3e:e1:,UTT,-85,2026-04-30 10:59:18
e4:aa:5d:fd:3e:e1:,UTT,-85,2026-04-30 10:59:21
e4:aa:5d:fd:3e:e1:,UTT,-86,2026-04-30 10:59:25
e4:aa:5d:fd:3e:e1:,UTT,-86,2026-04-30 10:59:35
e4:aa:5d:fd:3e:e1:,UTT,-86,2026-04-30 10:59:37
e4:aa:5d:fd:3e:e1:,UTT,-86,2026-04-30 10:59:40
e4:aa:5d:fd:3e:e1:,UTT,-86,2026-04-30 10:59:43
e4:aa:5d:fd:3e:e1:,UTT,-86,2026-04-30 10:59:46
e4:aa:5d:fd:3e:e1:,UTT,-86,2026-04-30 10:59:48
e4:aa:5d:fd:3e:e1:,UTT,-86,2026-04-30 10:59:53
e4:aa:5d:fd:3e:e1:,UTT,-86,2026-04-30 10:59:56
e4:aa:5d:fd:3e:e1:,UTT,-86,2026-04-30 10:59:59
e4:aa:5d:fd:3e:e1:,UTT,-86,2026-04-30 11:00:04
e4:aa:5d:fd:3e:e1:,UTT,-86,2026-04-30 11:00:07
e4:aa:5d:fd:3e:e1:,UTT,-84,2026-04-30 11:00:10
e4:aa:5d:fd:3e:e1:,UTT,-84,2026-04-30 11:00:13
e4:aa:5d:fd:3e:e1:,UTT,-84,2026-04-30 11:00:16
e4:aa:5d:fd:3e:e1:,UTT,-84,2026-04-30 11:00:18
e4:aa:5d:fd:3e:e1:,UTT,-84,2026-04-30 11:00:24
e4:aa:5d:fd:3e:e1:,UTT,-84,2026-04-30 11:00:27
e4:aa:5d:fd:3e:e1:,UTT,-84,2026-04-30 11:00:30
e4:aa:5d:fd:3e:e1:,UTT,-84,2026-04-30 11:00:33
e4:aa:5d:fd:3e:e1:,UTT,-84,2026-04-30 11:00:38
e4:aa:5d:fd:3e:e1:,UTT,-84,2026-04-30 11:00:41
e4:aa:5d:fd:3e:e1:,UTT,-84,2026-04-30 11:00:45
e4:aa:5d:fd:3e:e1:,UTT,-84,2026-04-30 11:00:51
e4:aa:5d:fd:3e:e1:,UTT,-84,2026-04-30 11:00:54
e4:aa:5d:fd:3e:e1:,UTT,-84,2026-04-30 11:00:57
e4:aa:5d:fd:3e:e1:,UTT,-84,2026-04-30 11:00:59
e4:aa:5d:fd:3e:e1:,UTT,-84,2026-04-30 11:01:02
e4:aa:5d:fd:3e:e1:,UTT,-84,2026-04-30 11:01:05
e4:aa:5d:fd:3e:e1:,UTT,-84,2026-04-30 11:01:12
e4:aa:5d:fd:3e:e1:,UTT,-84,2026-04-30 11:01:16
e4:aa:5d:fd:3e:e1:,UTT,-84,2026-04-30 11:01:20
e4:aa:5d:fd:3e:e1:,UTT,-84,2026-04-30 11:01:22
e4:aa:5d:fd:3e:e1:,UTT,-84,2026-04-30 11:01:25
e4:aa:5d:fd:3e:e1:,UTT,-84,2026-04-30 11:01:28
e4:aa:5d:fd:3e:e1:,UTT,-84,2026-04-30 11:01:31
e4:aa:5d:fd:3e:e1:,UTT,-84,2026-04-30 11:01:34
e4:aa:5d:fd:3e:e1:,UTT,-84,2026-04-30 11:01:36
e4:aa:5d:fd:3e:e1:,UTT,-87,2026-04-30 11:01:39
e4:aa:5d:fd:3e:e1:,UTT,-87,2026-04-30 11:01:42
e4:aa:5d:fd:3e:e1:,UTT,-87,2026-04-30 11:01:45
e4:aa:5d:fd:3e:e1:,UTT,-87,2026-04-30 11:01:48
e4:aa:5d:fd:3e:e1:,UTT,-87,2026-04-30 11:01:51
e4:aa:5d:fd:3e:e1:,UTT,-87,2026-04-30 11:01:54
e4:aa:5d:fd:3e:e1:,UTT,-87,2026-04-30 11:01:56
e4:aa:5d:fd:3e:e1:,UTT,-87,2026-04-30 11:01:59
e4:aa:5d:fd:3e:e1:,UTT,-87,2026-04-30 11:02:02
e4:aa:5d:fd:3e:e1:,UTT,-87,2026-04-30 11:02:05
e4:aa:5d:fd:3e:e1:,UTT,-87,2026-04-30 11:02:08
e4:aa:5d:fd:3e:e1:,UTT,-87,2026-04-30 11:02:11
e4:aa:5d:fd:3e:e1:,UTT,-82,2026-04-30 11:02:16
e4:aa:5d:fd:3e:e1:,UTT,-82,2026-04-30 11:02:19
f8:6b:d9:01:93:6e:,UTT,-45,2026-04-30 10:59:03
f8:6b:d9:01:93:6e:,UTT,-45,2026-04-30 10:59:07
f8:6b:d9:01:93:6e:,UTT,-45,2026-04-30 10:59:10
f8:6b:d9:01:93:6e:,UTT,-45,2026-04-30 10:59:12
f8:6b:d9:01:93:6e:,UTT,-45,2026-04-30 10:59:15
f8:6b:d9:01:93:6e:,UTT,-45,2026-04-30 10:59:18
f8:6b:d9:01:93:6e:,UTT,-45,2026-04-30 10:59:21
f8:6b:d9:01:93:6e:,UTT,-45,2026-04-30 10:59:25
f8:6b:d9:01:93:6e:,UTT,-45,2026-04-30 10:59:35
f8:6b:d9:01:93:6e:,UTT,-45,2026-04-30 10:59:37
f8:6b:d9:01:93:6e:,UTT,-45,2026-04-30 10:59:40
f8:6b:d9:01:93:6e:,UTT,-45,2026-04-30 10:59:43
f8:6b:d9:01:93:6e:,UTT,-45,2026-04-30 10:59:46
f8:6b:d9:01:93:6e:,UTT,-45,2026-04-30 10:59:48
f8:6b:d9:01:93:6e:,UTT,-45,2026-04-30 10:59:53
f8:6b:d9:01:93:6e:,UTT,-45,2026-04-30 10:59:56
f8:6b:d9:01:93:6e:,UTT,-45,2026-04-30 10:59:59
f8:6b:d9:01:93:6e:,UTT,-45,2026-04-30 11:00:04
f8:6b:d9:01:93:6e:,UTT,-45,2026-04-30 11:00:07
f8:6b:d9:01:93:6e:,UTT,-45,2026-04-30 11:00:10
f8:6b:d9:01:93:6e:,UTT,-45,2026-04-30 11:00:13
f8:6b:d9:01:93:6e:,UTT,-45,2026-04-30 11:00:16
f8:6b:d9:01:93:6e:,UTT,-45,2026-04-30 11:00:18
e4:aa:5d:bf:25:54:,form_cyber,-70,2026-04-30 10:59:03
e4:aa:5d:bf:25:54:,form_cyber,-82,2026-04-30 10:59:07
e4:aa:5d:bf:25:54:,form_cyber,-82,2026-04-30 10:59:10
e4:aa:5d:bf:25:54:,form_cyber,-85,2026-04-30 10:59:12
e4:aa:5d:bf:25:54:,form_cyber,-87,2026-04-30 10:59:15
e4:aa:5d:bf:25:54:,form_cyber,-87,2026-04-30 10:59:18
e4:aa:5d:bf:25:54:,form_cyber,-83,2026-04-30 10:59:21
e4:aa:5d:bf:25:54:,form_cyber,-83,2026-04-30 10:59:25
e4:aa:5d:bf:25:54:,form_cyber,-84,2026-04-30 10:59:35
e4:aa:5d:bf:25:54:,form_cyber,-82,2026-04-30 10:59:37
e4:aa:5d:bf:25:54:,form_cyber,-82,2026-04-30 10:59:40
e4:aa:5d:bf:25:54:,form_cyber,-83,2026-04-30 10:59:43
e4:aa:5d:bf:25:54:,form_cyber,-83,2026-04-30 10:59:46
e4:aa:5d:bf:25:54:,form_cyber,-83,2026-04-30 10:59:48
e4:aa:5d:bf:25:54:,form_cyber,-86,2026-04-30 10:59:53
e4:aa:5d:bf:25:54:,form_cyber,-86,2026-04-30 10:59:56
e4:aa:5d:bf:25:54:,form_cyber,-86,2026-04-30 10:59:59
e4:aa:5d:bf:25:54:,form_cyber,-86,2026-04-30 11:00:04
e4:aa:5d:bf:25:54:,form_cyber,-86,2026-04-30 11:00:07
e4:aa:5d:bf:25:54:,form_cyber,-84,2026-04-30 11:00:10
e4:aa:5d:bf:25:54:,form_cyber,-84,2026-04-30 11:00:13
e4:aa:5d:bf:25:54:,form_cyber,-88,2026-04-30 11:00:16
e4:aa:5d:bf:25:54:,form_cyber,-88,2026-04-30 11:00:18
e4:aa:5d:bf:25:54:,form_cyber,-88,2026-04-30 11:00:24
e4:aa:5d:bf:25:54:,form_cyber,-88,2026-04-30 11:00:27
e4:aa:5d:bf:25:54:,form_cyber,-83,2026-04-30 11:00:30
e4:aa:5d:bf:25:54:,form_cyber,-85,2026-04-30 11:00:33
e4:aa:5d:bf:25:54:,form_cyber,-84,2026-04-30 11:00:38
e4:aa:5d:bf:25:54:,form_cyber,-84,2026-04-30 11:00:41
e4:aa:5d:bf:25:54:,form_cyber,-84,2026-04-30 11:00:45
e4:aa:5d:bf:25:54:,form_cyber,-88,2026-04-30 11:00:51
e4:aa:5d:bf:25:54:,form_cyber,-88,2026-04-30 11:00:54
e4:aa:5d:bf:25:54:,form_cyber,-88,2026-04-30 11:00:57
e4:aa:5d:bf:25:54:,form_cyber,-88,2026-04-30 11:00:59
e4:aa:5d:bf:25:54:,form_cyber,-88,2026-04-30 11:01:02
e4:aa:5d:bf:25:54:,form_cyber,-88,2026-04-30 11:01:05
e4:aa:5d:bf:25:54:,form_cyber,-88,2026-04-30 11:01:12
e4:aa:5d:bf:25:54:,form_cyber,-88,2026-04-30 11:01:16
e4:aa:5d:bf:25:54:,form_cyber,-88,2026-04-30 11:01:20
e4:aa:5d:bf:25:54:,form_cyber,-88,2026-04-30 11:01:22
e4:aa:5d:bf:25:54:,form_cyber,-85,2026-04-30 11:01:25
e4:aa:5d:bf:25:54:,form_cyber,-85,2026-04-30 11:01:28
e4:aa:5d:bf:25:54:,form_cyber,-85,2026-04-30 11:01:31
e4:aa:5d:bf:25:54:,form_cyber,-85,2026-04-30 11:01:34
e4:aa:5d:bf:25:54:,form_cyber,-85,2026-04-30 11:01:36
e4:aa:5d:bf:25:54:,form_cyber,-85,2026-04-30 11:01:39
e4:aa:5d:bf:25:54:,form_cyber,-85,2026-04-30 11:01:42
e4:aa:5d:bf:25:54:,form_cyber,-85,2026-04-30 11:01:45
e4:aa:5d:bf:25:54:,form_cyber,-85,2026-04-30 11:01:48
e4:aa:5d:bf:25:54:,form_cyber,-85,2026-04-30 11:01:51
e4:aa:5d:bf:25:54:,form_cyber,-85,2026-04-30 11:01:54
e4:aa:5d:bf:25:54:,form_cyber,-85,2026-04-30 11:01:56
e4:aa:5d:bf:25:54:,form_cyber,-85,2026-04-30 11:01:59
e4:aa:5d:bf:25:54:,form_cyber,-86,2026-04-30 11:02:02
e4:aa:5d:bf:25:54:,form_cyber,-87,2026-04-30 11:02:05
e4:aa:5d:bf:25:54:,form_cyber,-87,2026-04-30 11:02:08
e4:aa:5d:bf:25:54:,form_cyber,-87,2026-04-30 11:02:11
e4:aa:5d:bf:25:54:,form_cyber,-84,2026-04-30 11:02:16
e4:aa:5d:bf:25:54:,form_cyber,-84,2026-04-30 11:02:19
e4:aa:5d:bf:25:5b:,form_cyber,-84,2026-04-30 10:59:03
e4:aa:5d:bf:25:5b:,form_cyber,-84,2026-04-30 10:59:07
e4:aa:5d:bf:25:5b:,form_cyber,-83,2026-04-30 10:59:10
e4:aa:5d:bf:25:5b:,form_cyber,-75,2026-04-30 10:59:12
e4:aa:5d:bf:25:5b:,form_cyber,-75,2026-04-30 10:59:15
e4:aa:5d:bf:25:5b:,form_cyber,-75,2026-04-30 10:59:18
e4:aa:5d:bf:25:5b:,form_cyber,-74,2026-04-30 10:59:21
e4:aa:5d:bf:25:5b:,form_cyber,-74,2026-04-30 10:59:25
e4:aa:5d:bf:25:5b:,form_cyber,-79,2026-04-30 10:59:35
e4:aa:5d:bf:25:5b:,form_cyber,-79,2026-04-30 10:59:37
e4:aa:5d:bf:25:5b:,form_cyber,-77,2026-04-30 10:59:40
e4:aa:5d:bf:25:5b:,form_cyber,-72,2026-04-30 10:59:43
e4:aa:5d:bf:25:5b:,form_cyber,-72,2026-04-30 10:59:46
e4:aa:5d:bf:25:5b:,form_cyber,-81,2026-04-30 10:59:48
e4:aa:5d:bf:25:5b:,form_cyber,-81,2026-04-30 10:59:53
e4:aa:5d:bf:25:5b:,form_cyber,-81,2026-04-30 10:59:56
e4:aa:5d:bf:25:5b:,form_cyber,-81,2026-04-30 10:59:59
e4:aa:5d:bf:25:5b:,form_cyber,-81,2026-04-30 11:00:04
e4:aa:5d:bf:25:5b:,form_cyber,-78,2026-04-30 11:00:07
e4:aa:5d:bf:25:5b:,form_cyber,-78,2026-04-30 11:00:10
e4:aa:5d:bf:25:5b:,form_cyber,-78,2026-04-30 11:00:13
e4:aa:5d:bf:25:5b:,form_cyber,-77,2026-04-30 11:00:16
e4:aa:5d:bf:25:5b:,form_cyber,-77,2026-04-30 11:00:18
e4:aa:5d:bf:25:5b:,form_cyber,-83,2026-04-30 11:00:24
e4:aa:5d:bf:25:5b:,form_cyber,-83,2026-04-30 11:00:27
e4:aa:5d:bf:25:5b:,form_cyber,-82,2026-04-30 11:00:30
e4:aa:5d:bf:25:5b:,form_cyber,-82,2026-04-30 11:00:33
e4:aa:5d:bf:25:5b:,form_cyber,-77,2026-04-30 11:00:38
e4:aa:5d:bf:25:5b:,form_cyber,-77,2026-04-30 11:00:41
e4:aa:5d:bf:25:5b:,form_cyber,-83,2026-04-30 11:00:45
e4:aa:5d:bf:25:5b:,form_cyber,-83,2026-04-30 11:00:51
e4:aa:5d:bf:25:5b:,form_cyber,-83,2026-04-30 11:00:54
e4:aa:5d:bf:25:5b:,form_cyber,-80,2026-04-30 11:00:57
e4:aa:5d:bf:25:5b:,form_cyber,-80,2026-04-30 11:00:59
e4:aa:5d:bf:25:5b:,form_cyber,-80,2026-04-30 11:01:02
e4:aa:5d:bf:25:5b:,form_cyber,-82,2026-04-30 11:01:05
e4:aa:5d:bf:25:5b:,form_cyber,-82,2026-04-30 11:01:12
e4:aa:5d:bf:25:5b:,form_cyber,-82,2026-04-30 11:01:16
e4:aa:5d:bf:25:5b:,form_cyber,-84,2026-04-30 11:01:20
e4:aa:5d:bf:25:5b:,form_cyber,-84,2026-04-30 11:01:22
e4:aa:5d:bf:25:5b:,form_cyber,-84,2026-04-30 11:01:25
e4:aa:5d:bf:25:5b:,form_cyber,-84,2026-04-30 11:01:28
e4:aa:5d:bf:25:5b:,form_cyber,-84,2026-04-30 11:01:31
e4:aa:5d:bf:25:5b:,form_cyber,-84,2026-04-30 11:01:34
e4:aa:5d:bf:25:5b:,form_cyber,-86,2026-04-30 11:01:36
e4:aa:5d:bf:25:5b:,form_cyber,-86,2026-04-30 11:01:39
e4:aa:5d:bf:25:5b:,form_cyber,-86,2026-04-30 11:01:42
e4:aa:5d:bf:25:5b:,form_cyber,-78,2026-04-30 11:01:45
e4:aa:5d:bf:25:5b:,form_cyber,-78,2026-04-30 11:01:48
e4:aa:5d:bf:25:5b:,form_cyber,-78,2026-04-30 11:01:51
e4:aa:5d:bf:25:5b:,form_cyber,-78,2026-04-30 11:01:54
e4:aa:5d:bf:25:5b:,form_cyber,-78,2026-04-30 11:01:56
e4:aa:5d:bf:25:5b:,form_cyber,-78,2026-04-30 11:01:59
e4:aa:5d:bf:25:5b:,form_cyber,-78,2026-04-30 11:02:02
e4:aa:5d:bf:25:5b:,form_cyber,-78,2026-04-30 11:02:05
e4:aa:5d:bf:25:5b:,form_cyber,-78,2026-04-30 11:02:08
e4:aa:5d:bf:25:5b:,form_cyber,-73,2026-04-30 11:02:11
e4:aa:5d:bf:25:5b:,form_cyber,-73,2026-04-30 11:02:16
e4:aa:5d:bf:25:5b:,form_cyber,-81,2026-04-30 11:02:19
f8:6b:d9:01:8e:eb:,form_cyber,-86,2026-04-30 10:59:03
f8:6b:d9:01:8e:eb:,form_cyber,-86,2026-04-30 10:59:07
f8:6b:d9:01:8e:eb:,form_cyber,-83,2026-04-30 10:59:10
f8:6b:d9:01:8e:eb:,form_cyber,-83,2026-04-30 10:59:12
f8:6b:d9:01:8e:eb:,form_cyber,-83,2026-04-30 10:59:15
f8:6b:d9:01:8e:eb:,form_cyber,-83,2026-04-30 10:59:18
f8:6b:d9:01:8e:eb:,form_cyber,-83,2026-04-30 10:59:21
f8:6b:d9:01:8e:eb:,form_cyber,-83,2026-04-30 10:59:25
f8:6b:d9:01:8e:eb:,form_cyber,-83,2026-04-30 10:59:35
f8:6b:d9:01:8e:eb:,form_cyber,-83,2026-04-30 10:59:37
f8:6b:d9:01:8e:eb:,form_cyber,-83,2026-04-30 10:59:40
f8:6b:d9:01:8e:eb:,form_cyber,-83,2026-04-30 10:59:43
f8:6b:d9:01:8e:eb:,form_cyber,-83,2026-04-30 10:59:46
f8:6b:d9:01:8e:eb:,form_cyber,-83,2026-04-30 10:59:48
f8:6b:d9:01:8e:eb:,form_cyber,-83,2026-04-30 10:59:53
f8:6b:d9:01:8e:eb:,form_cyber,-83,2026-04-30 10:59:56
f8:6b:d9:01:8e:eb:,form_cyber,-83,2026-04-30 10:59:59
f8:6b:d9:01:8e:eb:,form_cyber,-83,2026-04-30 11:00:04
f8:6b:d9:01:8e:eb:,form_cyber,-83,2026-04-30 11:00:07
f8:6b:d9:01:8e:eb:,form_cyber,-83,2026-04-30 11:00:10
f8:6b:d9:01:8e:eb:,form_cyber,-83,2026-04-30 11:00:13
f8:6b:d9:01:8e:eb:,form_cyber,-84,2026-04-30 11:00:16
f8:6b:d9:01:8e:eb:,form_cyber,-84,2026-04-30 11:00:18
f8:6b:d9:01:8e:eb:,form_cyber,-84,2026-04-30 11:00:24
f8:6b:d9:01:8e:eb:,form_cyber,-84,2026-04-30 11:00:27
f8:6b:d9:01:8e:eb:,form_cyber,-84,2026-04-30 11:00:30
f8:6b:d9:01:8e:eb:,form_cyber,-84,2026-04-30 11:00:33
f8:6b:d9:01:8e:eb:,form_cyber,-84,2026-04-30 11:00:38
f8:6b:d9:01:8e:eb:,form_cyber,-84,2026-04-30 11:00:41
f8:6b:d9:01:8e:eb:,form_cyber,-84,2026-04-30 11:00:45
f8:6b:d9:01:8e:eb:,form_cyber,-84,2026-04-30 11:00:51
f8:6b:d9:01:8e:eb:,form_cyber,-84,2026-04-30 11:00:54
f8:6b:d9:01:8e:eb:,form_cyber,-84,2026-04-30 11:00:57
f8:6b:d9:01:8e:eb:,form_cyber,-84,2026-04-30 11:00:59
f8:6b:d9:01:8e:eb:,form_cyber,-84,2026-04-30 11:01:02
f8:6b:d9:01:8e:eb:,form_cyber,-84,2026-04-30 11:01:05
f8:6b:d9:01:8e:eb:,form_cyber,-84,2026-04-30 11:01:12
f8:6b:d9:01:8e:eb:,form_cyber,-84,2026-04-30 11:01:16
f8:6b:d9:01:8e:eb:,form_cyber,-84,2026-04-30 11:01:20
f8:6b:d9:01:8e:eb:,form_cyber,-84,2026-04-30 11:01:22
f8:6b:d9:01:8e:eb:,form_cyber,-84,2026-04-30 11:01:25
f8:6b:d9:01:8e:eb:,form_cyber,-84,2026-04-30 11:01:28
f8:6b:d9:01:8e:eb:,form_cyber,-84,2026-04-30 11:01:31
f8:6b:d9:01:8e:eb:,form_cyber,-84,2026-04-30 11:01:34
f8:6b:d9:01:8e:eb:,form_cyber,-84,2026-04-30 11:01:36
f8:6b:d9:01:8e:eb:,form_cyber,-84,2026-04-30 11:01:39
f8:6b:d9:01:8e:eb:,form_cyber,-84,2026-04-30 11:01:42
f8:6b:d9:01:8e:eb:,form_cyber,-84,2026-04-30 11:01:45
f8:6b:d9:01:8e:eb:,form_cyber,-84,2026-04-30 11:01:48
f8:6b:d9:01:8e:eb:,form_cyber,-84,2026-04-30 11:01:51
f8:6b:d9:01:8e:eb:,form_cyber,-84,2026-04-30 11:01:54
f8:6b:d9:01:8e:eb:,form_cyber,-84,2026-04-30 11:01:56
f8:6b:d9:01:8e:eb:,form_cyber,-84,2026-04-30 11:01:59
f8:6b:d9:01:8e:eb:,form_cyber,-84,2026-04-30 11:02:02
f8:6b:d9:01:8e:eb:,form_cyber,-84,2026-04-30 11:02:05
f8:6b:d9:01:8e:eb:,form_cyber,-84,2026-04-30 11:02:08
f8:6b:d9:01:8e:eb:,form_cyber,-84,2026-04-30 11:02:11
ac:2a:a1:7e:df:64:,form_cyber,-78,2026-04-30 10:59:03
ac:2a:a1:7e:df:64:,form_cyber,-78,2026-04-30 10:59:07
ac:2a:a1:7e:df:64:,form_cyber,-78,2026-04-30 10:59:10
ac:2a:a1:7e:df:64:,form_cyber,-78,2026-04-30 10:59:12
ac:2a:a1:7e:df:64:,form_cyber,-78,2026-04-30 10:59:15
ac:2a:a1:7e:df:64:,form_cyber,-78,2026-04-30 10:59:18
ac:2a:a1:7e:df:64:,form_cyber,-78,2026-04-30 10:59:21
ac:2a:a1:7e:df:64:,form_cyber,-78,2026-04-30 10:59:25
ac:2a:a1:7e:df:64:,form_cyber,-78,2026-04-30 10:59:35
ac:2a:a1:7e:df:64:,form_cyber,-78,2026-04-30 10:59:37
ac:2a:a1:7e:df:64:,form_cyber,-78,2026-04-30 10:59:40
ac:2a:a1:7e:df:64:,form_cyber,-78,2026-04-30 10:59:43
ac:2a:a1:7e:df:64:,form_cyber,-78,2026-04-30 10:59:46
ac:2a:a1:7e:df:64:,form_cyber,-78,2026-04-30 10:59:48
ac:2a:a1:7e:df:64:,form_cyber,-78,2026-04-30 10:59:53
ac:2a:a1:7e:df:64:,form_cyber,-78,2026-04-30 10:59:56
ac:2a:a1:7e:df:64:,form_cyber,-78,2026-04-30 10:59:59
ac:2a:a1:7e:df:64:,form_cyber,-78,2026-04-30 11:00:04
ac:2a:a1:7e:df:64:,form_cyber,-78,2026-04-30 11:00:07
ac:2a:a1:7e:df:64:,form_cyber,-78,2026-04-30 11:00:10
ac:2a:a1:7e:df:64:,form_cyber,-78,2026-04-30 11:00:13
ac:2a:a1:7e:df:64:,form_cyber,-78,2026-04-30 11:00:16
f8:6b:d9:01:8e:e4:,form_cyber,-76,2026-04-30 10:59:03
f8:6b:d9:01:8e:e4:,form_cyber,-73,2026-04-30 10:59:07
f8:6b:d9:01:8e:e4:,form_cyber,-73,2026-04-30 10:59:10
f8:6b:d9:01:8e:e4:,form_cyber,-80,2026-04-30 10:59:12
f8:6b:d9:01:8e:e4:,form_cyber,-77,2026-04-30 10:59:15
f8:6b:d9:01:8e:e4:,form_cyber,-77,2026-04-30 10:59:18
f8:6b:d9:01:8e:e4:,form_cyber,-86,2026-04-30 10:59:21
f8:6b:d9:01:8e:e4:,form_cyber,-71,2026-04-30 10:59:25
f8:6b:d9:01:8e:e4:,form_cyber,-71,2026-04-30 10:59:35
f8:6b:d9:01:8e:e4:,form_cyber,-77,2026-04-30 10:59:37
f8:6b:d9:01:8e:e4:,form_cyber,-77,2026-04-30 10:59:40
f8:6b:d9:01:8e:e4:,form_cyber,-79,2026-04-30 10:59:43
f8:6b:d9:01:8e:e4:,form_cyber,-76,2026-04-30 10:59:46
f8:6b:d9:01:8e:e4:,form_cyber,-76,2026-04-30 10:59:48
f8:6b:d9:01:8e:e4:,form_cyber,-85,2026-04-30 10:59:53
f8:6b:d9:01:8e:e4:,form_cyber,-85,2026-04-30 10:59:56
f8:6b:d9:01:8e:e4:,form_cyber,-84,2026-04-30 10:59:59
f8:6b:d9:01:8e:e4:,form_cyber,-84,2026-04-30 11:00:04
f8:6b:d9:01:8e:e4:,form_cyber,-84,2026-04-30 11:00:07
f8:6b:d9:01:8e:e4:,form_cyber,-70,2026-04-30 11:00:10
f8:6b:d9:01:8e:e4:,form_cyber,-70,2026-04-30 11:00:13
f8:6b:d9:01:8e:e4:,form_cyber,-87,2026-04-30 11:00:16
f8:6b:d9:01:8e:e4:,form_cyber,-82,2026-04-30 11:00:18
f8:6b:d9:01:8e:e4:,form_cyber,-82,2026-04-30 11:00:24
f8:6b:d9:01:8e:e4:,form_cyber,-82,2026-04-30 11:00:27
f8:6b:d9:01:8e:e4:,form_cyber,-81,2026-04-30 11:00:30
f8:6b:d9:01:8e:e4:,form_cyber,-83,2026-04-30 11:00:33
f8:6b:d9:01:8e:e4:,form_cyber,-83,2026-04-30 11:00:38
f8:6b:d9:01:8e:e4:,form_cyber,-83,2026-04-30 11:00:41
f8:6b:d9:01:8e:e4:,form_cyber,-83,2026-04-30 11:00:45
f8:6b:d9:01:8e:e4:,form_cyber,-83,2026-04-30 11:00:51
f8:6b:d9:01:8e:e4:,form_cyber,-83,2026-04-30 11:00:54
f8:6b:d9:01:8e:e4:,form_cyber,-83,2026-04-30 11:00:57
f8:6b:d9:01:8e:e4:,form_cyber,-85,2026-04-30 11:00:59
f8:6b:d9:01:8e:e4:,form_cyber,-85,2026-04-30 11:01:02
f8:6b:d9:01:8e:e4:,form_cyber,-85,2026-04-30 11:01:05
f8:6b:d9:01:8e:e4:,form_cyber,-85,2026-04-30 11:01:12
f8:6b:d9:01:8e:e4:,form_cyber,-85,2026-04-30 11:01:16
f8:6b:d9:01:8e:e4:,form_cyber,-85,2026-04-30 11:01:20
f8:6b:d9:01:8e:e4:,form_cyber,-85,2026-04-30 11:01:22
f8:6b:d9:01:8e:e4:,form_cyber,-85,2026-04-30 11:01:25
f8:6b:d9:01:8e:e4:,form_cyber,-85,2026-04-30 11:01:28
f8:6b:d9:01:8e:e4:,form_cyber,-85,2026-04-30 11:01:31
f8:6b:d9:01:8e:e4:,form_cyber,-85,2026-04-30 11:01:34
f8:6b:d9:01:8e:e4:,form_cyber,-85,2026-04-30 11:01:36
f8:6b:d9:01:8e:e4:,form_cyber,-84,2026-04-30 11:01:39
f8:6b:d9:01:8e:e4:,form_cyber,-84,2026-04-30 11:01:42
f8:6b:d9:01:8e:e4:,form_cyber,-84,2026-04-30 11:01:45
f8:6b:d9:01:8e:e4:,form_cyber,-85,2026-04-30 11:01:48
f8:6b:d9:01:8e:e4:,form_cyber,-85,2026-04-30 11:01:51
f8:6b:d9:01:8e:e4:,form_cyber,-85,2026-04-30 11:01:54
f8:6b:d9:01:8e:e4:,form_cyber,-85,2026-04-30 11:01:56
f8:6b:d9:01:8e:e4:,form_cyber,-85,2026-04-30 11:01:59
f8:6b:d9:01:8e:e4:,form_cyber,-88,2026-04-30 11:02:02
f8:6b:d9:01:8e:e4:,form_cyber,-85,2026-04-30 11:02:05
f8:6b:d9:01:8e:e4:,form_cyber,-85,2026-04-30 11:02:08
f8:6b:d9:01:8e:e4:,form_cyber,-87,2026-04-30 11:02:11
f8:6b:d9:01:8e:e4:,form_cyber,-77,2026-04-30 11:02:16
f8:6b:d9:01:8e:e4:,form_cyber,-77,2026-04-30 11:02:19
f8:6b:d9:95:d8:84:,form_cyber,-52,2026-04-30 10:59:03
f8:6b:d9:95:d8:84:,form_cyber,-47,2026-04-30 10:59:07
f8:6b:d9:95:d8:84:,form_cyber,-47,2026-04-30 10:59:10
f8:6b:d9:95:d8:84:,form_cyber,-72,2026-04-30 10:59:12
f8:6b:d9:95:d8:84:,form_cyber,-56,2026-04-30 10:59:15
f8:6b:d9:95:d8:84:,form_cyber,-56,2026-04-30 10:59:18
f8:6b:d9:95:d8:84:,form_cyber,-55,2026-04-30 10:59:21
f8:6b:d9:95:d8:84:,form_cyber,-59,2026-04-30 10:59:25
f8:6b:d9:95:d8:84:,form_cyber,-61,2026-04-30 10:59:35
f8:6b:d9:95:d8:84:,form_cyber,-54,2026-04-30 10:59:37
f8:6b:d9:95:d8:84:,form_cyber,-54,2026-04-30 10:59:40
f8:6b:d9:95:d8:84:,form_cyber,-55,2026-04-30 10:59:43
f8:6b:d9:95:d8:84:,form_cyber,-58,2026-04-30 10:59:46
f8:6b:d9:95:d8:84:,form_cyber,-58,2026-04-30 10:59:48
f8:6b:d9:95:d8:84:,form_cyber,-55,2026-04-30 10:59:53
f8:6b:d9:95:d8:84:,form_cyber,-55,2026-04-30 10:59:56
f8:6b:d9:95:d8:84:,form_cyber,-45,2026-04-30 10:59:59
f8:6b:d9:95:d8:84:,form_cyber,-47,2026-04-30 11:00:04
f8:6b:d9:95:d8:84:,form_cyber,-47,2026-04-30 11:00:07
f8:6b:d9:95:d8:84:,form_cyber,-43,2026-04-30 11:00:10
f8:6b:d9:95:d8:84:,form_cyber,-43,2026-04-30 11:00:13
f8:6b:d9:95:d8:84:,form_cyber,-57,2026-04-30 11:00:16
f8:6b:d9:95:d8:84:,form_cyber,-48,2026-04-30 11:00:18
f8:6b:d9:95:d8:84:,form_cyber,-68,2026-04-30 11:00:24
f8:6b:d9:95:d8:84:,form_cyber,-68,2026-04-30 11:00:27
f8:6b:d9:95:d8:84:,form_cyber,-49,2026-04-30 11:00:30
f8:6b:d9:95:d8:84:,form_cyber,-62,2026-04-30 11:00:33
f8:6b:d9:95:d8:84:,form_cyber,-50,2026-04-30 11:00:38
f8:6b:d9:95:d8:84:,form_cyber,-50,2026-04-30 11:00:41
f8:6b:d9:95:d8:84:,form_cyber,-54,2026-04-30 11:00:45
f8:6b:d9:95:d8:84:,form_cyber,-57,2026-04-30 11:00:51
f8:6b:d9:95:d8:84:,form_cyber,-52,2026-04-30 11:00:54
f8:6b:d9:95:d8:84:,form_cyber,-52,2026-04-30 11:00:57
f8:6b:d9:95:d8:84:,form_cyber,-48,2026-04-30 11:00:59
f8:6b:d9:95:d8:84:,form_cyber,-48,2026-04-30 11:01:02
f8:6b:d9:95:d8:84:,form_cyber,-63,2026-04-30 11:01:05
f8:6b:d9:95:d8:84:,form_cyber,-57,2026-04-30 11:01:12
f8:6b:d9:95:d8:84:,form_cyber,-54,2026-04-30 11:01:16
f8:6b:d9:95:d8:84:,form_cyber,-54,2026-04-30 11:01:20
f8:6b:d9:95:d8:84:,form_cyber,-46,2026-04-30 11:01:22
f8:6b:d9:95:d8:84:,form_cyber,-59,2026-04-30 11:01:25
f8:6b:d9:95:d8:84:,form_cyber,-59,2026-04-30 11:01:28
f8:6b:d9:95:d8:84:,form_cyber,-55,2026-04-30 11:01:31
f8:6b:d9:95:d8:84:,form_cyber,-65,2026-04-30 11:01:34
f8:6b:d9:95:d8:84:,form_cyber,-65,2026-04-30 11:01:36
f8:6b:d9:95:d8:84:,form_cyber,-62,2026-04-30 11:01:39
f8:6b:d9:95:d8:84:,form_cyber,-68,2026-04-30 11:01:42
f8:6b:d9:95:d8:84:,form_cyber,-68,2026-04-30 11:01:45
f8:6b:d9:95:d8:84:,form_cyber,-57,2026-04-30 11:01:48
f8:6b:d9:95:d8:84:,form_cyber,-57,2026-04-30 11:01:51
f8:6b:d9:95:d8:84:,form_cyber,-55,2026-04-30 11:01:54
f8:6b:d9:95:d8:84:,form_cyber,-51,2026-04-30 11:01:56
f8:6b:d9:95:d8:84:,form_cyber,-51,2026-04-30 11:01:59
f8:6b:d9:95:d8:84:,form_cyber,-48,2026-04-30 11:02:02
f8:6b:d9:95:d8:84:,form_cyber,-49,2026-04-30 11:02:05
f8:6b:d9:95:d8:84:,form_cyber,-49,2026-04-30 11:02:08
f8:6b:d9:95:d8:84:,form_cyber,-56,2026-04-30 11:02:11
f8:6b:d9:95:d8:84:,form_cyber,-53,2026-04-30 11:02:16
f8:6b:d9:95:d8:84:,form_cyber,-53,2026-04-30 11:02:19
f8:6b:d9:95:d8:8b:,form_cyber,-51,2026-04-30 10:59:03
f8:6b:d9:95:d8:8b:,form_cyber,-56,2026-04-30 10:59:07
f8:6b:d9:95:d8:8b:,form_cyber,-56,2026-04-30 10:59:10
f8:6b:d9:95:d8:8b:,form_cyber,-45,2026-04-30 10:59:12
f8:6b:d9:95:d8:8b:,form_cyber,-49,2026-04-30 10:59:15
f8:6b:d9:95:d8:8b:,form_cyber,-49,2026-04-30 10:59:18
f8:6b:d9:95:d8:8b:,form_cyber,-51,2026-04-30 10:59:21
f8:6b:d9:95:d8:8b:,form_cyber,-52,2026-04-30 10:59:25
f8:6b:d9:95:d8:8b:,form_cyber,-45,2026-04-30 10:59:35
f8:6b:d9:95:d8:8b:,form_cyber,-44,2026-04-30 10:59:37
f8:6b:d9:95:d8:8b:,form_cyber,-44,2026-04-30 10:59:40
f8:6b:d9:95:d8:8b:,form_cyber,-46,2026-04-30 10:59:43
f8:6b:d9:95:d8:8b:,form_cyber,-54,2026-04-30 10:59:46
f8:6b:d9:95:d8:8b:,form_cyber,-54,2026-04-30 10:59:48
f8:6b:d9:95:d8:8b:,form_cyber,-43,2026-04-30 10:59:53
f8:6b:d9:95:d8:8b:,form_cyber,-43,2026-04-30 10:59:56
f8:6b:d9:95:d8:8b:,form_cyber,-45,2026-04-30 10:59:59
f8:6b:d9:95:d8:8b:,form_cyber,-49,2026-04-30 11:00:04
f8:6b:d9:95:d8:8b:,form_cyber,-49,2026-04-30 11:00:07
f8:6b:d9:95:d8:8b:,form_cyber,-48,2026-04-30 11:00:10
f8:6b:d9:95:d8:8b:,form_cyber,-48,2026-04-30 11:00:13
f8:6b:d9:95:d8:8b:,form_cyber,-46,2026-04-30 11:00:16
f8:6b:d9:95:d8:8b:,form_cyber,-53,2026-04-30 11:00:18
f8:6b:d9:95:d8:8b:,form_cyber,-46,2026-04-30 11:00:24
f8:6b:d9:95:d8:8b:,form_cyber,-46,2026-04-30 11:00:27
f8:6b:d9:95:d8:8b:,form_cyber,-45,2026-04-30 11:00:30
f8:6b:d9:95:d8:8b:,form_cyber,-43,2026-04-30 11:00:33
f8:6b:d9:95:d8:8b:,form_cyber,-45,2026-04-30 11:00:38
f8:6b:d9:95:d8:8b:,form_cyber,-45,2026-04-30 11:00:41
f8:6b:d9:95:d8:8b:,form_cyber,-45,2026-04-30 11:00:45
f8:6b:d9:95:d8:8b:,form_cyber,-50,2026-04-30 11:00:51
f8:6b:d9:95:d8:8b:,form_cyber,-51,2026-04-30 11:00:54
f8:6b:d9:95:d8:8b:,form_cyber,-51,2026-04-30 11:00:57
f8:6b:d9:95:d8:8b:,form_cyber,-46,2026-04-30 11:00:59
f8:6b:d9:95:d8:8b:,form_cyber,-46,2026-04-30 11:01:02
f8:6b:d9:95:d8:8b:,form_cyber,-43,2026-04-30 11:01:05
f8:6b:d9:95:d8:8b:,form_cyber,-52,2026-04-30 11:01:12
f8:6b:d9:95:d8:8b:,form_cyber,-47,2026-04-30 11:01:16
f8:6b:d9:95:d8:8b:,form_cyber,-47,2026-04-30 11:01:20
f8:6b:d9:95:d8:8b:,form_cyber,-49,2026-04-30 11:01:22
f8:6b:d9:95:d8:8b:,form_cyber,-44,2026-04-30 11:01:25
f8:6b:d9:95:d8:8b:,form_cyber,-44,2026-04-30 11:01:28
f8:6b:d9:95:d8:8b:,form_cyber,-51,2026-04-30 11:01:31
f8:6b:d9:95:d8:8b:,form_cyber,-54,2026-04-30 11:01:34
f8:6b:d9:95:d8:8b:,form_cyber,-54,2026-04-30 11:01:36
f8:6b:d9:95:d8:8b:,form_cyber,-51,2026-04-30 11:01:39
f8:6b:d9:95:d8:8b:,form_cyber,-47,2026-04-30 11:01:42
f8:6b:d9:95:d8:8b:,form_cyber,-47,2026-04-30 11:01:45
f8:6b:d9:95:d8:8b:,form_cyber,-54,2026-04-30 11:01:48
f8:6b:d9:95:d8:8b:,form_cyber,-54,2026-04-30 11:01:51
f8:6b:d9:95:d8:8b:,form_cyber,-55,2026-04-30 11:01:54
f8:6b:d9:95:d8:8b:,form_cyber,-52,2026-04-30 11:01:56
f8:6b:d9:95:d8:8b:,form_cyber,-52,2026-04-30 11:01:59
f8:6b:d9:95:d8:8b:,form_cyber,-51,2026-04-30 11:02:02
f8:6b:d9:95:d8:8b:,form_cyber,-46,2026-04-30 11:02:05
f8:6b:d9:95:d8:8b:,form_cyber,-46,2026-04-30 11:02:08
f8:6b:d9:95:d8:8b:,form_cyber,-50,2026-04-30 11:02:11
f8:6b:d9:95:d8:8b:,form_cyber,-48,2026-04-30 11:02:16
f8:6b:d9:95:d8:8b:,form_cyber,-48,2026-04-30 11:02:19
f8:6b:d9:01:85:2b:,form_cyber,-86,2026-04-30 10:59:03
f8:6b:d9:01:85:2b:,form_cyber,-86,2026-04-30 10:59:07
f8:6b:d9:01:85:2b:,form_cyber,-86,2026-04-30 10:59:10
f8:6b:d9:01:85:2b:,form_cyber,-86,2026-04-30 10:59:12
f8:6b:d9:01:85:2b:,form_cyber,-86,2026-04-30 10:59:15
f8:6b:d9:01:85:2b:,form_cyber,-86,2026-04-30 10:59:18
f8:6b:d9:01:85:2b:,form_cyber,-86,2026-04-30 10:59:21
f8:6b:d9:01:85:2b:,form_cyber,-86,2026-04-30 10:59:25
f8:6b:d9:01:85:2b:,form_cyber,-86,2026-04-30 10:59:35
f8:6b:d9:01:85:2b:,form_cyber,-86,2026-04-30 10:59:37
f8:6b:d9:01:85:2b:,form_cyber,-86,2026-04-30 10:59:40
f8:6b:d9:01:85:2b:,form_cyber,-86,2026-04-30 10:59:43
f8:6b:d9:01:85:2b:,form_cyber,-86,2026-04-30 10:59:46
f8:6b:d9:01:85:2b:,form_cyber,-86,2026-04-30 10:59:48
f8:6b:d9:01:85:2b:,form_cyber,-86,2026-04-30 10:59:53
f8:6b:d9:01:85:2b:,form_cyber,-86,2026-04-30 10:59:56
f8:6b:d9:01:85:2b:,form_cyber,-86,2026-04-30 10:59:59
f8:6b:d9:01:85:2b:,form_cyber,-86,2026-04-30 11:00:04
f8:6b:d9:01:85:2b:,form_cyber,-86,2026-04-30 11:00:07
e4:aa:5d:fd:3e:eb:,form_cyber,-82,2026-04-30 10:59:03
e4:aa:5d:fd:3e:eb:,form_cyber,-82,2026-04-30 10:59:07
e4:aa:5d:fd:3e:eb:,form_cyber,-82,2026-04-30 10:59:10
e4:aa:5d:fd:3e:eb:,form_cyber,-82,2026-04-30 10:59:12
e4:aa:5d:fd:3e:eb:,form_cyber,-82,2026-04-30 10:59:15
e4:aa:5d:fd:3e:eb:,form_cyber,-82,2026-04-30 10:59:18
e4:aa:5d:fd:3e:eb:,form_cyber,-82,2026-04-30 10:59:21
e4:aa:5d:fd:3e:eb:,form_cyber,-82,2026-04-30 10:59:25
e4:aa:5d:fd:3e:eb:,form_cyber,-82,2026-04-30 10:59:35
e4:aa:5d:fd:3e:eb:,form_cyber,-82,2026-04-30 10:59:37
e4:aa:5d:fd:3e:eb:,form_cyber,-82,2026-04-30 10:59:40
e4:aa:5d:fd:3e:eb:,form_cyber,-82,2026-04-30 10:59:43
e4:aa:5d:fd:3e:eb:,form_cyber,-82,2026-04-30 10:59:46
e4:aa:5d:fd:3e:eb:,form_cyber,-82,2026-04-30 10:59:48
e4:aa:5d:fd:3e:eb:,form_cyber,-82,2026-04-30 10:59:53
e4:aa:5d:fd:3e:eb:,form_cyber,-82,2026-04-30 10:59:56
e4:aa:5d:fd:3e:eb:,form_cyber,-82,2026-04-30 10:59:59
e4:aa:5d:fd:3e:eb:,form_cyber,-82,2026-04-30 11:00:04
e4:aa:5d:fd:3e:eb:,form_cyber,-82,2026-04-30 11:00:07
e4:aa:5d:fd:3e:eb:,form_cyber,-82,2026-04-30 11:00:10
e4:aa:5d:fd:3e:eb:,form_cyber,-82,2026-04-30 11:00:13
e4:aa:5d:fd:3e:eb:,form_cyber,-82,2026-04-30 11:00:16
e4:aa:5d:fd:3e:eb:,form_cyber,-82,2026-04-30 11:00:18
f8:6b:d9:01:85:24:,form_cyber,-84,2026-04-30 10:59:03
f8:6b:d9:01:85:24:,form_cyber,-84,2026-04-30 10:59:07
f8:6b:d9:01:85:24:,form_cyber,-84,2026-04-30 10:59:10
f8:6b:d9:01:85:24:,form_cyber,-84,2026-04-30 10:59:12
f8:6b:d9:01:85:24:,form_cyber,-84,2026-04-30 10:59:15
f8:6b:d9:01:85:24:,form_cyber,-84,2026-04-30 10:59:18
f8:6b:d9:01:85:24:,form_cyber,-84,2026-04-30 10:59:21
f8:6b:d9:01:85:24:,form_cyber,-84,2026-04-30 10:59:25
f8:6b:d9:01:85:24:,form_cyber,-84,2026-04-30 10:59:35
f8:6b:d9:01:85:24:,form_cyber,-84,2026-04-30 10:59:37
f8:6b:d9:01:85:24:,form_cyber,-84,2026-04-30 10:59:40
f8:6b:d9:01:85:24:,form_cyber,-84,2026-04-30 10:59:43
f8:6b:d9:01:85:24:,form_cyber,-84,2026-04-30 10:59:46
f8:6b:d9:01:85:24:,form_cyber,-84,2026-04-30 10:59:48
f8:6b:d9:01:85:24:,form_cyber,-84,2026-04-30 10:59:53
f8:6b:d9:01:85:24:,form_cyber,-84,2026-04-30 10:59:56
f8:6b:d9:01:85:24:,form_cyber,-84,2026-04-30 10:59:59
f8:6b:d9:01:85:24:,form_cyber,-84,2026-04-30 11:00:04
f8:6b:d9:01:85:24:,form_cyber,-84,2026-04-30 11:00:07
f8:6b:d9:01:85:24:,form_cyber,-84,2026-04-30 11:00:10
f8:6b:d9:01:85:24:,form_cyber,-84,2026-04-30 11:00:13
f8:6b:d9:01:85:24:,form_cyber,-84,2026-04-30 11:00:16
f8:6b:d9:01:93:6b:,form_cyber,-45,2026-04-30 10:59:03
f8:6b:d9:01:93:6b:,form_cyber,-45,2026-04-30 10:59:07
f8:6b:d9:01:93:6b:,form_cyber,-45,2026-04-30 10:59:10
f8:6b:d9:01:93:6b:,form_cyber,-45,2026-04-30 10:59:12
f8:6b:d9:01:93:6b:,form_cyber,-45,2026-04-30 10:59:15
f8:6b:d9:01:93:6b:,form_cyber,-45,2026-04-30 10:59:18
f8:6b:d9:01:93:6b:,form_cyber,-45,2026-04-30 10:59:21
f8:6b:d9:01:93:6b:,form_cyber,-45,2026-04-30 10:59:25
f8:6b:d9:01:93:6b:,form_cyber,-45,2026-04-30 10:59:35
f8:6b:d9:01:93:6b:,form_cyber,-45,2026-04-30 10:59:37
f8:6b:d9:01:93:6b:,form_cyber,-45,2026-04-30 10:59:40
f8:6b:d9:01:93:6b:,form_cyber,-45,2026-04-30 10:59:43
f8:6b:d9:01:93:6b:,form_cyber,-45,2026-04-30 10:59:46
f8:6b:d9:01:93:6b:,form_cyber,-45,2026-04-30 10:59:48
f8:6b:d9:01:93:6b:,form_cyber,-45,2026-04-30 10:59:53
f8:6b:d9:01:93:6b:,form_cyber,-45,2026-04-30 10:59:56
f8:6b:d9:01:93:6b:,form_cyber,-45,2026-04-30 10:59:59
f8:6b:d9:01:93:6b:,form_cyber,-45,2026-04-30 11:00:04
f8:6b:d9:01:93:6b:,form_cyber,-45,2026-04-30 11:00:07
f8:6b:d9:01:93:6b:,form_cyber,-45,2026-04-30 11:00:10
f8:6b:d9:01:93:6b:,form_cyber,-45,2026-04-30 11:00:13
f8:6b:d9:01:93:6b:,form_cyber,-45,2026-04-30 11:00:16
f8:6b:d9:01:93:6b:,form_cyber,-45,2026-04-30 11:00:18
f8:6b:d9:01:93:64:,form_cyber,-50,2026-04-30 10:59:03
f8:6b:d9:01:93:64:,form_cyber,-50,2026-04-30 10:59:07
f8:6b:d9:01:93:64:,form_cyber,-50,2026-04-30 10:59:10
f8:6b:d9:01:93:64:,form_cyber,-50,2026-04-30 10:59:12
f8:6b:d9:01:93:64:,form_cyber,-50,2026-04-30 10:59:15
f8:6b:d9:01:93:64:,form_cyber,-50,2026-04-30 10:59:18
f8:6b:d9:01:93:64:,form_cyber,-50,2026-04-30 10:59:21
f8:6b:d9:01:93:64:,form_cyber,-50,2026-04-30 10:59:25
f8:6b:d9:01:93:64:,form_cyber,-50,2026-04-30 10:59:35
f8:6b:d9:01:93:64:,form_cyber,-50,2026-04-30 10:59:37
f8:6b:d9:01:93:64:,form_cyber,-50,2026-04-30 10:59:40
f8:6b:d9:01:93:64:,form_cyber,-50,2026-04-30 10:59:43
f8:6b:d9:01:93:64:,form_cyber,-50,2026-04-30 10:59:46
f8:6b:d9:01:93:64:,form_cyber,-50,2026-04-30 10:59:48
f8:6b:d9:01:93:64:,form_cyber,-50,2026-04-30 10:59:53
f8:6b:d9:01:93:64:,form_cyber,-50,2026-04-30 10:59:56
f8:6b:d9:01:93:64:,form_cyber,-50,2026-04-30 10:59:59
f8:6b:d9:01:93:64:,form_cyber,-50,2026-04-30 11:00:04
f8:6b:d9:01:93:64:,form_cyber,-50,2026-04-30 11:00:07
f8:6b:d9:01:93:64:,form_cyber,-50,2026-04-30 11:00:10
f8:6b:d9:01:93:64:,form_cyber,-50,2026-04-30 11:00:13
f8:6b:d9:01:93:64:,form_cyber,-50,2026-04-30 11:00:16
e4:aa:5d:fd:3e:e4:,form_cyber,-80,2026-04-30 10:59:03
e4:aa:5d:fd:3e:e4:,form_cyber,-80,2026-04-30 10:59:07
e4:aa:5d:fd:3e:e4:,form_cyber,-80,2026-04-30 10:59:10
e4:aa:5d:fd:3e:e4:,form_cyber,-80,2026-04-30 10:59:12
e4:aa:5d:fd:3e:e4:,form_cyber,-84,2026-04-30 10:59:15
e4:aa:5d:fd:3e:e4:,form_cyber,-84,2026-04-30 10:59:18
e4:aa:5d:fd:3e:e4:,form_cyber,-84,2026-04-30 10:59:21
e4:aa:5d:fd:3e:e4:,form_cyber,-84,2026-04-30 10:59:25
e4:aa:5d:fd:3e:e4:,form_cyber,-84,2026-04-30 10:59:35
e4:aa:5d:fd:3e:e4:,form_cyber,-84,2026-04-30 10:59:37
e4:aa:5d:fd:3e:e4:,form_cyber,-84,2026-04-30 10:59:40
e4:aa:5d:fd:3e:e4:,form_cyber,-84,2026-04-30 10:59:43
e4:aa:5d:fd:3e:e4:,form_cyber,-83,2026-04-30 10:59:46
e4:aa:5d:fd:3e:e4:,form_cyber,-83,2026-04-30 10:59:48
e4:aa:5d:fd:3e:e4:,form_cyber,-83,2026-04-30 10:59:53
e4:aa:5d:fd:3e:e4:,form_cyber,-83,2026-04-30 10:59:56
e4:aa:5d:fd:3e:e4:,form_cyber,-83,2026-04-30 10:59:59
e4:aa:5d:fd:3e:e4:,form_cyber,-83,2026-04-30 11:00:04
e4:aa:5d:fd:3e:e4:,form_cyber,-83,2026-04-30 11:00:07
e4:aa:5d:fd:3e:e4:,form_cyber,-86,2026-04-30 11:00:10
e4:aa:5d:fd:3e:e4:,form_cyber,-86,2026-04-30 11:00:13
e4:aa:5d:fd:3e:e4:,form_cyber,-86,2026-04-30 11:00:16
e4:aa:5d:fd:3e:e4:,form_cyber,-86,2026-04-30 11:00:18
e4:aa:5d:fd:3e:e4:,form_cyber,-86,2026-04-30 11:00:24
e4:aa:5d:fd:3e:e4:,form_cyber,-86,2026-04-30 11:00:27
e4:aa:5d:fd:3e:e4:,form_cyber,-86,2026-04-30 11:00:30
e4:aa:5d:fd:3e:e4:,form_cyber,-86,2026-04-30 11:00:33
e4:aa:5d:fd:3e:e4:,form_cyber,-86,2026-04-30 11:00:38
e4:aa:5d:fd:3e:e4:,form_cyber,-86,2026-04-30 11:00:41
e4:aa:5d:fd:3e:e4:,form_cyber,-86,2026-04-30 11:00:45
e4:aa:5d:fd:3e:e4:,form_cyber,-86,2026-04-30 11:00:51
e4:aa:5d:fd:3e:e4:,form_cyber,-86,2026-04-30 11:00:54
e4:aa:5d:fd:3e:e4:,form_cyber,-86,2026-04-30 11:00:57
e4:aa:5d:fd:3e:e4:,form_cyber,-86,2026-04-30 11:00:59
e4:aa:5d:fd:3e:e4:,form_cyber,-86,2026-04-30 11:01:02
e4:aa:5d:fd:3e:e4:,form_cyber,-86,2026-04-30 11:01:05
e4:aa:5d:fd:3e:e4:,form_cyber,-86,2026-04-30 11:01:12
e4:aa:5d:fd:3e:e4:,form_cyber,-86,2026-04-30 11:01:16
e4:aa:5d:fd:3e:e4:,form_cyber,-86,2026-04-30 11:01:20
e4:aa:5d:fd:3e:e4:,form_cyber,-86,2026-04-30 11:01:22
e4:aa:5d:fd:3e:e4:,form_cyber,-86,2026-04-30 11:01:25
e4:aa:5d:fd:3e:e4:,form_cyber,-86,2026-04-30 11:01:28
e4:aa:5d:fd:3e:e4:,form_cyber,-86,2026-04-30 11:01:31
e4:aa:5d:fd:3e:e4:,form_cyber,-86,2026-04-30 11:01:34
e4:aa:5d:fd:3e:e4:,form_cyber,-86,2026-04-30 11:01:36
e4:aa:5d:fd:3e:e4:,form_cyber,-85,2026-04-30 11:01:39
e4:aa:5d:fd:3e:e4:,form_cyber,-85,2026-04-30 11:01:42
e4:aa:5d:fd:3e:e4:,form_cyber,-85,2026-04-30 11:01:45
e4:aa:5d:fd:3e:e4:,form_cyber,-85,2026-04-30 11:01:48
e4:aa:5d:fd:3e:e4:,form_cyber,-85,2026-04-30 11:01:51
e4:aa:5d:fd:3e:e4:,form_cyber,-85,2026-04-30 11:01:54
e4:aa:5d:fd:3e:e4:,form_cyber,-85,2026-04-30 11:01:56
e4:aa:5d:fd:3e:e4:,form_cyber,-85,2026-04-30 11:01:59
e4:aa:5d:fd:3e:e4:,form_cyber,-85,2026-04-30 11:02:02
e4:aa:5d:fd:3e:e4:,form_cyber,-85,2026-04-30 11:02:05
e4:aa:5d:fd:3e:e4:,form_cyber,-85,2026-04-30 11:02:08
e4:aa:5d:fd:3e:e4:,form_cyber,-85,2026-04-30 11:02:11
e4:aa:5d:fd:3e:e4:,form_cyber,-81,2026-04-30 11:02:16
e4:aa:5d:fd:3e:e4:,form_cyber,-81,2026-04-30 11:02:19
f8:6b:d9:01:93:65:,Hidden,-50,2026-04-30 10:59:03
f8:6b:d9:01:93:65:,Hidden,-50,2026-04-30 10:59:07
f8:6b:d9:01:93:65:,Hidden,-50,2026-04-30 10:59:10
f8:6b:d9:01:93:65:,Hidden,-50,2026-04-30 10:59:12
f8:6b:d9:01:93:65:,Hidden,-50,2026-04-30 10:59:15
f8:6b:d9:01:93:65:,Hidden,-50,2026-04-30 10:59:18
f8:6b:d9:01:93:65:,Hidden,-50,2026-04-30 10:59:21
f8:6b:d9:01:93:65:,Hidden,-50,2026-04-30 10:59:25
f8:6b:d9:01:93:65:,Hidden,-50,2026-04-30 10:59:35
f8:6b:d9:01:93:65:,Hidden,-50,2026-04-30 10:59:37
f8:6b:d9:01:93:65:,Hidden,-50,2026-04-30 10:59:40
f8:6b:d9:01:93:65:,Hidden,-50,2026-04-30 10:59:43
f8:6b:d9:01:93:65:,Hidden,-50,2026-04-30 10:59:46
f8:6b:d9:01:93:65:,Hidden,-50,2026-04-30 10:59:48
f8:6b:d9:01:93:65:,Hidden,-50,2026-04-30 10:59:53
f8:6b:d9:01:93:65:,Hidden,-50,2026-04-30 10:59:56
f8:6b:d9:01:93:65:,Hidden,-50,2026-04-30 10:59:59
f8:6b:d9:01:93:65:,Hidden,-50,2026-04-30 11:00:04
f8:6b:d9:01:93:65:,Hidden,-50,2026-04-30 11:00:07
f8:6b:d9:01:93:65:,Hidden,-50,2026-04-30 11:00:10
f8:6b:d9:01:93:65:,Hidden,-50,2026-04-30 11:00:13
f8:6b:d9:01:93:6a:,Hidden,-78,2026-04-30 10:59:03
f8:6b:d9:01:93:6a:,Hidden,-78,2026-04-30 10:59:07
f8:6b:d9:01:93:6a:,Hidden,-78,2026-04-30 10:59:10
f8:6b:d9:01:93:6a:,Hidden,-78,2026-04-30 10:59:12
f8:6b:d9:01:93:6a:,Hidden,-78,2026-04-30 10:59:15
f8:6b:d9:01:93:6a:,Hidden,-78,2026-04-30 10:59:18
f8:6b:d9:01:93:6a:,Hidden,-78,2026-04-30 10:59:21
f8:6b:d9:01:93:6a:,Hidden,-78,2026-04-30 10:59:25
f8:6b:d9:01:93:6a:,Hidden,-78,2026-04-30 10:59:35
f8:6b:d9:01:93:6a:,Hidden,-78,2026-04-30 10:59:37
f8:6b:d9:01:93:6a:,Hidden,-78,2026-04-30 10:59:40
f8:6b:d9:01:93:6a:,Hidden,-78,2026-04-30 10:59:43
f8:6b:d9:01:93:6a:,Hidden,-78,2026-04-30 10:59:46
f8:6b:d9:01:93:6a:,Hidden,-78,2026-04-30 10:59:48
f8:6b:d9:01:93:6a:,Hidden,-78,2026-04-30 10:59:53
f8:6b:d9:01:93:6a:,Hidden,-78,2026-04-30 10:59:56
f8:6b:d9:01:93:6a:,Hidden,-78,2026-04-30 10:59:59
f8:6b:d9:01:93:6a:,Hidden,-78,2026-04-30 11:00:04
f8:6b:d9:01:93:6a:,Hidden,-78,2026-04-30 11:00:07
f8:6b:d9:01:93:6a:,Hidden,-78,2026-04-30 11:00:10
f8:6b:d9:01:93:6a:,Hidden,-78,2026-04-30 11:00:13
f8:6b:d9:01:93:6a:,Hidden,-78,2026-04-30 11:00:16
f8:6b:d9:01:93:6a:,Hidden,-78,2026-04-30 11:00:18
f8:6b:d9:01:93:6a:,Hidden,-78,2026-04-30 11:00:24
f8:6b:d9:01:93:6a:,Hidden,-78,2026-04-30 11:00:27
f8:6b:d9:01:93:6a:,Hidden,-78,2026-04-30 11:00:30
f8:6b:d9:01:85:25:,Hidden,-84,2026-04-30 10:59:03
f8:6b:d9:01:85:25:,Hidden,-84,2026-04-30 10:59:07
f8:6b:d9:01:85:25:,Hidden,-84,2026-04-30 10:59:10
f8:6b:d9:01:85:25:,Hidden,-84,2026-04-30 10:59:12
f8:6b:d9:01:85:25:,Hidden,-84,2026-04-30 10:59:15
f8:6b:d9:01:85:25:,Hidden,-84,2026-04-30 10:59:18
f8:6b:d9:01:85:25:,Hidden,-84,2026-04-30 10:59:21
f8:6b:d9:01:85:25:,Hidden,-84,2026-04-30 10:59:25
f8:6b:d9:01:85:25:,Hidden,-84,2026-04-30 10:59:35
f8:6b:d9:01:85:25:,Hidden,-84,2026-04-30 10:59:37
f8:6b:d9:01:85:25:,Hidden,-84,2026-04-30 10:59:40
f8:6b:d9:01:85:25:,Hidden,-84,2026-04-30 10:59:43
f8:6b:d9:01:85:25:,Hidden,-84,2026-04-30 10:59:46
f8:6b:d9:01:85:25:,Hidden,-84,2026-04-30 10:59:48
f8:6b:d9:01:85:25:,Hidden,-84,2026-04-30 10:59:53
f8:6b:d9:01:85:25:,Hidden,-84,2026-04-30 10:59:56
f8:6b:d9:01:85:25:,Hidden,-84,2026-04-30 10:59:59
f8:6b:d9:01:85:25:,Hidden,-84,2026-04-30 11:00:04
f8:6b:d9:01:85:25:,Hidden,-84,2026-04-30 11:00:07
f8:6b:d9:01:8e:ea:,Hidden,-73,2026-04-30 10:59:03
f8:6b:d9:01:8e:ea:,Hidden,-71,2026-04-30 10:59:07
f8:6b:d9:01:8e:ea:,Hidden,-71,2026-04-30 10:59:10
f8:6b:d9:01:8e:ea:,Hidden,-82,2026-04-30 10:59:12
f8:6b:d9:01:8e:ea:,Hidden,-77,2026-04-30 10:59:15
f8:6b:d9:01:8e:ea:,Hidden,-77,2026-04-30 10:59:18
f8:6b:d9:01:8e:ea:,Hidden,-87,2026-04-30 10:59:21
f8:6b:d9:01:8e:ea:,Hidden,-73,2026-04-30 10:59:25
f8:6b:d9:01:8e:ea:,Hidden,-86,2026-04-30 10:59:35
f8:6b:d9:01:8e:ea:,Hidden,-78,2026-04-30 10:59:37
f8:6b:d9:01:8e:ea:,Hidden,-78,2026-04-30 10:59:40
f8:6b:d9:01:8e:ea:,Hidden,-79,2026-04-30 10:59:43
f8:6b:d9:01:8e:ea:,Hidden,-75,2026-04-30 10:59:46
f8:6b:d9:01:8e:ea:,Hidden,-75,2026-04-30 10:59:48
f8:6b:d9:01:8e:ea:,Hidden,-75,2026-04-30 10:59:53
f8:6b:d9:01:8e:ea:,Hidden,-75,2026-04-30 10:59:56
f8:6b:d9:01:8e:ea:,Hidden,-75,2026-04-30 10:59:59
f8:6b:d9:01:8e:ea:,Hidden,-75,2026-04-30 11:00:04
f8:6b:d9:01:8e:ea:,Hidden,-75,2026-04-30 11:00:07
f8:6b:d9:01:8e:ea:,Hidden,-69,2026-04-30 11:00:10
f8:6b:d9:01:8e:ea:,Hidden,-69,2026-04-30 11:00:13
f8:6b:d9:01:8e:ea:,Hidden,-88,2026-04-30 11:00:16
f8:6b:d9:01:8e:ea:,Hidden,-81,2026-04-30 11:00:18
f8:6b:d9:01:8e:ea:,Hidden,-81,2026-04-30 11:00:24
f8:6b:d9:01:8e:ea:,Hidden,-81,2026-04-30 11:00:27
f8:6b:d9:01:8e:ea:,Hidden,-80,2026-04-30 11:00:30
f8:6b:d9:01:8e:ea:,Hidden,-83,2026-04-30 11:00:33
f8:6b:d9:01:8e:ea:,Hidden,-83,2026-04-30 11:00:38
f8:6b:d9:01:8e:ea:,Hidden,-83,2026-04-30 11:00:41
f8:6b:d9:01:8e:ea:,Hidden,-83,2026-04-30 11:00:45
f8:6b:d9:01:8e:ea:,Hidden,-83,2026-04-30 11:00:51
f8:6b:d9:01:8e:ea:,Hidden,-87,2026-04-30 11:00:54
f8:6b:d9:01:8e:ea:,Hidden,-87,2026-04-30 11:00:57
f8:6b:d9:01:8e:ea:,Hidden,-87,2026-04-30 11:00:59
f8:6b:d9:01:8e:ea:,Hidden,-87,2026-04-30 11:01:02
f8:6b:d9:01:8e:ea:,Hidden,-87,2026-04-30 11:01:05
f8:6b:d9:01:8e:ea:,Hidden,-87,2026-04-30 11:01:12
f8:6b:d9:01:8e:ea:,Hidden,-87,2026-04-30 11:01:16
f8:6b:d9:01:8e:ea:,Hidden,-87,2026-04-30 11:01:20
f8:6b:d9:01:8e:ea:,Hidden,-87,2026-04-30 11:01:22
f8:6b:d9:01:8e:ea:,Hidden,-87,2026-04-30 11:01:25
f8:6b:d9:01:8e:ea:,Hidden,-87,2026-04-30 11:01:28
f8:6b:d9:01:8e:ea:,Hidden,-87,2026-04-30 11:01:31
f8:6b:d9:01:8e:ea:,Hidden,-87,2026-04-30 11:01:34
f8:6b:d9:01:8e:ea:,Hidden,-87,2026-04-30 11:01:36
f8:6b:d9:01:8e:ea:,Hidden,-84,2026-04-30 11:01:39
f8:6b:d9:01:8e:ea:,Hidden,-86,2026-04-30 11:01:42
f8:6b:d9:01:8e:ea:,Hidden,-86,2026-04-30 11:01:45
f8:6b:d9:01:8e:ea:,Hidden,-86,2026-04-30 11:01:48
f8:6b:d9:01:8e:ea:,Hidden,-86,2026-04-30 11:01:51
f8:6b:d9:01:8e:ea:,Hidden,-86,2026-04-30 11:01:54
f8:6b:d9:01:8e:ea:,Hidden,-86,2026-04-30 11:01:56
f8:6b:d9:01:8e:ea:,Hidden,-86,2026-04-30 11:01:59
f8:6b:d9:01:8e:ea:,Hidden,-86,2026-04-30 11:02:02
f8:6b:d9:01:8e:ea:,Hidden,-86,2026-04-30 11:02:05
f8:6b:d9:01:8e:ea:,Hidden,-86,2026-04-30 11:02:08
f8:6b:d9:01:8e:ea:,Hidden,-86,2026-04-30 11:02:11
f8:6b:d9:01:8e:ea:,Hidden,-77,2026-04-30 11:02:16
f8:6b:d9:01:8e:ea:,Hidden,-77,2026-04-30 11:02:19
ac:2a:a1:7e:df:6a:,Hidden,-75,2026-04-30 10:59:03
ac:2a:a1:7e:df:6a:,Hidden,-75,2026-04-30 10:59:07
ac:2a:a1:7e:df:6a:,Hidden,-75,2026-04-30 10:59:10
ac:2a:a1:7e:df:6a:,Hidden,-75,2026-04-30 10:59:12
ac:2a:a1:7e:df:6a:,Hidden,-75,2026-04-30 10:59:15
ac:2a:a1:7e:df:6a:,Hidden,-75,2026-04-30 10:59:18
ac:2a:a1:7e:df:6a:,Hidden,-75,2026-04-30 10:59:21
ac:2a:a1:7e:df:6a:,Hidden,-75,2026-04-30 10:59:25
ac:2a:a1:7e:df:6a:,Hidden,-75,2026-04-30 10:59:35
ac:2a:a1:7e:df:6a:,Hidden,-75,2026-04-30 10:59:37
ac:2a:a1:7e:df:6a:,Hidden,-75,2026-04-30 10:59:40
ac:2a:a1:7e:df:6a:,Hidden,-75,2026-04-30 10:59:43
ac:2a:a1:7e:df:6a:,Hidden,-75,2026-04-30 10:59:46
ac:2a:a1:7e:df:6a:,Hidden,-75,2026-04-30 10:59:48
ac:2a:a1:7e:df:6a:,Hidden,-75,2026-04-30 10:59:53
ac:2a:a1:7e:df:6a:,Hidden,-75,2026-04-30 10:59:56
ac:2a:a1:7e:df:6a:,Hidden,-75,2026-04-30 10:59:59
ac:2a:a1:7e:df:6a:,Hidden,-75,2026-04-30 11:00:04
ac:2a:a1:7e:df:6a:,Hidden,-75,2026-04-30 11:00:07
ac:2a:a1:7e:df:6a:,Hidden,-75,2026-04-30 11:00:10
ac:2a:a1:7e:df:6a:,Hidden,-75,2026-04-30 11:00:13
ac:2a:a1:7e:df:6a:,Hidden,-75,2026-04-30 11:00:16
f8:6b:d9:95:d8:8a:,Hidden,-50,2026-04-30 10:59:03
f8:6b:d9:95:d8:8a:,Hidden,-49,2026-04-30 10:59:07
f8:6b:d9:95:d8:8a:,Hidden,-49,2026-04-30 10:59:10
f8:6b:d9:95:d8:8a:,Hidden,-61,2026-04-30 10:59:12
f8:6b:d9:95:d8:8a:,Hidden,-56,2026-04-30 10:59:15
f8:6b:d9:95:d8:8a:,Hidden,-56,2026-04-30 10:59:18
f8:6b:d9:95:d8:8a:,Hidden,-52,2026-04-30 10:59:21
f8:6b:d9:95:d8:8a:,Hidden,-59,2026-04-30 10:59:25
f8:6b:d9:95:d8:8a:,Hidden,-61,2026-04-30 10:59:35
f8:6b:d9:95:d8:8a:,Hidden,-57,2026-04-30 10:59:37
f8:6b:d9:95:d8:8a:,Hidden,-57,2026-04-30 10:59:40
f8:6b:d9:95:d8:8a:,Hidden,-58,2026-04-30 10:59:43
f8:6b:d9:95:d8:8a:,Hidden,-55,2026-04-30 10:59:46
f8:6b:d9:95:d8:8a:,Hidden,-55,2026-04-30 10:59:48
f8:6b:d9:95:d8:8a:,Hidden,-54,2026-04-30 10:59:53
f8:6b:d9:95:d8:8a:,Hidden,-54,2026-04-30 10:59:56
f8:6b:d9:95:d8:8a:,Hidden,-46,2026-04-30 10:59:59
f8:6b:d9:95:d8:8a:,Hidden,-47,2026-04-30 11:00:04
f8:6b:d9:95:d8:8a:,Hidden,-47,2026-04-30 11:00:07
f8:6b:d9:95:d8:8a:,Hidden,-43,2026-04-30 11:00:10
f8:6b:d9:95:d8:8a:,Hidden,-43,2026-04-30 11:00:13
f8:6b:d9:95:d8:8a:,Hidden,-56,2026-04-30 11:00:16
f8:6b:d9:95:d8:8a:,Hidden,-51,2026-04-30 11:00:18
f8:6b:d9:95:d8:8a:,Hidden,-58,2026-04-30 11:00:24
f8:6b:d9:95:d8:8a:,Hidden,-58,2026-04-30 11:00:27
f8:6b:d9:95:d8:8a:,Hidden,-50,2026-04-30 11:00:30
f8:6b:d9:95:d8:8a:,Hidden,-63,2026-04-30 11:00:33
f8:6b:d9:95:d8:8a:,Hidden,-47,2026-04-30 11:00:38
f8:6b:d9:95:d8:8a:,Hidden,-47,2026-04-30 11:00:41
f8:6b:d9:95:d8:8a:,Hidden,-55,2026-04-30 11:00:45
f8:6b:d9:95:d8:8a:,Hidden,-58,2026-04-30 11:00:51
f8:6b:d9:95:d8:8a:,Hidden,-51,2026-04-30 11:00:54
f8:6b:d9:95:d8:8a:,Hidden,-51,2026-04-30 11:00:57
f8:6b:d9:95:d8:8a:,Hidden,-51,2026-04-30 11:00:59
f8:6b:d9:95:d8:8a:,Hidden,-51,2026-04-30 11:01:02
f8:6b:d9:95:d8:8a:,Hidden,-61,2026-04-30 11:01:05
f8:6b:d9:95:d8:8a:,Hidden,-58,2026-04-30 11:01:12
f8:6b:d9:95:d8:8a:,Hidden,-56,2026-04-30 11:01:16
f8:6b:d9:95:d8:8a:,Hidden,-56,2026-04-30 11:01:20
f8:6b:d9:95:d8:8a:,Hidden,-47,2026-04-30 11:01:22
f8:6b:d9:95:d8:8a:,Hidden,-59,2026-04-30 11:01:25
f8:6b:d9:95:d8:8a:,Hidden,-59,2026-04-30 11:01:28
f8:6b:d9:95:d8:8a:,Hidden,-58,2026-04-30 11:01:31
f8:6b:d9:95:d8:8a:,Hidden,-65,2026-04-30 11:01:34
f8:6b:d9:95:d8:8a:,Hidden,-65,2026-04-30 11:01:36
f8:6b:d9:95:d8:8a:,Hidden,-57,2026-04-30 11:01:39
f8:6b:d9:95:d8:8a:,Hidden,-69,2026-04-30 11:01:42
f8:6b:d9:95:d8:8a:,Hidden,-69,2026-04-30 11:01:45
f8:6b:d9:95:d8:8a:,Hidden,-58,2026-04-30 11:01:48
f8:6b:d9:95:d8:8a:,Hidden,-58,2026-04-30 11:01:51
f8:6b:d9:95:d8:8a:,Hidden,-56,2026-04-30 11:01:54
f8:6b:d9:95:d8:8a:,Hidden,-51,2026-04-30 11:01:56
f8:6b:d9:95:d8:8a:,Hidden,-51,2026-04-30 11:01:59
f8:6b:d9:95:d8:8a:,Hidden,-54,2026-04-30 11:02:02
f8:6b:d9:95:d8:8a:,Hidden,-49,2026-04-30 11:02:05
f8:6b:d9:95:d8:8a:,Hidden,-49,2026-04-30 11:02:08
f8:6b:d9:95:d8:8a:,Hidden,-61,2026-04-30 11:02:11
f8:6b:d9:95:d8:8a:,Hidden,-52,2026-04-30 11:02:16
f8:6b:d9:95:d8:8a:,Hidden,-52,2026-04-30 11:02:19
f8:6b:d9:01:85:2a:,Hidden,-82,2026-04-30 10:59:03
f8:6b:d9:01:85:2a:,Hidden,-82,2026-04-30 10:59:07
f8:6b:d9:01:85:2a:,Hidden,-82,2026-04-30 10:59:10
f8:6b:d9:01:85:2a:,Hidden,-82,2026-04-30 10:59:12
f8:6b:d9:01:85:2a:,Hidden,-82,2026-04-30 10:59:15
f8:6b:d9:01:85:2a:,Hidden,-82,2026-04-30 10:59:18
f8:6b:d9:01:85:2a:,Hidden,-82,2026-04-30 10:59:21
f8:6b:d9:01:85:2a:,Hidden,-82,2026-04-30 10:59:25
f8:6b:d9:01:85:2a:,Hidden,-82,2026-04-30 10:59:35
f8:6b:d9:01:85:2a:,Hidden,-82,2026-04-30 10:59:37
f8:6b:d9:01:85:2a:,Hidden,-82,2026-04-30 10:59:40
f8:6b:d9:01:85:2a:,Hidden,-82,2026-04-30 10:59:43
f8:6b:d9:01:85:2a:,Hidden,-82,2026-04-30 10:59:46
f8:6b:d9:01:85:2a:,Hidden,-82,2026-04-30 10:59:48
f8:6b:d9:01:85:2a:,Hidden,-82,2026-04-30 10:59:53
f8:6b:d9:01:85:2a:,Hidden,-82,2026-04-30 10:59:56
f8:6b:d9:01:85:2a:,Hidden,-82,2026-04-30 10:59:59
f8:6b:d9:01:85:2a:,Hidden,-82,2026-04-30 11:00:04
f8:6b:d9:01:85:2a:,Hidden,-82,2026-04-30 11:00:07
f8:6b:d9:01:85:2a:,Hidden,-82,2026-04-30 11:00:10
f8:6b:d9:01:85:2a:,Hidden,-82,2026-04-30 11:00:13
e4:aa:5d:bf:25:5a:,Hidden,-77,2026-04-30 10:59:03
e4:aa:5d:bf:25:5a:,Hidden,-84,2026-04-30 10:59:07
e4:aa:5d:bf:25:5a:,Hidden,-84,2026-04-30 10:59:10
e4:aa:5d:bf:25:5a:,Hidden,-84,2026-04-30 10:59:12
e4:aa:5d:bf:25:5a:,Hidden,-85,2026-04-30 10:59:15
e4:aa:5d:bf:25:5a:,Hidden,-85,2026-04-30 10:59:18
e4:aa:5d:bf:25:5a:,Hidden,-85,2026-04-30 10:59:21
e4:aa:5d:bf:25:5a:,Hidden,-85,2026-04-30 10:59:25
e4:aa:5d:bf:25:5a:,Hidden,-85,2026-04-30 10:59:35
e4:aa:5d:bf:25:5a:,Hidden,-83,2026-04-30 10:59:37
e4:aa:5d:bf:25:5a:,Hidden,-83,2026-04-30 10:59:40
e4:aa:5d:bf:25:5a:,Hidden,-83,2026-04-30 10:59:43
e4:aa:5d:bf:25:5a:,Hidden,-84,2026-04-30 10:59:46
e4:aa:5d:bf:25:5a:,Hidden,-84,2026-04-30 10:59:48
e4:aa:5d:bf:25:5a:,Hidden,-84,2026-04-30 10:59:53
e4:aa:5d:bf:25:5a:,Hidden,-84,2026-04-30 10:59:56
e4:aa:5d:bf:25:5a:,Hidden,-84,2026-04-30 10:59:59
e4:aa:5d:bf:25:5a:,Hidden,-84,2026-04-30 11:00:04
e4:aa:5d:bf:25:5a:,Hidden,-84,2026-04-30 11:00:07
e4:aa:5d:bf:25:5a:,Hidden,-84,2026-04-30 11:00:10
e4:aa:5d:bf:25:5a:,Hidden,-84,2026-04-30 11:00:13
e4:aa:5d:bf:25:5a:,Hidden,-84,2026-04-30 11:00:16
e4:aa:5d:bf:25:5a:,Hidden,-84,2026-04-30 11:00:18
e4:aa:5d:bf:25:5a:,Hidden,-84,2026-04-30 11:00:24
e4:aa:5d:bf:25:5a:,Hidden,-84,2026-04-30 11:00:27
e4:aa:5d:bf:25:5a:,Hidden,-84,2026-04-30 11:00:30
e4:aa:5d:bf:25:5a:,Hidden,-84,2026-04-30 11:00:33
e4:aa:5d:bf:25:5a:,Hidden,-84,2026-04-30 11:00:38
e4:aa:5d:bf:25:5a:,Hidden,-84,2026-04-30 11:00:41
e4:aa:5d:bf:25:5a:,Hidden,-84,2026-04-30 11:00:45
e4:aa:5d:bf:25:5a:,Hidden,-84,2026-04-30 11:00:51
e4:aa:5d:bf:25:5a:,Hidden,-84,2026-04-30 11:00:54
e4:aa:5d:bf:25:5a:,Hidden,-84,2026-04-30 11:00:57
e4:aa:5d:bf:25:5a:,Hidden,-84,2026-04-30 11:00:59
e4:aa:5d:bf:25:5a:,Hidden,-84,2026-04-30 11:01:02
e4:aa:5d:bf:25:5a:,Hidden,-84,2026-04-30 11:01:05
e4:aa:5d:bf:25:5a:,Hidden,-84,2026-04-30 11:01:12
e4:aa:5d:bf:25:5a:,Hidden,-84,2026-04-30 11:01:16
e4:aa:5d:bf:25:5a:,Hidden,-84,2026-04-30 11:01:20
e4:aa:5d:bf:25:5a:,Hidden,-84,2026-04-30 11:01:22
e4:aa:5d:bf:25:5a:,Hidden,-84,2026-04-30 11:01:25
e4:aa:5d:bf:25:5a:,Hidden,-84,2026-04-30 11:01:28
e4:aa:5d:bf:25:5a:,Hidden,-84,2026-04-30 11:01:31
e4:aa:5d:bf:25:5a:,Hidden,-84,2026-04-30 11:01:34
e4:aa:5d:bf:25:5a:,Hidden,-84,2026-04-30 11:01:36
e4:aa:5d:bf:25:5a:,Hidden,-84,2026-04-30 11:01:39
e4:aa:5d:bf:25:5a:,Hidden,-84,2026-04-30 11:01:42
e4:aa:5d:bf:25:5a:,Hidden,-85,2026-04-30 11:02:05
e4:aa:5d:bf:25:5a:,Hidden,-85,2026-04-30 11:02:08
e4:aa:5d:bf:25:5a:,Hidden,-85,2026-04-30 11:02:11
e4:aa:5d:bf:25:5a:,Hidden,-85,2026-04-30 11:02:16
e4:aa:5d:bf:25:5a:,Hidden,-85,2026-04-30 11:02:19
e4:aa:5d:fd:3e:ea:,Hidden,-83,2026-04-30 10:59:03
e4:aa:5d:fd:3e:ea:,Hidden,-83,2026-04-30 10:59:07
e4:aa:5d:fd:3e:ea:,Hidden,-83,2026-04-30 10:59:10
e4:aa:5d:fd:3e:ea:,Hidden,-83,2026-04-30 10:59:12
e4:aa:5d:fd:3e:ea:,Hidden,-83,2026-04-30 10:59:15
e4:aa:5d:fd:3e:ea:,Hidden,-83,2026-04-30 10:59:18
e4:aa:5d:fd:3e:ea:,Hidden,-83,2026-04-30 10:59:21
e4:aa:5d:fd:3e:ea:,Hidden,-83,2026-04-30 10:59:25
e4:aa:5d:fd:3e:ea:,Hidden,-83,2026-04-30 10:59:35
e4:aa:5d:fd:3e:ea:,Hidden,-83,2026-04-30 10:59:37
e4:aa:5d:fd:3e:ea:,Hidden,-83,2026-04-30 10:59:40
e4:aa:5d:fd:3e:ea:,Hidden,-83,2026-04-30 10:59:43
e4:aa:5d:fd:3e:ea:,Hidden,-83,2026-04-30 10:59:46
e4:aa:5d:fd:3e:ea:,Hidden,-83,2026-04-30 10:59:48
e4:aa:5d:fd:3e:ea:,Hidden,-83,2026-04-30 10:59:53
e4:aa:5d:fd:3e:ea:,Hidden,-83,2026-04-30 10:59:56
e4:aa:5d:fd:3e:ea:,Hidden,-83,2026-04-30 10:59:59
e4:aa:5d:fd:3e:ea:,Hidden,-83,2026-04-30 11:00:04
e4:aa:5d:fd:3e:ea:,Hidden,-83,2026-04-30 11:00:07
e4:aa:5d:fd:3e:ea:,Hidden,-83,2026-04-30 11:00:10
e4:aa:5d:fd:3e:ea:,Hidden,-83,2026-04-30 11:00:13
e4:aa:5d:fd:3e:ea:,Hidden,-83,2026-04-30 11:00:16
e4:aa:5d:fd:3e:ea:,Hidden,-83,2026-04-30 11:00:18
e4:aa:5d:fd:3e:ea:,Hidden,-83,2026-04-30 11:00:24
e4:aa:5d:fd:3e:ea:,Hidden,-83,2026-04-30 11:00:27
e4:aa:5d:fd:3e:ea:,Hidden,-83,2026-04-30 11:00:30
e4:aa:5d:fd:3e:ea:,Hidden,-83,2026-04-30 11:00:33
e4:aa:5d:fd:3e:ea:,Hidden,-83,2026-04-30 11:00:38
e4:aa:5d:fd:3e:ea:,Hidden,-83,2026-04-30 11:00:41
e4:aa:5d:fd:3e:ea:,Hidden,-83,2026-04-30 11:00:45
e4:aa:5d:fd:3e:ea:,Hidden,-83,2026-04-30 11:00:51
e4:aa:5d:fd:3e:ea:,Hidden,-83,2026-04-30 11:00:54
e4:aa:5d:fd:3e:ea:,Hidden,-83,2026-04-30 11:00:57
e4:aa:5d:fd:3e:ea:,Hidden,-83,2026-04-30 11:00:59
e4:aa:5d:fd:3e:ea:,Hidden,-83,2026-04-30 11:01:02
e4:aa:5d:fd:3e:ea:,Hidden,-83,2026-04-30 11:01:05
e4:aa:5d:fd:3e:ea:,Hidden,-83,2026-04-30 11:01:12
e4:aa:5d:fd:3e:ea:,Hidden,-83,2026-04-30 11:01:16
e4:aa:5d:fd:3e:ea:,Hidden,-83,2026-04-30 11:01:20
e4:aa:5d:fd:3e:ea:,Hidden,-83,2026-04-30 11:01:22
e4:aa:5d:fd:3e:ea:,Hidden,-83,2026-04-30 11:01:25
e4:aa:5d:fd:3e:ea:,Hidden,-83,2026-04-30 11:01:28
e4:aa:5d:fd:3e:ea:,Hidden,-83,2026-04-30 11:01:31
e4:aa:5d:fd:3e:ea:,Hidden,-83,2026-04-30 11:01:34
e4:aa:5d:fd:3e:ea:,Hidden,-83,2026-04-30 11:01:36
e4:aa:5d:fd:3e:ea:,Hidden,-86,2026-04-30 11:01:39
e4:aa:5d:fd:3e:ea:,Hidden,-86,2026-04-30 11:01:42
e4:aa:5d:fd:3e:ea:,Hidden,-86,2026-04-30 11:01:45
e4:aa:5d:fd:3e:ea:,Hidden,-86,2026-04-30 11:01:48
e4:aa:5d:fd:3e:ea:,Hidden,-86,2026-04-30 11:01:51
e4:aa:5d:fd:3e:ea:,Hidden,-86,2026-04-30 11:01:54
e4:aa:5d:fd:3e:ea:,Hidden,-86,2026-04-30 11:01:56
e4:aa:5d:fd:3e:ea:,Hidden,-86,2026-04-30 11:01:59
e4:aa:5d:fd:3e:ea:,Hidden,-86,2026-04-30 11:02:02
e4:aa:5d:fd:3e:ea:,Hidden,-86,2026-04-30 11:02:05
e4:aa:5d:fd:3e:ea:,Hidden,-86,2026-04-30 11:02:08
e4:aa:5d:fd:3e:ea:,Hidden,-86,2026-04-30 11:02:11
e4:aa:5d:fd:3e:ea:,Hidden,-80,2026-04-30 11:02:16
e4:aa:5d:fd:3e:ea:,Hidden,-80,2026-04-30 11:02:19
e4:aa:5d:bf:25:55:,Hidden,-61,2026-04-30 10:59:03
e4:aa:5d:bf:25:55:,Hidden,-61,2026-04-30 10:59:07
e4:aa:5d:bf:25:55:,Hidden,-61,2026-04-30 10:59:10
e4:aa:5d:bf:25:55:,Hidden,-74,2026-04-30 10:59:12
e4:aa:5d:bf:25:55:,Hidden,-74,2026-04-30 10:59:15
e4:aa:5d:bf:25:55:,Hidden,-74,2026-04-30 10:59:18
e4:aa:5d:bf:25:55:,Hidden,-74,2026-04-30 10:59:21
e4:aa:5d:bf:25:55:,Hidden,-74,2026-04-30 10:59:25
e4:aa:5d:bf:25:55:,Hidden,-74,2026-04-30 10:59:35
e4:aa:5d:bf:25:55:,Hidden,-74,2026-04-30 10:59:37
e4:aa:5d:bf:25:55:,Hidden,-78,2026-04-30 10:59:40
e4:aa:5d:bf:25:55:,Hidden,-78,2026-04-30 10:59:43
e4:aa:5d:bf:25:55:,Hidden,-78,2026-04-30 10:59:46
e4:aa:5d:bf:25:55:,Hidden,-78,2026-04-30 10:59:48
e4:aa:5d:bf:25:55:,Hidden,-78,2026-04-30 10:59:53
e4:aa:5d:bf:25:55:,Hidden,-78,2026-04-30 10:59:56
e4:aa:5d:bf:25:55:,Hidden,-78,2026-04-30 10:59:59
e4:aa:5d:bf:25:55:,Hidden,-78,2026-04-30 11:00:04
e4:aa:5d:bf:25:55:,Hidden,-78,2026-04-30 11:00:07
e4:aa:5d:bf:25:55:,Hidden,-78,2026-04-30 11:00:10
e4:aa:5d:bf:25:55:,Hidden,-78,2026-04-30 11:00:13
e4:aa:5d:bf:25:55:,Hidden,-78,2026-04-30 11:00:16
e4:aa:5d:bf:25:55:,Hidden,-78,2026-04-30 11:00:18
e4:aa:5d:bf:25:55:,Hidden,-78,2026-04-30 11:00:24
e4:aa:5d:bf:25:55:,Hidden,-78,2026-04-30 11:00:27
e4:aa:5d:bf:25:55:,Hidden,-78,2026-04-30 11:00:30
e4:aa:5d:bf:25:55:,Hidden,-78,2026-04-30 11:00:33
e4:aa:5d:bf:25:55:,Hidden,-78,2026-04-30 11:00:38
e4:aa:5d:bf:25:55:,Hidden,-78,2026-04-30 11:00:41
e4:aa:5d:bf:25:55:,Hidden,-78,2026-04-30 11:00:45
e4:aa:5d:bf:25:55:,Hidden,-78,2026-04-30 11:00:51
e4:aa:5d:bf:25:55:,Hidden,-78,2026-04-30 11:00:54
e4:aa:5d:bf:25:55:,Hidden,-78,2026-04-30 11:00:57
e4:aa:5d:bf:25:55:,Hidden,-78,2026-04-30 11:00:59
e4:aa:5d:bf:25:55:,Hidden,-78,2026-04-30 11:01:02
e4:aa:5d:bf:25:55:,Hidden,-82,2026-04-30 11:01:05
e4:aa:5d:bf:25:55:,Hidden,-82,2026-04-30 11:01:12
e4:aa:5d:bf:25:55:,Hidden,-82,2026-04-30 11:01:16
e4:aa:5d:bf:25:55:,Hidden,-82,2026-04-30 11:01:20
e4:aa:5d:bf:25:55:,Hidden,-82,2026-04-30 11:01:22
e4:aa:5d:bf:25:55:,Hidden,-82,2026-04-30 11:01:25
e4:aa:5d:bf:25:55:,Hidden,-82,2026-04-30 11:01:28
e4:aa:5d:bf:25:55:,Hidden,-82,2026-04-30 11:01:31
e4:aa:5d:bf:25:55:,Hidden,-82,2026-04-30 11:01:34
e4:aa:5d:bf:25:55:,Hidden,-84,2026-04-30 11:01:36
e4:aa:5d:bf:25:55:,Hidden,-84,2026-04-30 11:01:39
e4:aa:5d:bf:25:55:,Hidden,-84,2026-04-30 11:01:42
e4:aa:5d:bf:25:55:,Hidden,-84,2026-04-30 11:01:45
e4:aa:5d:bf:25:55:,Hidden,-84,2026-04-30 11:01:48
e4:aa:5d:bf:25:55:,Hidden,-84,2026-04-30 11:01:51
e4:aa:5d:bf:25:55:,Hidden,-84,2026-04-30 11:01:54
e4:aa:5d:bf:25:55:,Hidden,-84,2026-04-30 11:01:56
e4:aa:5d:bf:25:55:,Hidden,-84,2026-04-30 11:01:59
e4:aa:5d:bf:25:55:,Hidden,-84,2026-04-30 11:02:02
e4:aa:5d:bf:25:55:,Hidden,-84,2026-04-30 11:02:05
e4:aa:5d:bf:25:55:,Hidden,-84,2026-04-30 11:02:08
e4:aa:5d:bf:25:55:,Hidden,-84,2026-04-30 11:02:11
e4:aa:5d:bf:25:55:,Hidden,-84,2026-04-30 11:02:16
e4:aa:5d:bf:25:55:,Hidden,-80,2026-04-30 11:02:19
4a:8c:fc:d2:ff:3c:,Wii,-80,2026-04-30 10:59:03
4a:8c:fc:d2:ff:3c:,Wii,-78,2026-04-30 10:59:07
4a:8c:fc:d2:ff:3c:,Wii,-78,2026-04-30 10:59:10
4a:8c:fc:d2:ff:3c:,Wii,-77,2026-04-30 10:59:12
4a:8c:fc:d2:ff:3c:,Wii,-63,2026-04-30 10:59:15
4a:8c:fc:d2:ff:3c:,Wii,-63,2026-04-30 10:59:18
4a:8c:fc:d2:ff:3c:,Wii,-75,2026-04-30 10:59:21
4a:8c:fc:d2:ff:3c:,Wii,-68,2026-04-30 10:59:25
4a:8c:fc:d2:ff:3c:,Wii,-69,2026-04-30 10:59:35
4a:8c:fc:d2:ff:3c:,Wii,-74,2026-04-30 10:59:37
4a:8c:fc:d2:ff:3c:,Wii,-74,2026-04-30 10:59:40
4a:8c:fc:d2:ff:3c:,Wii,-71,2026-04-30 10:59:43
4a:8c:fc:d2:ff:3c:,Wii,-53,2026-04-30 10:59:46
4a:8c:fc:d2:ff:3c:,Wii,-53,2026-04-30 10:59:48
4a:8c:fc:d2:ff:3c:,Wii,-71,2026-04-30 10:59:53
4a:8c:fc:d2:ff:3c:,Wii,-71,2026-04-30 10:59:56
4a:8c:fc:d2:ff:3c:,Wii,-76,2026-04-30 10:59:59
4a:8c:fc:d2:ff:3c:,Wii,-81,2026-04-30 11:00:04
4a:8c:fc:d2:ff:3c:,Wii,-81,2026-04-30 11:00:07
4a:8c:fc:d2:ff:3c:,Wii,-65,2026-04-30 11:00:10
4a:8c:fc:d2:ff:3c:,Wii,-65,2026-04-30 11:00:13
4a:8c:fc:d2:ff:3c:,Wii,-76,2026-04-30 11:00:16
4a:8c:fc:d2:ff:3c:,Wii,-64,2026-04-30 11:00:18
4a:8c:fc:d2:ff:3c:,Wii,-75,2026-04-30 11:00:24
4a:8c:fc:d2:ff:3c:,Wii,-75,2026-04-30 11:00:27
4a:8c:fc:d2:ff:3c:,Wii,-66,2026-04-30 11:00:30
4a:8c:fc:d2:ff:3c:,Wii,-83,2026-04-30 11:00:33
4a:8c:fc:d2:ff:3c:,Wii,-63,2026-04-30 11:00:38
4a:8c:fc:d2:ff:3c:,Wii,-63,2026-04-30 11:00:41
4a:8c:fc:d2:ff:3c:,Wii,-74,2026-04-30 11:00:45
4a:8c:fc:d2:ff:3c:,Wii,-80,2026-04-30 11:00:51
4a:8c:fc:d2:ff:3c:,Wii,-83,2026-04-30 11:00:54
4a:8c:fc:d2:ff:3c:,Wii,-83,2026-04-30 11:00:57
4a:8c:fc:d2:ff:3c:,Wii,-81,2026-04-30 11:00:59
4a:8c:fc:d2:ff:3c:,Wii,-81,2026-04-30 11:01:02
4a:8c:fc:d2:ff:3c:,Wii,-74,2026-04-30 11:01:05
4a:8c:fc:d2:ff:3c:,Wii,-79,2026-04-30 11:01:12
4a:8c:fc:d2:ff:3c:,Wii,-79,2026-04-30 11:01:16
4a:8c:fc:d2:ff:3c:,Wii,-79,2026-04-30 11:01:20
4a:8c:fc:d2:ff:3c:,Wii,-70,2026-04-30 11:01:22
4a:8c:fc:d2:ff:3c:,Wii,-70,2026-04-30 11:01:25
4a:8c:fc:d2:ff:3c:,Wii,-70,2026-04-30 11:01:28
4a:8c:fc:d2:ff:3c:,Wii,-79,2026-04-30 11:01:31
4a:8c:fc:d2:ff:3c:,Wii,-77,2026-04-30 11:01:34
4a:8c:fc:d2:ff:3c:,Wii,-77,2026-04-30 11:01:36
4a:8c:fc:d2:ff:3c:,Wii,-79,2026-04-30 11:01:39
4a:8c:fc:d2:ff:3c:,Wii,-76,2026-04-30 11:01:42
4a:8c:fc:d2:ff:3c:,Wii,-76,2026-04-30 11:01:45
4a:8c:fc:d2:ff:3c:,Wii,-76,2026-04-30 11:01:48
4a:8c:fc:d2:ff:3c:,Wii,-76,2026-04-30 11:01:51
4a:8c:fc:d2:ff:3c:,Wii,-85,2026-04-30 11:01:54
4a:8c:fc:d2:ff:3c:,Wii,-78,2026-04-30 11:01:56
4a:8c:fc:d2:ff:3c:,Wii,-78,2026-04-30 11:01:59
4a:8c:fc:d2:ff:3c:,Wii,-70,2026-04-30 11:02:02
4a:8c:fc:d2:ff:3c:,Wii,-81,2026-04-30 11:02:05
4a:8c:fc:d2:ff:3c:,Wii,-81,2026-04-30 11:02:08
4a:8c:fc:d2:ff:3c:,Wii,-77,2026-04-30 11:02:11
4a:8c:fc:d2:ff:3c:,Wii,-77,2026-04-30 11:02:16
4a:8c:fc:d2:ff:3c:,Wii,-77,2026-04-30 11:02:19
e2:d3:4e:bd:70:25:,Xperia_4719,-87,2026-04-30 10:59:03
e2:d3:4e:bd:70:25:,Xperia_4719,-84,2026-04-30 10:59:07
e2:d3:4e:bd:70:25:,Xperia_4719,-84,2026-04-30 10:59:10
e2:d3:4e:bd:70:25:,Xperia_4719,-87,2026-04-30 10:59:12
e2:d3:4e:bd:70:25:,Xperia_4719,-83,2026-04-30 10:59:15
e2:d3:4e:bd:70:25:,Xperia_4719,-83,2026-04-30 10:59:18
e2:d3:4e:bd:70:25:,Xperia_4719,-83,2026-04-30 10:59:21
e2:d3:4e:bd:70:25:,Xperia_4719,-86,2026-04-30 10:59:25
e2:d3:4e:bd:70:25:,Xperia_4719,-86,2026-04-30 10:59:35
e2:d3:4e:bd:70:25:,Xperia_4719,-84,2026-04-30 10:59:37
e2:d3:4e:bd:70:25:,Xperia_4719,-84,2026-04-30 10:59:40
e2:d3:4e:bd:70:25:,Xperia_4719,-88,2026-04-30 10:59:43
e2:d3:4e:bd:70:25:,Xperia_4719,-85,2026-04-30 10:59:46
e2:d3:4e:bd:70:25:,Xperia_4719,-85,2026-04-30 10:59:48
e2:d3:4e:bd:70:25:,Xperia_4719,-85,2026-04-30 10:59:53
e2:d3:4e:bd:70:25:,Xperia_4719,-85,2026-04-30 10:59:56
e2:d3:4e:bd:70:25:,Xperia_4719,-80,2026-04-30 10:59:59
e2:d3:4e:bd:70:25:,Xperia_4719,-80,2026-04-30 11:00:04
e2:d3:4e:bd:70:25:,Xperia_4719,-80,2026-04-30 11:00:07
e2:d3:4e:bd:70:25:,Xperia_4719,-78,2026-04-30 11:00:10
e2:d3:4e:bd:70:25:,Xperia_4719,-78,2026-04-30 11:00:13
e2:d3:4e:bd:70:25:,Xperia_4719,-81,2026-04-30 11:00:16
e2:d3:4e:bd:70:25:,Xperia_4719,-85,2026-04-30 11:00:18
e2:d3:4e:bd:70:25:,Xperia_4719,-89,2026-04-30 11:00:24
e2:d3:4e:bd:70:25:,Xperia_4719,-89,2026-04-30 11:00:27
e2:d3:4e:bd:70:25:,Xperia_4719,-83,2026-04-30 11:00:30
e2:d3:4e:bd:70:25:,Xperia_4719,-80,2026-04-30 11:00:33
e2:d3:4e:bd:70:25:,Xperia_4719,-84,2026-04-30 11:00:38
e2:d3:4e:bd:70:25:,Xperia_4719,-84,2026-04-30 11:00:41
e2:d3:4e:bd:70:25:,Xperia_4719,-84,2026-04-30 11:00:45
e2:d3:4e:bd:70:25:,Xperia_4719,-77,2026-04-30 11:00:51
e2:d3:4e:bd:70:25:,Xperia_4719,-77,2026-04-30 11:00:54
e2:d3:4e:bd:70:25:,Xperia_4719,-77,2026-04-30 11:00:57
e2:d3:4e:bd:70:25:,Xperia_4719,-77,2026-04-30 11:00:59
e2:d3:4e:bd:70:25:,Xperia_4719,-77,2026-04-30 11:01:02
e2:d3:4e:bd:70:25:,Xperia_4719,-77,2026-04-30 11:01:05
e2:d3:4e:bd:70:25:,Xperia_4719,-81,2026-04-30 11:01:12
e2:d3:4e:bd:70:25:,Xperia_4719,-81,2026-04-30 11:01:16
e2:d3:4e:bd:70:25:,Xperia_4719,-81,2026-04-30 11:01:20
e2:d3:4e:bd:70:25:,Xperia_4719,-76,2026-04-30 11:01:22
e2:d3:4e:bd:70:25:,Xperia_4719,-76,2026-04-30 11:01:25
e2:d3:4e:bd:70:25:,Xperia_4719,-76,2026-04-30 11:01:28
e2:d3:4e:bd:70:25:,Xperia_4719,-92,2026-04-30 11:01:31
e2:d3:4e:bd:70:25:,Xperia_4719,-92,2026-04-30 11:01:34
e2:d3:4e:bd:70:25:,Xperia_4719,-92,2026-04-30 11:01:36
e2:d3:4e:bd:70:25:,Xperia_4719,-78,2026-04-30 11:01:39
e2:d3:4e:bd:70:25:,Xperia_4719,-82,2026-04-30 11:01:42
e2:d3:4e:bd:70:25:,Xperia_4719,-82,2026-04-30 11:01:45
e2:d3:4e:bd:70:25:,Xperia_4719,-82,2026-04-30 11:01:48
e2:d3:4e:bd:70:25:,Xperia_4719,-82,2026-04-30 11:01:51
e2:d3:4e:bd:70:25:,Xperia_4719,-82,2026-04-30 11:01:54
e2:d3:4e:bd:70:25:,Xperia_4719,-76,2026-04-30 11:01:56
e2:d3:4e:bd:70:25:,Xperia_4719,-76,2026-04-30 11:01:59
e2:d3:4e:bd:70:25:,Xperia_4719,-76,2026-04-30 11:02:02
e2:d3:4e:bd:70:25:,Xperia_4719,-84,2026-04-30 11:02:05
e2:d3:4e:bd:70:25:,Xperia_4719,-84,2026-04-30 11:02:08
e2:d3:4e:bd:70:25:,Xperia_4719,-84,2026-04-30 11:02:11
e2:d3:4e:bd:70:25:,Xperia_4719,-81,2026-04-30 11:02:16
e2:d3:4e:bd:70:25:,Xperia_4719,-81,2026-04-30 11:02:19
c2:73:1c:fa:fb:35:,Redmi Note 14,-79,2026-04-30 10:59:03
c2:73:1c:fa:fb:35:,Redmi Note 14,-65,2026-04-30 10:59:07
c2:73:1c:fa:fb:35:,Redmi Note 14,-65,2026-04-30 10:59:10
c2:73:1c:fa:fb:35:,Redmi Note 14,-77,2026-04-30 10:59:12
c2:73:1c:fa:fb:35:,Redmi Note 14,-73,2026-04-30 10:59:15
c2:73:1c:fa:fb:35:,Redmi Note 14,-73,2026-04-30 10:59:18
c2:73:1c:fa:fb:35:,Redmi Note 14,-76,2026-04-30 10:59:21
c2:73:1c:fa:fb:35:,Redmi Note 14,-70,2026-04-30 10:59:25
c2:73:1c:fa:fb:35:,Redmi Note 14,-75,2026-04-30 10:59:35
c2:73:1c:fa:fb:35:,Redmi Note 14,-69,2026-04-30 10:59:37
c2:73:1c:fa:fb:35:,Redmi Note 14,-69,2026-04-30 10:59:40
c2:73:1c:fa:fb:35:,Redmi Note 14,-78,2026-04-30 10:59:43
c2:73:1c:fa:fb:35:,Redmi Note 14,-72,2026-04-30 10:59:46
c2:73:1c:fa:fb:35:,Redmi Note 14,-72,2026-04-30 10:59:48
c2:73:1c:fa:fb:35:,Redmi Note 14,-72,2026-04-30 10:59:53
c2:73:1c:fa:fb:35:,Redmi Note 14,-72,2026-04-30 10:59:56
c2:73:1c:fa:fb:35:,Redmi Note 14,-72,2026-04-30 10:59:59
c2:73:1c:fa:fb:35:,Redmi Note 14,-77,2026-04-30 11:00:04
c2:73:1c:fa:fb:35:,Redmi Note 14,-77,2026-04-30 11:00:07
c2:73:1c:fa:fb:35:,Redmi Note 14,-71,2026-04-30 11:00:10
c2:73:1c:fa:fb:35:,Redmi Note 14,-71,2026-04-30 11:00:13
c2:73:1c:fa:fb:35:,Redmi Note 14,-71,2026-04-30 11:00:16
c2:73:1c:fa:fb:35:,Redmi Note 14,-71,2026-04-30 11:00:18
c2:73:1c:fa:fb:35:,Redmi Note 14,-73,2026-04-30 11:00:24
c2:73:1c:fa:fb:35:,Redmi Note 14,-73,2026-04-30 11:00:27
c2:73:1c:fa:fb:35:,Redmi Note 14,-69,2026-04-30 11:00:30
c2:73:1c:fa:fb:35:,Redmi Note 14,-75,2026-04-30 11:00:33
c2:73:1c:fa:fb:35:,Redmi Note 14,-76,2026-04-30 11:00:38
c2:73:1c:fa:fb:35:,Redmi Note 14,-76,2026-04-30 11:00:41
c2:73:1c:fa:fb:35:,Redmi Note 14,-79,2026-04-30 11:00:45
c2:73:1c:fa:fb:35:,Redmi Note 14,-86,2026-04-30 11:00:51
c2:73:1c:fa:fb:35:,Redmi Note 14,-77,2026-04-30 11:00:54
c2:73:1c:fa:fb:35:,Redmi Note 14,-77,2026-04-30 11:00:57
c2:73:1c:fa:fb:35:,Redmi Note 14,-79,2026-04-30 11:00:59
c2:73:1c:fa:fb:35:,Redmi Note 14,-79,2026-04-30 11:01:02
c2:73:1c:fa:fb:35:,Redmi Note 14,-79,2026-04-30 11:01:05
c2:73:1c:fa:fb:35:,Redmi Note 14,-82,2026-04-30 11:01:12
c2:73:1c:fa:fb:35:,Redmi Note 14,-76,2026-04-30 11:01:16
c2:73:1c:fa:fb:35:,Redmi Note 14,-76,2026-04-30 11:01:20
c2:73:1c:fa:fb:35:,Redmi Note 14,-76,2026-04-30 11:01:22
c2:73:1c:fa:fb:35:,Redmi Note 14,-75,2026-04-30 11:01:25
c2:73:1c:fa:fb:35:,Redmi Note 14,-75,2026-04-30 11:01:28
c2:73:1c:fa:fb:35:,Redmi Note 14,-80,2026-04-30 11:01:31
c2:73:1c:fa:fb:35:,Redmi Note 14,-75,2026-04-30 11:01:34
c2:73:1c:fa:fb:35:,Redmi Note 14,-75,2026-04-30 11:01:36
c2:73:1c:fa:fb:35:,Redmi Note 14,-77,2026-04-30 11:01:39
c2:73:1c:fa:fb:35:,Redmi Note 14,-80,2026-04-30 11:01:42
c2:73:1c:fa:fb:35:,Redmi Note 14,-80,2026-04-30 11:01:45
c2:73:1c:fa:fb:35:,Redmi Note 14,-81,2026-04-30 11:01:48
c2:73:1c:fa:fb:35:,Redmi Note 14,-81,2026-04-30 11:01:51
c2:73:1c:fa:fb:35:,Redmi Note 14,-84,2026-04-30 11:01:54
c2:73:1c:fa:fb:35:,Redmi Note 14,-68,2026-04-30 11:01:56
c2:73:1c:fa:fb:35:,Redmi Note 14,-68,2026-04-30 11:01:59
c2:73:1c:fa:fb:35:,Redmi Note 14,-79,2026-04-30 11:02:02
c2:73:1c:fa:fb:35:,Redmi Note 14,-69,2026-04-30 11:02:05
c2:73:1c:fa:fb:35:,Redmi Note 14,-69,2026-04-30 11:02:08
c2:73:1c:fa:fb:35:,Redmi Note 14,-79,2026-04-30 11:02:11
c2:73:1c:fa:fb:35:,Redmi Note 14,-77,2026-04-30 11:02:16
c2:73:1c:fa:fb:35:,Redmi Note 14,-77,2026-04-30 11:02:19
f8:6b:d9:01:8e:ed:,eduroam,-84,2026-04-30 10:59:10
f8:6b:d9:01:8e:ed:,eduroam,-84,2026-04-30 10:59:12
f8:6b:d9:01:8e:ed:,eduroam,-84,2026-04-30 10:59:15
f8:6b:d9:01:8e:ed:,eduroam,-84,2026-04-30 10:59:18
f8:6b:d9:01:8e:ed:,eduroam,-84,2026-04-30 10:59:21
f8:6b:d9:01:8e:ed:,eduroam,-84,2026-04-30 10:59:25
f8:6b:d9:01:8e:ed:,eduroam,-84,2026-04-30 10:59:35
f8:6b:d9:01:8e:ed:,eduroam,-84,2026-04-30 10:59:37
f8:6b:d9:01:8e:ed:,eduroam,-84,2026-04-30 10:59:40
f8:6b:d9:01:8e:ed:,eduroam,-84,2026-04-30 10:59:43
f8:6b:d9:01:8e:ed:,eduroam,-84,2026-04-30 10:59:46
f8:6b:d9:01:8e:ed:,eduroam,-84,2026-04-30 10:59:48
f8:6b:d9:01:8e:ed:,eduroam,-84,2026-04-30 10:59:53
f8:6b:d9:01:8e:ed:,eduroam,-84,2026-04-30 10:59:56
f8:6b:d9:01:8e:ed:,eduroam,-84,2026-04-30 10:59:59
f8:6b:d9:01:8e:ed:,eduroam,-84,2026-04-30 11:00:04
f8:6b:d9:01:8e:ed:,eduroam,-84,2026-04-30 11:00:07
f8:6b:d9:01:8e:ed:,eduroam,-84,2026-04-30 11:00:10
f8:6b:d9:01:8e:ed:,eduroam,-84,2026-04-30 11:00:13
f8:6b:d9:01:8e:ed:,eduroam,-82,2026-04-30 11:00:16
f8:6b:d9:01:8e:ed:,eduroam,-82,2026-04-30 11:00:18
f8:6b:d9:01:8e:ed:,eduroam,-82,2026-04-30 11:00:24
f8:6b:d9:01:8e:ed:,eduroam,-82,2026-04-30 11:00:27
f8:6b:d9:01:8e:ed:,eduroam,-82,2026-04-30 11:00:30
f8:6b:d9:01:8e:ed:,eduroam,-82,2026-04-30 11:00:33
f8:6b:d9:01:8e:ed:,eduroam,-82,2026-04-30 11:00:38
f8:6b:d9:01:8e:ed:,eduroam,-82,2026-04-30 11:00:41
f8:6b:d9:01:8e:ed:,eduroam,-82,2026-04-30 11:00:45
f8:6b:d9:01:8e:ed:,eduroam,-82,2026-04-30 11:00:51
f8:6b:d9:01:8e:ed:,eduroam,-82,2026-04-30 11:00:54
f8:6b:d9:01:8e:ed:,eduroam,-82,2026-04-30 11:00:57
f8:6b:d9:01:8e:ed:,eduroam,-82,2026-04-30 11:00:59
f8:6b:d9:01:8e:ed:,eduroam,-82,2026-04-30 11:01:02
f8:6b:d9:01:8e:ed:,eduroam,-82,2026-04-30 11:01:05
f8:6b:d9:01:8e:ed:,eduroam,-82,2026-04-30 11:01:12
f8:6b:d9:01:8e:ed:,eduroam,-82,2026-04-30 11:01:16
f8:6b:d9:01:8e:ed:,eduroam,-82,2026-04-30 11:01:20
f8:6b:d9:01:8e:ed:,eduroam,-82,2026-04-30 11:01:22
f8:6b:d9:01:8e:ed:,eduroam,-82,2026-04-30 11:01:25
f8:6b:d9:01:8e:ed:,eduroam,-82,2026-04-30 11:01:28
f8:6b:d9:01:8e:ed:,eduroam,-82,2026-04-30 11:01:31
f8:6b:d9:01:8e:ed:,eduroam,-82,2026-04-30 11:01:34
f8:6b:d9:01:8e:ed:,eduroam,-82,2026-04-30 11:01:36
f8:6b:d9:01:8e:ed:,eduroam,-82,2026-04-30 11:01:39
f8:6b:d9:01:8e:ed:,eduroam,-82,2026-04-30 11:01:42
f8:6b:d9:01:8e:ed:,eduroam,-82,2026-04-30 11:01:45
f8:6b:d9:01:8e:ed:,eduroam,-82,2026-04-30 11:01:48
f8:6b:d9:01:8e:ed:,eduroam,-82,2026-04-30 11:01:51
f8:6b:d9:01:8e:ed:,eduroam,-82,2026-04-30 11:01:54
f8:6b:d9:01:8e:ed:,eduroam,-82,2026-04-30 11:01:56
f8:6b:d9:01:8e:ed:,eduroam,-82,2026-04-30 11:01:59
f8:6b:d9:01:8e:ed:,eduroam,-82,2026-04-30 11:02:02
f8:6b:d9:01:8e:ed:,eduroam,-82,2026-04-30 11:02:05
f8:6b:d9:01:8e:ed:,eduroam,-82,2026-04-30 11:02:08
f8:6b:d9:01:8e:ed:,eduroam,-82,2026-04-30 11:02:11
f8:6b:d9:01:8e:ee:,UTT,-84,2026-04-30 10:59:10
f8:6b:d9:01:8e:ee:,UTT,-84,2026-04-30 10:59:12
f8:6b:d9:01:8e:ee:,UTT,-84,2026-04-30 10:59:15
f8:6b:d9:01:8e:ee:,UTT,-84,2026-04-30 10:59:18
f8:6b:d9:01:8e:ee:,UTT,-84,2026-04-30 10:59:21
f8:6b:d9:01:8e:ee:,UTT,-84,2026-04-30 10:59:25
f8:6b:d9:01:8e:ee:,UTT,-84,2026-04-30 10:59:35
f8:6b:d9:01:8e:ee:,UTT,-84,2026-04-30 10:59:37
f8:6b:d9:01:8e:ee:,UTT,-84,2026-04-30 10:59:40
f8:6b:d9:01:8e:ee:,UTT,-84,2026-04-30 10:59:43
f8:6b:d9:01:8e:ee:,UTT,-84,2026-04-30 10:59:46
f8:6b:d9:01:8e:ee:,UTT,-84,2026-04-30 10:59:48
f8:6b:d9:01:8e:ee:,UTT,-84,2026-04-30 10:59:53
f8:6b:d9:01:8e:ee:,UTT,-84,2026-04-30 10:59:56
f8:6b:d9:01:8e:ee:,UTT,-84,2026-04-30 10:59:59
f8:6b:d9:01:8e:ee:,UTT,-84,2026-04-30 11:00:04
f8:6b:d9:01:8e:ee:,UTT,-84,2026-04-30 11:00:07
f8:6b:d9:01:8e:ee:,UTT,-84,2026-04-30 11:00:10
f8:6b:d9:01:8e:ee:,UTT,-84,2026-04-30 11:00:13
f8:6b:d9:01:8e:ee:,UTT,-83,2026-04-30 11:00:16
f8:6b:d9:01:8e:ee:,UTT,-83,2026-04-30 11:00:18
f8:6b:d9:01:8e:ee:,UTT,-83,2026-04-30 11:00:24
f8:6b:d9:01:8e:ee:,UTT,-83,2026-04-30 11:00:27
f8:6b:d9:01:8e:ee:,UTT,-83,2026-04-30 11:00:30
f8:6b:d9:01:8e:ee:,UTT,-83,2026-04-30 11:00:33
f8:6b:d9:01:8e:ee:,UTT,-83,2026-04-30 11:00:38
f8:6b:d9:01:8e:ee:,UTT,-83,2026-04-30 11:00:41
f8:6b:d9:01:8e:ee:,UTT,-83,2026-04-30 11:00:45
f8:6b:d9:01:8e:ee:,UTT,-83,2026-04-30 11:00:51
f8:6b:d9:01:8e:ee:,UTT,-83,2026-04-30 11:00:54
f8:6b:d9:01:8e:ee:,UTT,-83,2026-04-30 11:00:57
f8:6b:d9:01:8e:ee:,UTT,-83,2026-04-30 11:00:59
f8:6b:d9:01:8e:ee:,UTT,-83,2026-04-30 11:01:02
f8:6b:d9:01:8e:ee:,UTT,-83,2026-04-30 11:01:05
f8:6b:d9:01:8e:ee:,UTT,-83,2026-04-30 11:01:12
f8:6b:d9:01:8e:ee:,UTT,-83,2026-04-30 11:01:16
f8:6b:d9:01:8e:ee:,UTT,-83,2026-04-30 11:01:20
f8:6b:d9:01:8e:ee:,UTT,-83,2026-04-30 11:01:22
f8:6b:d9:01:8e:ee:,UTT,-83,2026-04-30 11:01:25
f8:6b:d9:01:8e:ee:,UTT,-83,2026-04-30 11:01:28
f8:6b:d9:01:8e:ee:,UTT,-83,2026-04-30 11:01:31
f8:6b:d9:01:8e:ee:,UTT,-83,2026-04-30 11:01:34
f8:6b:d9:01:8e:ee:,UTT,-83,2026-04-30 11:01:36
f8:6b:d9:01:8e:ee:,UTT,-83,2026-04-30 11:01:39
f8:6b:d9:01:8e:ee:,UTT,-83,2026-04-30 11:01:42
f8:6b:d9:01:8e:ee:,UTT,-83,2026-04-30 11:01:45
f8:6b:d9:01:8e:ee:,UTT,-83,2026-04-30 11:01:48
f8:6b:d9:01:8e:ee:,UTT,-83,2026-04-30 11:01:51
f8:6b:d9:01:8e:ee:,UTT,-83,2026-04-30 11:01:54
f8:6b:d9:01:8e:ee:,UTT,-83,2026-04-30 11:01:56
f8:6b:d9:01:8e:ee:,UTT,-83,2026-04-30 11:01:59
f8:6b:d9:01:8e:ee:,UTT,-83,2026-04-30 11:02:02
f8:6b:d9:01:8e:ee:,UTT,-83,2026-04-30 11:02:05
f8:6b:d9:01:8e:ee:,UTT,-83,2026-04-30 11:02:08
f8:6b:d9:01:8e:ee:,UTT,-83,2026-04-30 11:02:11
f8:6b:d9:95:d8:85:,Hidden,-49,2026-04-30 10:59:15
f8:6b:d9:95:d8:85:,Hidden,-49,2026-04-30 10:59:18
f8:6b:d9:95:d8:85:,Hidden,-49,2026-04-30 10:59:21
f8:6b:d9:95:d8:85:,Hidden,-49,2026-04-30 10:59:25
f8:6b:d9:95:d8:85:,Hidden,-49,2026-04-30 10:59:35
f8:6b:d9:95:d8:85:,Hidden,-49,2026-04-30 10:59:37
f8:6b:d9:95:d8:85:,Hidden,-49,2026-04-30 10:59:40
f8:6b:d9:95:d8:85:,Hidden,-49,2026-04-30 10:59:43
f8:6b:d9:95:d8:85:,Hidden,-49,2026-04-30 10:59:46
f8:6b:d9:95:d8:85:,Hidden,-49,2026-04-30 10:59:48
f8:6b:d9:95:d8:85:,Hidden,-49,2026-04-30 10:59:53
f8:6b:d9:95:d8:85:,Hidden,-49,2026-04-30 10:59:56
f8:6b:d9:95:d8:85:,Hidden,-49,2026-04-30 10:59:59
f8:6b:d9:95:d8:85:,Hidden,-48,2026-04-30 11:00:04
f8:6b:d9:95:d8:85:,Hidden,-48,2026-04-30 11:00:07
f8:6b:d9:95:d8:85:,Hidden,-48,2026-04-30 11:00:10
f8:6b:d9:95:d8:85:,Hidden,-48,2026-04-30 11:00:13
f8:6b:d9:95:d8:85:,Hidden,-48,2026-04-30 11:00:16
f8:6b:d9:95:d8:85:,Hidden,-48,2026-04-30 11:00:18
f8:6b:d9:95:d8:85:,Hidden,-48,2026-04-30 11:00:24
f8:6b:d9:95:d8:85:,Hidden,-48,2026-04-30 11:00:27
f8:6b:d9:95:d8:85:,Hidden,-48,2026-04-30 11:00:30
f8:6b:d9:95:d8:85:,Hidden,-43,2026-04-30 11:00:33
f8:6b:d9:95:d8:85:,Hidden,-43,2026-04-30 11:00:38
f8:6b:d9:95:d8:85:,Hidden,-43,2026-04-30 11:00:41
f8:6b:d9:95:d8:85:,Hidden,-43,2026-04-30 11:00:45
f8:6b:d9:95:d8:85:,Hidden,-43,2026-04-30 11:00:51
f8:6b:d9:95:d8:85:,Hidden,-43,2026-04-30 11:00:54
f8:6b:d9:95:d8:85:,Hidden,-43,2026-04-30 11:00:57
f8:6b:d9:95:d8:85:,Hidden,-43,2026-04-30 11:00:59
f8:6b:d9:95:d8:85:,Hidden,-43,2026-04-30 11:01:02
f8:6b:d9:95:d8:85:,Hidden,-43,2026-04-30 11:01:05
f8:6b:d9:95:d8:85:,Hidden,-43,2026-04-30 11:01:12
f8:6b:d9:95:d8:85:,Hidden,-43,2026-04-30 11:01:16
f8:6b:d9:95:d8:85:,Hidden,-43,2026-04-30 11:01:20
f8:6b:d9:95:d8:85:,Hidden,-49,2026-04-30 11:01:22
f8:6b:d9:95:d8:85:,Hidden,-49,2026-04-30 11:01:25
f8:6b:d9:95:d8:85:,Hidden,-49,2026-04-30 11:01:28
f8:6b:d9:95:d8:85:,Hidden,-49,2026-04-30 11:01:31
f8:6b:d9:95:d8:85:,Hidden,-49,2026-04-30 11:01:34
f8:6b:d9:95:d8:85:,Hidden,-49,2026-04-30 11:01:36
f8:6b:d9:95:d8:85:,Hidden,-49,2026-04-30 11:01:39
f8:6b:d9:95:d8:85:,Hidden,-49,2026-04-30 11:01:42
f8:6b:d9:95:d8:85:,Hidden,-49,2026-04-30 11:01:45
f8:6b:d9:95:d8:85:,Hidden,-53,2026-04-30 11:01:48
f8:6b:d9:95:d8:85:,Hidden,-53,2026-04-30 11:01:51
f8:6b:d9:95:d8:85:,Hidden,-53,2026-04-30 11:01:54
f8:6b:d9:95:d8:85:,Hidden,-53,2026-04-30 11:01:56
f8:6b:d9:95:d8:85:,Hidden,-53,2026-04-30 11:01:59
f8:6b:d9:95:d8:85:,Hidden,-53,2026-04-30 11:02:02
f8:6b:d9:95:d8:85:,Hidden,-53,2026-04-30 11:02:05
f8:6b:d9:95:d8:85:,Hidden,-53,2026-04-30 11:02:08
f8:6b:d9:95:d8:85:,Hidden,-53,2026-04-30 11:02:11
f8:6b:d9:95:d8:85:,Hidden,-53,2026-04-30 11:02:16
f8:6b:d9:95:d8:85:,Hidden,-53,2026-04-30 11:02:19
