BSSID,SSID,RSSI(dBm),Time
e4:aa:5d:bf:25:57:,UTTetudiants,-86,2026-04-30 11:03:51
e4:aa:5d:bf:25:57:,UTTetudiants,-81,2026-04-30 11:03:51
e4:aa:5d:bf:25:57:,UTTetudiants,-86,2026-04-30 11:03:51
e4:aa:5d:bf:25:57:,UTTetudiants,-86,2026-04-30 11:03:54
e4:aa:5d:bf:25:57:,UTTetudiants,-81,2026-04-30 11:03:54
e4:aa:5d:bf:25:57:,UTTetudiants,-86,2026-04-30 11:03:54
e4:aa:5d:bf:25:57:,UTTetudiants,-86,2026-04-30 11:03:57
e4:aa:5d:bf:25:57:,UTTetudiants,-81,2026-04-30 11:03:57
e4:aa:5d:bf:25:57:,UTTetudiants,-86,2026-04-30 11:03:57
e4:aa:5d:bf:25:57:,UTTetudiants,-86,2026-04-30 11:04:00
e4:aa:5d:bf:25:57:,UTTetudiants,-87,2026-04-30 11:04:00
e4:aa:5d:bf:25:57:,UTTetudiants,-86,2026-04-30 11:04:00
e4:aa:5d:bf:25:57:,UTTetudiants,-86,2026-04-30 11:04:02
e4:aa:5d:bf:25:57:,UTTetudiants,-87,2026-04-30 11:04:02
e4:aa:5d:bf:25:57:,UTTetudiants,-86,2026-04-30 11:04:02
e4:aa:5d:bf:25:57:,UTTetudiants,-86,2026-04-30 11:04:05
e4:aa:5d:bf:25:57:,UTTetudiants,-87,2026-04-30 11:04:05
e4:aa:5d:bf:25:57:,UTTetudiants,-86,2026-04-30 11:04:05
e4:aa:5d:bf:25:57:,UTTetudiants,-86,2026-04-30 11:04:08
e4:aa:5d:bf:25:57:,UTTetudiants,-87,2026-04-30 11:04:08
e4:aa:5d:bf:25:57:,UTTetudiants,-86,2026-04-30 11:04:08
e4:aa:5d:bf:25:57:,UTTetudiants,-86,2026-04-30 11:04:11
e4:aa:5d:bf:25:57:,UTTetudiants,-87,2026-04-30 11:04:11
e4:aa:5d:bf:25:57:,UTTetudiants,-86,2026-04-30 11:04:11
e4:aa:5d:bf:25:57:,UTTetudiants,-86,2026-04-30 11:04:14
e4:aa:5d:bf:25:57:,UTTetudiants,-87,2026-04-30 11:04:14
e4:aa:5d:bf:25:57:,UTTetudiants,-86,2026-04-30 11:04:14
e4:aa:5d:bf:25:57:,UTTetudiants,-87,2026-04-30 11:04:18
e4:aa:5d:bf:25:57:,UTTetudiants,-87,2026-04-30 11:04:18
e4:aa:5d:bf:25:57:,UTTetudiants,-87,2026-04-30 11:04:18
e4:aa:5d:bf:25:57:,UTTetudiants,-87,2026-04-30 11:04:21
e4:aa:5d:bf:25:57:,UTTetudiants,-87,2026-04-30 11:04:21
e4:aa:5d:bf:25:57:,UTTetudiants,-87,2026-04-30 11:04:21
e4:aa:5d:bf:25:57:,UTTetudiants,-86,2026-04-30 11:04:24
e4:aa:5d:bf:25:57:,UTTetudiants,-87,2026-04-30 11:04:24
e4:aa:5d:bf:25:57:,UTTetudiants,-86,2026-04-30 11:04:24
e4:aa:5d:bf:25:57:,UTTetudiants,-86,2026-04-30 11:04:27
e4:aa:5d:bf:25:57:,UTTetudiants,-87,2026-04-30 11:04:27
e4:aa:5d:bf:25:57:,UTTetudiants,-86,2026-04-30 11:04:27
e4:aa:5d:bf:25:57:,UTTetudiants,-86,2026-04-30 11:04:29
e4:aa:5d:bf:25:57:,UTTetudiants,-87,2026-04-30 11:04:29
e4:aa:5d:bf:25:57:,UTTetudiants,-86,2026-04-30 11:04:29
e4:aa:5d:bf:25:57:,UTTetudiants,-86,2026-04-30 11:04:32
e4:aa:5d:bf:25:57:,UTTetudiants,-87,2026-04-30 11:04:32
e4:aa:5d:bf:25:57:,UTTetudiants,-86,2026-04-30 11:04:32
e4:aa:5d:bf:25:57:,UTTetudiants,-86,2026-04-30 11:04:36
e4:aa:5d:bf:25:57:,UTTetudiants,-87,2026-04-30 11:04:36
e4:aa:5d:bf:25:57:,UTTetudiants,-86,2026-04-30 11:04:36
e4:aa:5d:bf:25:57:,UTTetudiants,-86,2026-04-30 11:04:43
e4:aa:5d:bf:25:57:,UTTetudiants,-87,2026-04-30 11:04:43
e4:aa:5d:bf:25:57:,UTTetudiants,-86,2026-04-30 11:04:43
e4:aa:5d:bf:25:57:,UTTetudiants,-85,2026-04-30 11:04:46
e4:aa:5d:bf:25:57:,UTTetudiants,-87,2026-04-30 11:04:46
e4:aa:5d:bf:25:57:,UTTetudiants,-85,2026-04-30 11:04:46
e4:aa:5d:bf:25:57:,UTTetudiants,-85,2026-04-30 11:04:49
e4:aa:5d:bf:25:57:,UTTetudiants,-87,2026-04-30 11:04:49
e4:aa:5d:bf:25:57:,UTTetudiants,-85,2026-04-30 11:04:49
e4:aa:5d:bf:25:57:,UTTetudiants,-85,2026-04-30 11:04:53
e4:aa:5d:bf:25:57:,UTTetudiants,-87,2026-04-30 11:04:53
e4:aa:5d:bf:25:57:,UTTetudiants,-85,2026-04-30 11:04:53
e4:aa:5d:bf:25:57:,UTTetudiants,-85,2026-04-30 11:04:57
e4:aa:5d:bf:25:57:,UTTetudiants,-87,2026-04-30 11:04:57
e4:aa:5d:bf:25:57:,UTTetudiants,-85,2026-04-30 11:04:57
e4:aa:5d:bf:25:57:,UTTetudiants,-87,2026-04-30 11:05:00
e4:aa:5d:bf:25:57:,UTTetudiants,-87,2026-04-30 11:05:00
e4:aa:5d:bf:25:57:,UTTetudiants,-87,2026-04-30 11:05:00
e4:aa:5d:bf:25:57:,UTTetudiants,-84,2026-04-30 11:05:04
e4:aa:5d:bf:25:57:,UTTetudiants,-87,2026-04-30 11:05:04
e4:aa:5d:bf:25:57:,UTTetudiants,-84,2026-04-30 11:05:04
e4:aa:5d:bf:25:57:,UTTetudiants,-84,2026-04-30 11:05:48
e4:aa:5d:bf:25:57:,UTTetudiants,-87,2026-04-30 11:05:48
e4:aa:5d:bf:25:57:,UTTetudiants,-84,2026-04-30 11:05:48
e4:aa:5d:bf:25:57:,UTTetudiants,-84,2026-04-30 11:05:51
e4:aa:5d:bf:25:57:,UTTetudiants,-87,2026-04-30 11:05:51
e4:aa:5d:bf:25:57:,UTTetudiants,-84,2026-04-30 11:05:51
e4:aa:5d:bf:25:57:,UTTetudiants,-84,2026-04-30 11:05:54
e4:aa:5d:bf:25:57:,UTTetudiants,-87,2026-04-30 11:05:54
e4:aa:5d:bf:25:57:,UTTetudiants,-84,2026-04-30 11:05:54
e4:aa:5d:bf:25:57:,UTTetudiants,-84,2026-04-30 11:05:57
e4:aa:5d:bf:25:57:,UTTetudiants,-87,2026-04-30 11:05:57
e4:aa:5d:bf:25:57:,UTTetudiants,-84,2026-04-30 11:05:57
e4:aa:5d:bf:25:57:,UTTetudiants,-84,2026-04-30 11:06:02
e4:aa:5d:bf:25:57:,UTTetudiants,-84,2026-04-30 11:06:02
e4:aa:5d:bf:25:57:,UTTetudiants,-84,2026-04-30 11:06:07
e4:aa:5d:bf:25:57:,UTTetudiants,-84,2026-04-30 11:06:07
e4:aa:5d:bf:25:57:,UTTetudiants,-84,2026-04-30 11:06:10
e4:aa:5d:bf:25:57:,UTTetudiants,-84,2026-04-30 11:06:10
e4:aa:5d:bf:25:57:,UTTetudiants,-84,2026-04-30 11:06:13
e4:aa:5d:bf:25:57:,UTTetudiants,-84,2026-04-30 11:06:13
e4:aa:5d:bf:25:57:,UTTetudiants,-84,2026-04-30 11:06:16
e4:aa:5d:bf:25:57:,UTTetudiants,-84,2026-04-30 11:06:16
e4:aa:5d:bf:25:57:,UTTetudiants,-84,2026-04-30 11:06:19
e4:aa:5d:bf:25:57:,UTTetudiants,-84,2026-04-30 11:06:19
e4:aa:5d:bf:25:57:,UTTetudiants,-84,2026-04-30 11:06:22
e4:aa:5d:bf:25:57:,UTTetudiants,-84,2026-04-30 11:06:22
e4:aa:5d:bf:25:57:,UTTetudiants,-84,2026-04-30 11:06:25
e4:aa:5d:bf:25:57:,UTTetudiants,-84,2026-04-30 11:06:25
e4:aa:5d:bf:25:57:,UTTetudiants,-88,2026-04-30 11:06:27
e4:aa:5d:bf:25:57:,UTTetudiants,-88,2026-04-30 11:06:27
e4:aa:5d:bf:25:57:,UTTetudiants,-88,2026-04-30 11:06:30
e4:aa:5d:bf:25:57:,UTTetudiants,-88,2026-04-30 11:06:30
e4:aa:5d:bf:25:57:,UTTetudiants,-88,2026-04-30 11:06:33
e4:aa:5d:bf:25:57:,UTTetudiants,-88,2026-04-30 11:06:33
e4:aa:5d:bf:25:57:,UTTetudiants,-88,2026-04-30 11:06:36
e4:aa:5d:bf:25:57:,UTTetudiants,-88,2026-04-30 11:06:36
e4:aa:5d:bf:25:57:,UTTetudiants,-88,2026-04-30 11:06:40
e4:aa:5d:bf:25:57:,UTTetudiants,-88,2026-04-30 11:06:40
e4:aa:5d:bf:25:57:,UTTetudiants,-88,2026-04-30 11:06:43
e4:aa:5d:bf:25:57:,UTTetudiants,-88,2026-04-30 11:06:43
e4:aa:5d:bf:25:57:,UTTetudiants,-88,2026-04-30 11:06:46
e4:aa:5d:bf:25:57:,UTTetudiants,-88,2026-04-30 11:06:46
e4:aa:5d:bf:25:57:,UTTetudiants,-88,2026-04-30 11:06:49
e4:aa:5d:bf:25:57:,UTTetudiants,-88,2026-04-30 11:06:49
e4:aa:5d:bf:25:57:,UTTetudiants,-88,2026-04-30 11:06:52
e4:aa:5d:bf:25:57:,UTTetudiants,-88,2026-04-30 11:06:52
e4:aa:5d:bf:25:57:,UTTetudiants,-88,2026-04-30 11:06:56
e4:aa:5d:bf:25:57:,UTTetudiants,-88,2026-04-30 11:06:56
e4:aa:5d:bf:25:57:,UTTetudiants,-88,2026-04-30 11:06:58
e4:aa:5d:bf:25:57:,UTTetudiants,-88,2026-04-30 11:06:58
e4:aa:5d:bf:25:57:,UTTetudiants,-88,2026-04-30 11:07:02
e4:aa:5d:bf:25:57:,UTTetudiants,-88,2026-04-30 11:07:02
e4:aa:5d:bf:25:57:,UTTetudiants,-84,2026-04-30 11:07:05
e4:aa:5d:bf:25:57:,UTTetudiants,-84,2026-04-30 11:07:05
e4:aa:5d:bf:25:57:,UTTetudiants,-84,2026-04-30 11:07:08
e4:aa:5d:bf:25:57:,UTTetudiants,-84,2026-04-30 11:07:08
e4:aa:5d:fd:3e:e7:,UTTetudiants,-82,2026-04-30 11:03:51
e4:aa:5d:fd:3e:e7:,UTTetudiants,-82,2026-04-30 11:03:51
e4:aa:5d:fd:3e:e7:,UTTetudiants,-82,2026-04-30 11:03:54
e4:aa:5d:fd:3e:e7:,UTTetudiants,-82,2026-04-30 11:03:54
e4:aa:5d:fd:3e:e7:,UTTetudiants,-82,2026-04-30 11:03:57
e4:aa:5d:fd:3e:e7:,UTTetudiants,-82,2026-04-30 11:03:57
e4:aa:5d:fd:3e:e7:,UTTetudiants,-82,2026-04-30 11:04:00
e4:aa:5d:fd:3e:e7:,UTTetudiants,-82,2026-04-30 11:04:00
e4:aa:5d:fd:3e:e7:,UTTetudiants,-84,2026-04-30 11:04:02
e4:aa:5d:fd:3e:e7:,UTTetudiants,-84,2026-04-30 11:04:02
e4:aa:5d:fd:3e:e7:,UTTetudiants,-84,2026-04-30 11:04:05
e4:aa:5d:fd:3e:e7:,UTTetudiants,-84,2026-04-30 11:04:05
e4:aa:5d:fd:3e:e7:,UTTetudiants,-84,2026-04-30 11:04:08
e4:aa:5d:fd:3e:e7:,UTTetudiants,-84,2026-04-30 11:04:08
e4:aa:5d:fd:3e:e7:,UTTetudiants,-84,2026-04-30 11:04:11
e4:aa:5d:fd:3e:e7:,UTTetudiants,-84,2026-04-30 11:04:11
e4:aa:5d:fd:3e:e7:,UTTetudiants,-84,2026-04-30 11:04:14
e4:aa:5d:fd:3e:e7:,UTTetudiants,-84,2026-04-30 11:04:14
e4:aa:5d:fd:3e:e7:,UTTetudiants,-84,2026-04-30 11:04:18
e4:aa:5d:fd:3e:e7:,UTTetudiants,-84,2026-04-30 11:04:18
e4:aa:5d:fd:3e:e7:,UTTetudiants,-84,2026-04-30 11:04:21
e4:aa:5d:fd:3e:e7:,UTTetudiants,-84,2026-04-30 11:04:21
e4:aa:5d:fd:3e:e7:,UTTetudiants,-84,2026-04-30 11:04:24
e4:aa:5d:fd:3e:e7:,UTTetudiants,-84,2026-04-30 11:04:24
e4:aa:5d:fd:3e:e7:,UTTetudiants,-84,2026-04-30 11:04:27
e4:aa:5d:fd:3e:e7:,UTTetudiants,-84,2026-04-30 11:04:27
e4:aa:5d:fd:3e:e7:,UTTetudiants,-84,2026-04-30 11:04:29
e4:aa:5d:fd:3e:e7:,UTTetudiants,-84,2026-04-30 11:04:29
e4:aa:5d:fd:3e:e7:,UTTetudiants,-84,2026-04-30 11:04:32
e4:aa:5d:fd:3e:e7:,UTTetudiants,-84,2026-04-30 11:04:32
e4:aa:5d:fd:3e:e7:,UTTetudiants,-84,2026-04-30 11:04:36
e4:aa:5d:fd:3e:e7:,UTTetudiants,-84,2026-04-30 11:04:36
e4:aa:5d:fd:3e:e7:,UTTetudiants,-84,2026-04-30 11:04:43
e4:aa:5d:fd:3e:e7:,UTTetudiants,-84,2026-04-30 11:04:43
e4:aa:5d:fd:3e:e7:,UTTetudiants,-84,2026-04-30 11:04:46
e4:aa:5d:fd:3e:e7:,UTTetudiants,-84,2026-04-30 11:04:46
e4:aa:5d:fd:3e:e7:,UTTetudiants,-84,2026-04-30 11:04:49
e4:aa:5d:fd:3e:e7:,UTTetudiants,-84,2026-04-30 11:04:49
e4:aa:5d:fd:3e:e7:,UTTetudiants,-85,2026-04-30 11:04:53
e4:aa:5d:fd:3e:e7:,UTTetudiants,-85,2026-04-30 11:04:53
e4:aa:5d:fd:3e:e7:,UTTetudiants,-85,2026-04-30 11:04:57
e4:aa:5d:fd:3e:e7:,UTTetudiants,-85,2026-04-30 11:04:57
e4:aa:5d:fd:3e:e7:,UTTetudiants,-85,2026-04-30 11:05:00
e4:aa:5d:fd:3e:e7:,UTTetudiants,-85,2026-04-30 11:05:00
e4:aa:5d:fd:3e:e7:,UTTetudiants,-87,2026-04-30 11:05:04
e4:aa:5d:fd:3e:e7:,UTTetudiants,-87,2026-04-30 11:05:04
e4:aa:5d:fd:3e:e7:,UTTetudiants,-87,2026-04-30 11:05:48
e4:aa:5d:fd:3e:e7:,UTTetudiants,-87,2026-04-30 11:05:48
e4:aa:5d:fd:3e:e7:,UTTetudiants,-87,2026-04-30 11:05:51
e4:aa:5d:fd:3e:e7:,UTTetudiants,-87,2026-04-30 11:05:51
e4:aa:5d:fd:3e:e7:,UTTetudiants,-87,2026-04-30 11:05:54
e4:aa:5d:fd:3e:e7:,UTTetudiants,-87,2026-04-30 11:05:54
e4:aa:5d:fd:3e:e7:,UTTetudiants,-87,2026-04-30 11:05:57
e4:aa:5d:fd:3e:e7:,UTTetudiants,-87,2026-04-30 11:05:57
e4:aa:5d:fd:3e:e7:,UTTetudiants,-87,2026-04-30 11:06:02
e4:aa:5d:fd:3e:e7:,UTTetudiants,-87,2026-04-30 11:06:02
e4:aa:5d:fd:3e:e7:,UTTetudiants,-87,2026-04-30 11:06:07
e4:aa:5d:fd:3e:e7:,UTTetudiants,-87,2026-04-30 11:06:07
e4:aa:5d:fd:3e:e7:,UTTetudiants,-87,2026-04-30 11:06:10
e4:aa:5d:fd:3e:e7:,UTTetudiants,-87,2026-04-30 11:06:10
e4:aa:5d:fd:3e:e7:,UTTetudiants,-87,2026-04-30 11:06:13
e4:aa:5d:fd:3e:e7:,UTTetudiants,-87,2026-04-30 11:06:13
e4:aa:5d:fd:3e:e7:,UTTetudiants,-87,2026-04-30 11:06:16
e4:aa:5d:fd:3e:e7:,UTTetudiants,-87,2026-04-30 11:06:16
e4:aa:5d:fd:3e:e7:,UTTetudiants,-87,2026-04-30 11:06:19
e4:aa:5d:fd:3e:e7:,UTTetudiants,-87,2026-04-30 11:06:19
e4:aa:5d:fd:3e:e7:,UTTetudiants,-87,2026-04-30 11:06:22
e4:aa:5d:fd:3e:e7:,UTTetudiants,-87,2026-04-30 11:06:22
e4:aa:5d:fd:3e:e7:,UTTetudiants,-87,2026-04-30 11:06:25
e4:aa:5d:fd:3e:e7:,UTTetudiants,-87,2026-04-30 11:06:25
e4:aa:5d:fd:3e:e7:,UTTetudiants,-87,2026-04-30 11:06:27
e4:aa:5d:fd:3e:e7:,UTTetudiants,-87,2026-04-30 11:06:27
e4:aa:5d:fd:3e:e7:,UTTetudiants,-87,2026-04-30 11:06:30
e4:aa:5d:fd:3e:e7:,UTTetudiants,-87,2026-04-30 11:06:30
e4:aa:5d:fd:3e:e7:,UTTetudiants,-87,2026-04-30 11:06:33
e4:aa:5d:fd:3e:e7:,UTTetudiants,-87,2026-04-30 11:06:33
e4:aa:5d:fd:3e:e7:,UTTetudiants,-87,2026-04-30 11:06:36
e4:aa:5d:fd:3e:e7:,UTTetudiants,-87,2026-04-30 11:06:36
e4:aa:5d:fd:3e:e7:,UTTetudiants,-87,2026-04-30 11:06:40
e4:aa:5d:fd:3e:e7:,UTTetudiants,-87,2026-04-30 11:06:40
e4:aa:5d:fd:3e:e7:,UTTetudiants,-87,2026-04-30 11:06:43
e4:aa:5d:fd:3e:e7:,UTTetudiants,-87,2026-04-30 11:06:43
e4:aa:5d:fd:3e:e7:,UTTetudiants,-87,2026-04-30 11:06:46
e4:aa:5d:fd:3e:e7:,UTTetudiants,-87,2026-04-30 11:06:46
e4:aa:5d:fd:3e:e7:,UTTetudiants,-87,2026-04-30 11:06:49
e4:aa:5d:fd:3e:e7:,UTTetudiants,-87,2026-04-30 11:06:49
e4:aa:5d:fd:3e:e7:,UTTetudiants,-87,2026-04-30 11:06:52
e4:aa:5d:fd:3e:e7:,UTTetudiants,-87,2026-04-30 11:06:52
e4:aa:5d:fd:3e:e7:,UTTetudiants,-87,2026-04-30 11:06:56
e4:aa:5d:fd:3e:e7:,UTTetudiants,-87,2026-04-30 11:06:56
e4:aa:5d:fd:3e:e7:,UTTetudiants,-87,2026-04-30 11:06:58
e4:aa:5d:fd:3e:e7:,UTTetudiants,-87,2026-04-30 11:06:58
e4:aa:5d:bf:25:58:,UTTetudiants,-73,2026-04-30 11:03:51
e4:aa:5d:bf:25:58:,UTTetudiants,-83,2026-04-30 11:03:51
e4:aa:5d:bf:25:58:,UTTetudiants,-73,2026-04-30 11:03:51
e4:aa:5d:bf:25:58:,UTTetudiants,-73,2026-04-30 11:03:54
e4:aa:5d:bf:25:58:,UTTetudiants,-83,2026-04-30 11:03:54
e4:aa:5d:bf:25:58:,UTTetudiants,-73,2026-04-30 11:03:54
e4:aa:5d:bf:25:58:,UTTetudiants,-73,2026-04-30 11:03:57
e4:aa:5d:bf:25:58:,UTTetudiants,-83,2026-04-30 11:03:57
e4:aa:5d:bf:25:58:,UTTetudiants,-73,2026-04-30 11:03:57
e4:aa:5d:bf:25:58:,UTTetudiants,-73,2026-04-30 11:04:00
e4:aa:5d:bf:25:58:,UTTetudiants,-83,2026-04-30 11:04:00
e4:aa:5d:bf:25:58:,UTTetudiants,-73,2026-04-30 11:04:00
e4:aa:5d:bf:25:58:,UTTetudiants,-73,2026-04-30 11:04:02
e4:aa:5d:bf:25:58:,UTTetudiants,-83,2026-04-30 11:04:02
e4:aa:5d:bf:25:58:,UTTetudiants,-73,2026-04-30 11:04:02
e4:aa:5d:bf:25:58:,UTTetudiants,-73,2026-04-30 11:04:05
e4:aa:5d:bf:25:58:,UTTetudiants,-83,2026-04-30 11:04:05
e4:aa:5d:bf:25:58:,UTTetudiants,-73,2026-04-30 11:04:05
e4:aa:5d:bf:25:58:,UTTetudiants,-73,2026-04-30 11:04:08
e4:aa:5d:bf:25:58:,UTTetudiants,-83,2026-04-30 11:04:08
e4:aa:5d:bf:25:58:,UTTetudiants,-73,2026-04-30 11:04:08
e4:aa:5d:bf:25:58:,UTTetudiants,-73,2026-04-30 11:04:11
e4:aa:5d:bf:25:58:,UTTetudiants,-83,2026-04-30 11:04:11
e4:aa:5d:bf:25:58:,UTTetudiants,-73,2026-04-30 11:04:11
e4:aa:5d:bf:25:58:,UTTetudiants,-73,2026-04-30 11:04:14
e4:aa:5d:bf:25:58:,UTTetudiants,-83,2026-04-30 11:04:14
e4:aa:5d:bf:25:58:,UTTetudiants,-73,2026-04-30 11:04:14
e4:aa:5d:bf:25:58:,UTTetudiants,-73,2026-04-30 11:04:18
e4:aa:5d:bf:25:58:,UTTetudiants,-73,2026-04-30 11:04:18
e4:aa:5d:bf:25:58:,UTTetudiants,-73,2026-04-30 11:04:21
e4:aa:5d:bf:25:58:,UTTetudiants,-73,2026-04-30 11:04:21
e4:aa:5d:bf:25:58:,UTTetudiants,-73,2026-04-30 11:04:24
e4:aa:5d:bf:25:58:,UTTetudiants,-86,2026-04-30 11:04:24
e4:aa:5d:bf:25:58:,UTTetudiants,-73,2026-04-30 11:04:24
e4:aa:5d:bf:25:58:,UTTetudiants,-73,2026-04-30 11:04:27
e4:aa:5d:bf:25:58:,UTTetudiants,-86,2026-04-30 11:04:27
e4:aa:5d:bf:25:58:,UTTetudiants,-73,2026-04-30 11:04:27
e4:aa:5d:bf:25:58:,UTTetudiants,-73,2026-04-30 11:04:29
e4:aa:5d:bf:25:58:,UTTetudiants,-86,2026-04-30 11:04:29
e4:aa:5d:bf:25:58:,UTTetudiants,-73,2026-04-30 11:04:29
e4:aa:5d:bf:25:58:,UTTetudiants,-73,2026-04-30 11:04:32
e4:aa:5d:bf:25:58:,UTTetudiants,-87,2026-04-30 11:04:32
e4:aa:5d:bf:25:58:,UTTetudiants,-73,2026-04-30 11:04:32
e4:aa:5d:bf:25:58:,UTTetudiants,-73,2026-04-30 11:04:36
e4:aa:5d:bf:25:58:,UTTetudiants,-87,2026-04-30 11:04:36
e4:aa:5d:bf:25:58:,UTTetudiants,-73,2026-04-30 11:04:36
e4:aa:5d:bf:25:58:,UTTetudiants,-73,2026-04-30 11:04:43
e4:aa:5d:bf:25:58:,UTTetudiants,-87,2026-04-30 11:04:43
e4:aa:5d:bf:25:58:,UTTetudiants,-73,2026-04-30 11:04:43
e4:aa:5d:bf:25:58:,UTTetudiants,-73,2026-04-30 11:04:46
e4:aa:5d:bf:25:58:,UTTetudiants,-87,2026-04-30 11:04:46
e4:aa:5d:bf:25:58:,UTTetudiants,-73,2026-04-30 11:04:46
e4:aa:5d:bf:25:58:,UTTetudiants,-73,2026-04-30 11:04:49
e4:aa:5d:bf:25:58:,UTTetudiants,-87,2026-04-30 11:04:49
e4:aa:5d:bf:25:58:,UTTetudiants,-73,2026-04-30 11:04:49
e4:aa:5d:bf:25:58:,UTTetudiants,-73,2026-04-30 11:04:53
e4:aa:5d:bf:25:58:,UTTetudiants,-87,2026-04-30 11:04:53
e4:aa:5d:bf:25:58:,UTTetudiants,-73,2026-04-30 11:04:53
e4:aa:5d:bf:25:58:,UTTetudiants,-73,2026-04-30 11:04:57
e4:aa:5d:bf:25:58:,UTTetudiants,-87,2026-04-30 11:04:57
e4:aa:5d:bf:25:58:,UTTetudiants,-73,2026-04-30 11:04:57
e4:aa:5d:bf:25:58:,UTTetudiants,-73,2026-04-30 11:05:00
e4:aa:5d:bf:25:58:,UTTetudiants,-87,2026-04-30 11:05:00
e4:aa:5d:bf:25:58:,UTTetudiants,-73,2026-04-30 11:05:00
e4:aa:5d:bf:25:58:,UTTetudiants,-73,2026-04-30 11:05:04
e4:aa:5d:bf:25:58:,UTTetudiants,-85,2026-04-30 11:05:04
e4:aa:5d:bf:25:58:,UTTetudiants,-73,2026-04-30 11:05:04
e4:aa:5d:bf:25:58:,UTTetudiants,-85,2026-04-30 11:05:48
e4:aa:5d:bf:25:58:,UTTetudiants,-85,2026-04-30 11:05:51
e4:aa:5d:bf:25:58:,UTTetudiants,-85,2026-04-30 11:05:54
e4:aa:5d:bf:25:58:,UTTetudiants,-85,2026-04-30 11:05:57
e4:aa:5d:bf:25:58:,UTTetudiants,-85,2026-04-30 11:06:02
e4:aa:5d:bf:25:58:,UTTetudiants,-85,2026-04-30 11:06:07
e4:aa:5d:bf:25:58:,UTTetudiants,-85,2026-04-30 11:06:10
e4:aa:5d:bf:25:58:,UTTetudiants,-85,2026-04-30 11:06:13
e4:aa:5d:bf:25:58:,UTTetudiants,-85,2026-04-30 11:06:16
e4:aa:5d:bf:25:58:,UTTetudiants,-85,2026-04-30 11:06:19
e4:aa:5d:bf:25:58:,UTTetudiants,-85,2026-04-30 11:06:22
e4:aa:5d:bf:25:58:,UTTetudiants,-85,2026-04-30 11:06:25
e4:aa:5d:bf:25:58:,UTTetudiants,-88,2026-04-30 11:06:27
e4:aa:5d:bf:25:58:,UTTetudiants,-88,2026-04-30 11:06:30
e4:aa:5d:bf:25:58:,UTTetudiants,-88,2026-04-30 11:06:33
e4:aa:5d:bf:25:58:,UTTetudiants,-88,2026-04-30 11:06:36
e4:aa:5d:bf:25:58:,UTTetudiants,-88,2026-04-30 11:06:40
e4:aa:5d:bf:25:58:,UTTetudiants,-88,2026-04-30 11:06:43
e4:aa:5d:bf:25:58:,UTTetudiants,-88,2026-04-30 11:06:46
e4:aa:5d:bf:25:58:,UTTetudiants,-88,2026-04-30 11:06:49
e4:aa:5d:bf:25:58:,UTTetudiants,-88,2026-04-30 11:06:52
e4:aa:5d:bf:25:58:,UTTetudiants,-88,2026-04-30 11:06:56
e4:aa:5d:bf:25:58:,UTTetudiants,-88,2026-04-30 11:06:58
e4:aa:5d:bf:25:58:,UTTetudiants,-88,2026-04-30 11:07:02
e4:aa:5d:bf:25:58:,UTTetudiants,-84,2026-04-30 11:07:05
e4:aa:5d:bf:25:58:,UTTetudiants,-84,2026-04-30 11:07:08
ac:2a:a1:7e:df:68:,UTTetudiants,-61,2026-04-30 11:03:51
ac:2a:a1:7e:df:68:,UTTetudiants,-61,2026-04-30 11:03:51
ac:2a:a1:7e:df:68:,UTTetudiants,-61,2026-04-30 11:03:54
ac:2a:a1:7e:df:68:,UTTetudiants,-61,2026-04-30 11:03:54
ac:2a:a1:7e:df:68:,UTTetudiants,-74,2026-04-30 11:03:57
ac:2a:a1:7e:df:68:,UTTetudiants,-74,2026-04-30 11:03:57
ac:2a:a1:7e:df:68:,UTTetudiants,-64,2026-04-30 11:04:00
ac:2a:a1:7e:df:68:,UTTetudiants,-77,2026-04-30 11:04:00
ac:2a:a1:7e:df:68:,UTTetudiants,-64,2026-04-30 11:04:00
ac:2a:a1:7e:df:68:,UTTetudiants,-64,2026-04-30 11:04:02
ac:2a:a1:7e:df:68:,UTTetudiants,-66,2026-04-30 11:04:02
ac:2a:a1:7e:df:68:,UTTetudiants,-64,2026-04-30 11:04:02
ac:2a:a1:7e:df:68:,UTTetudiants,-68,2026-04-30 11:04:05
ac:2a:a1:7e:df:68:,UTTetudiants,-66,2026-04-30 11:04:05
ac:2a:a1:7e:df:68:,UTTetudiants,-68,2026-04-30 11:04:05
ac:2a:a1:7e:df:68:,UTTetudiants,-68,2026-04-30 11:04:08
ac:2a:a1:7e:df:68:,UTTetudiants,-80,2026-04-30 11:04:08
ac:2a:a1:7e:df:68:,UTTetudiants,-68,2026-04-30 11:04:08
ac:2a:a1:7e:df:68:,UTTetudiants,-68,2026-04-30 11:04:11
ac:2a:a1:7e:df:68:,UTTetudiants,-80,2026-04-30 11:04:11
ac:2a:a1:7e:df:68:,UTTetudiants,-68,2026-04-30 11:04:11
ac:2a:a1:7e:df:68:,UTTetudiants,-76,2026-04-30 11:04:14
ac:2a:a1:7e:df:68:,UTTetudiants,-80,2026-04-30 11:04:14
ac:2a:a1:7e:df:68:,UTTetudiants,-76,2026-04-30 11:04:14
ac:2a:a1:7e:df:68:,UTTetudiants,-76,2026-04-30 11:04:18
ac:2a:a1:7e:df:68:,UTTetudiants,-70,2026-04-30 11:04:18
ac:2a:a1:7e:df:68:,UTTetudiants,-76,2026-04-30 11:04:18
ac:2a:a1:7e:df:68:,UTTetudiants,-59,2026-04-30 11:04:21
ac:2a:a1:7e:df:68:,UTTetudiants,-70,2026-04-30 11:04:21
ac:2a:a1:7e:df:68:,UTTetudiants,-59,2026-04-30 11:04:21
ac:2a:a1:7e:df:68:,UTTetudiants,-69,2026-04-30 11:04:24
ac:2a:a1:7e:df:68:,UTTetudiants,-62,2026-04-30 11:04:24
ac:2a:a1:7e:df:68:,UTTetudiants,-69,2026-04-30 11:04:24
ac:2a:a1:7e:df:68:,UTTetudiants,-69,2026-04-30 11:04:27
ac:2a:a1:7e:df:68:,UTTetudiants,-79,2026-04-30 11:04:27
ac:2a:a1:7e:df:68:,UTTetudiants,-69,2026-04-30 11:04:27
ac:2a:a1:7e:df:68:,UTTetudiants,-66,2026-04-30 11:04:29
ac:2a:a1:7e:df:68:,UTTetudiants,-79,2026-04-30 11:04:29
ac:2a:a1:7e:df:68:,UTTetudiants,-66,2026-04-30 11:04:29
ac:2a:a1:7e:df:68:,UTTetudiants,-65,2026-04-30 11:04:32
ac:2a:a1:7e:df:68:,UTTetudiants,-67,2026-04-30 11:04:32
ac:2a:a1:7e:df:68:,UTTetudiants,-65,2026-04-30 11:04:32
ac:2a:a1:7e:df:68:,UTTetudiants,-65,2026-04-30 11:04:36
ac:2a:a1:7e:df:68:,UTTetudiants,-78,2026-04-30 11:04:36
ac:2a:a1:7e:df:68:,UTTetudiants,-65,2026-04-30 11:04:36
ac:2a:a1:7e:df:68:,UTTetudiants,-60,2026-04-30 11:04:43
ac:2a:a1:7e:df:68:,UTTetudiants,-69,2026-04-30 11:04:43
ac:2a:a1:7e:df:68:,UTTetudiants,-60,2026-04-30 11:04:43
ac:2a:a1:7e:df:68:,UTTetudiants,-71,2026-04-30 11:04:46
ac:2a:a1:7e:df:68:,UTTetudiants,-71,2026-04-30 11:04:46
ac:2a:a1:7e:df:68:,UTTetudiants,-71,2026-04-30 11:04:46
ac:2a:a1:7e:df:68:,UTTetudiants,-55,2026-04-30 11:04:49
ac:2a:a1:7e:df:68:,UTTetudiants,-71,2026-04-30 11:04:49
ac:2a:a1:7e:df:68:,UTTetudiants,-55,2026-04-30 11:04:49
ac:2a:a1:7e:df:68:,UTTetudiants,-55,2026-04-30 11:04:53
ac:2a:a1:7e:df:68:,UTTetudiants,-73,2026-04-30 11:04:53
ac:2a:a1:7e:df:68:,UTTetudiants,-55,2026-04-30 11:04:53
ac:2a:a1:7e:df:68:,UTTetudiants,-72,2026-04-30 11:04:57
ac:2a:a1:7e:df:68:,UTTetudiants,-73,2026-04-30 11:04:57
ac:2a:a1:7e:df:68:,UTTetudiants,-72,2026-04-30 11:04:57
ac:2a:a1:7e:df:68:,UTTetudiants,-58,2026-04-30 11:05:00
ac:2a:a1:7e:df:68:,UTTetudiants,-69,2026-04-30 11:05:00
ac:2a:a1:7e:df:68:,UTTetudiants,-58,2026-04-30 11:05:00
ac:2a:a1:7e:df:68:,UTTetudiants,-58,2026-04-30 11:05:04
ac:2a:a1:7e:df:68:,UTTetudiants,-67,2026-04-30 11:05:04
ac:2a:a1:7e:df:68:,UTTetudiants,-58,2026-04-30 11:05:04
ac:2a:a1:7e:df:68:,UTTetudiants,-61,2026-04-30 11:05:48
ac:2a:a1:7e:df:68:,UTTetudiants,-79,2026-04-30 11:05:48
ac:2a:a1:7e:df:68:,UTTetudiants,-61,2026-04-30 11:05:48
ac:2a:a1:7e:df:68:,UTTetudiants,-61,2026-04-30 11:05:51
ac:2a:a1:7e:df:68:,UTTetudiants,-79,2026-04-30 11:05:51
ac:2a:a1:7e:df:68:,UTTetudiants,-61,2026-04-30 11:05:51
ac:2a:a1:7e:df:68:,UTTetudiants,-61,2026-04-30 11:05:54
ac:2a:a1:7e:df:68:,UTTetudiants,-63,2026-04-30 11:05:54
ac:2a:a1:7e:df:68:,UTTetudiants,-61,2026-04-30 11:05:54
ac:2a:a1:7e:df:68:,UTTetudiants,-71,2026-04-30 11:05:57
ac:2a:a1:7e:df:68:,UTTetudiants,-63,2026-04-30 11:05:57
ac:2a:a1:7e:df:68:,UTTetudiants,-71,2026-04-30 11:05:57
ac:2a:a1:7e:df:68:,UTTetudiants,-62,2026-04-30 11:06:02
ac:2a:a1:7e:df:68:,UTTetudiants,-81,2026-04-30 11:06:02
ac:2a:a1:7e:df:68:,UTTetudiants,-62,2026-04-30 11:06:02
ac:2a:a1:7e:df:68:,UTTetudiants,-62,2026-04-30 11:06:07
ac:2a:a1:7e:df:68:,UTTetudiants,-80,2026-04-30 11:06:07
ac:2a:a1:7e:df:68:,UTTetudiants,-62,2026-04-30 11:06:07
ac:2a:a1:7e:df:68:,UTTetudiants,-72,2026-04-30 11:06:10
ac:2a:a1:7e:df:68:,UTTetudiants,-80,2026-04-30 11:06:10
ac:2a:a1:7e:df:68:,UTTetudiants,-72,2026-04-30 11:06:10
ac:2a:a1:7e:df:68:,UTTetudiants,-72,2026-04-30 11:06:13
ac:2a:a1:7e:df:68:,UTTetudiants,-76,2026-04-30 11:06:13
ac:2a:a1:7e:df:68:,UTTetudiants,-72,2026-04-30 11:06:13
ac:2a:a1:7e:df:68:,UTTetudiants,-68,2026-04-30 11:06:16
ac:2a:a1:7e:df:68:,UTTetudiants,-76,2026-04-30 11:06:16
ac:2a:a1:7e:df:68:,UTTetudiants,-68,2026-04-30 11:06:16
ac:2a:a1:7e:df:68:,UTTetudiants,-67,2026-04-30 11:06:19
ac:2a:a1:7e:df:68:,UTTetudiants,-67,2026-04-30 11:06:19
ac:2a:a1:7e:df:68:,UTTetudiants,-67,2026-04-30 11:06:19
ac:2a:a1:7e:df:68:,UTTetudiants,-67,2026-04-30 11:06:22
ac:2a:a1:7e:df:68:,UTTetudiants,-67,2026-04-30 11:06:22
ac:2a:a1:7e:df:68:,UTTetudiants,-67,2026-04-30 11:06:22
ac:2a:a1:7e:df:68:,UTTetudiants,-74,2026-04-30 11:06:25
ac:2a:a1:7e:df:68:,UTTetudiants,-67,2026-04-30 11:06:25
ac:2a:a1:7e:df:68:,UTTetudiants,-74,2026-04-30 11:06:25
ac:2a:a1:7e:df:68:,UTTetudiants,-74,2026-04-30 11:06:27
ac:2a:a1:7e:df:68:,UTTetudiants,-69,2026-04-30 11:06:27
ac:2a:a1:7e:df:68:,UTTetudiants,-74,2026-04-30 11:06:27
ac:2a:a1:7e:df:68:,UTTetudiants,-62,2026-04-30 11:06:30
ac:2a:a1:7e:df:68:,UTTetudiants,-69,2026-04-30 11:06:30
ac:2a:a1:7e:df:68:,UTTetudiants,-62,2026-04-30 11:06:30
ac:2a:a1:7e:df:68:,UTTetudiants,-74,2026-04-30 11:06:33
ac:2a:a1:7e:df:68:,UTTetudiants,-85,2026-04-30 11:06:33
ac:2a:a1:7e:df:68:,UTTetudiants,-74,2026-04-30 11:06:33
ac:2a:a1:7e:df:68:,UTTetudiants,-74,2026-04-30 11:06:36
ac:2a:a1:7e:df:68:,UTTetudiants,-74,2026-04-30 11:06:36
ac:2a:a1:7e:df:68:,UTTetudiants,-74,2026-04-30 11:06:36
ac:2a:a1:7e:df:68:,UTTetudiants,-80,2026-04-30 11:06:40
ac:2a:a1:7e:df:68:,UTTetudiants,-74,2026-04-30 11:06:40
ac:2a:a1:7e:df:68:,UTTetudiants,-80,2026-04-30 11:06:40
ac:2a:a1:7e:df:68:,UTTetudiants,-63,2026-04-30 11:06:43
ac:2a:a1:7e:df:68:,UTTetudiants,-84,2026-04-30 11:06:43
ac:2a:a1:7e:df:68:,UTTetudiants,-63,2026-04-30 11:06:43
ac:2a:a1:7e:df:68:,UTTetudiants,-63,2026-04-30 11:06:46
ac:2a:a1:7e:df:68:,UTTetudiants,-74,2026-04-30 11:06:46
ac:2a:a1:7e:df:68:,UTTetudiants,-63,2026-04-30 11:06:46
ac:2a:a1:7e:df:68:,UTTetudiants,-69,2026-04-30 11:06:49
ac:2a:a1:7e:df:68:,UTTetudiants,-74,2026-04-30 11:06:49
ac:2a:a1:7e:df:68:,UTTetudiants,-69,2026-04-30 11:06:49
ac:2a:a1:7e:df:68:,UTTetudiants,-67,2026-04-30 11:06:52
ac:2a:a1:7e:df:68:,UTTetudiants,-74,2026-04-30 11:06:52
ac:2a:a1:7e:df:68:,UTTetudiants,-67,2026-04-30 11:06:52
ac:2a:a1:7e:df:68:,UTTetudiants,-67,2026-04-30 11:06:56
ac:2a:a1:7e:df:68:,UTTetudiants,-72,2026-04-30 11:06:56
ac:2a:a1:7e:df:68:,UTTetudiants,-67,2026-04-30 11:06:56
ac:2a:a1:7e:df:68:,UTTetudiants,-74,2026-04-30 11:06:58
ac:2a:a1:7e:df:68:,UTTetudiants,-72,2026-04-30 11:06:58
ac:2a:a1:7e:df:68:,UTTetudiants,-74,2026-04-30 11:06:58
ac:2a:a1:7e:df:68:,UTTetudiants,-67,2026-04-30 11:07:02
ac:2a:a1:7e:df:68:,UTTetudiants,-79,2026-04-30 11:07:02
ac:2a:a1:7e:df:68:,UTTetudiants,-67,2026-04-30 11:07:02
ac:2a:a1:7e:df:68:,UTTetudiants,-67,2026-04-30 11:07:05
ac:2a:a1:7e:df:68:,UTTetudiants,-69,2026-04-30 11:07:05
ac:2a:a1:7e:df:68:,UTTetudiants,-67,2026-04-30 11:07:05
ac:2a:a1:7e:df:68:,UTTetudiants,-69,2026-04-30 11:07:08
ac:2a:a1:7e:df:68:,UTTetudiants,-69,2026-04-30 11:07:08
ac:2a:a1:7e:df:68:,UTTetudiants,-69,2026-04-30 11:07:08
f8:6b:d9:01:85:28:,UTTetudiants,-77,2026-04-30 11:03:51
f8:6b:d9:01:85:28:,UTTetudiants,-86,2026-04-30 11:03:51
f8:6b:d9:01:85:28:,UTTetudiants,-77,2026-04-30 11:03:51
f8:6b:d9:01:85:28:,UTTetudiants,-77,2026-04-30 11:03:54
f8:6b:d9:01:85:28:,UTTetudiants,-86,2026-04-30 11:03:54
f8:6b:d9:01:85:28:,UTTetudiants,-77,2026-04-30 11:03:54
f8:6b:d9:01:85:28:,UTTetudiants,-77,2026-04-30 11:03:57
f8:6b:d9:01:85:28:,UTTetudiants,-86,2026-04-30 11:03:57
f8:6b:d9:01:85:28:,UTTetudiants,-77,2026-04-30 11:03:57
f8:6b:d9:01:85:28:,UTTetudiants,-77,2026-04-30 11:04:00
f8:6b:d9:01:85:28:,UTTetudiants,-86,2026-04-30 11:04:00
f8:6b:d9:01:85:28:,UTTetudiants,-77,2026-04-30 11:04:00
f8:6b:d9:01:85:28:,UTTetudiants,-77,2026-04-30 11:04:02
f8:6b:d9:01:85:28:,UTTetudiants,-86,2026-04-30 11:04:02
f8:6b:d9:01:85:28:,UTTetudiants,-77,2026-04-30 11:04:02
f8:6b:d9:01:85:28:,UTTetudiants,-77,2026-04-30 11:04:05
f8:6b:d9:01:85:28:,UTTetudiants,-86,2026-04-30 11:04:05
f8:6b:d9:01:85:28:,UTTetudiants,-77,2026-04-30 11:04:05
f8:6b:d9:01:85:28:,UTTetudiants,-77,2026-04-30 11:04:08
f8:6b:d9:01:85:28:,UTTetudiants,-86,2026-04-30 11:04:08
f8:6b:d9:01:85:28:,UTTetudiants,-77,2026-04-30 11:04:08
f8:6b:d9:01:85:28:,UTTetudiants,-77,2026-04-30 11:04:11
f8:6b:d9:01:85:28:,UTTetudiants,-87,2026-04-30 11:04:11
f8:6b:d9:01:85:28:,UTTetudiants,-77,2026-04-30 11:04:11
f8:6b:d9:01:85:28:,UTTetudiants,-77,2026-04-30 11:04:14
f8:6b:d9:01:85:28:,UTTetudiants,-87,2026-04-30 11:04:14
f8:6b:d9:01:85:28:,UTTetudiants,-77,2026-04-30 11:04:14
f8:6b:d9:01:85:28:,UTTetudiants,-77,2026-04-30 11:04:18
f8:6b:d9:01:85:28:,UTTetudiants,-87,2026-04-30 11:04:18
f8:6b:d9:01:85:28:,UTTetudiants,-77,2026-04-30 11:04:18
f8:6b:d9:01:85:28:,UTTetudiants,-87,2026-04-30 11:04:21
f8:6b:d9:01:85:28:,UTTetudiants,-87,2026-04-30 11:04:21
f8:6b:d9:01:85:28:,UTTetudiants,-87,2026-04-30 11:04:21
f8:6b:d9:01:85:28:,UTTetudiants,-87,2026-04-30 11:04:24
f8:6b:d9:01:85:28:,UTTetudiants,-87,2026-04-30 11:04:24
f8:6b:d9:01:85:28:,UTTetudiants,-87,2026-04-30 11:04:24
f8:6b:d9:01:85:28:,UTTetudiants,-87,2026-04-30 11:04:27
f8:6b:d9:01:85:28:,UTTetudiants,-87,2026-04-30 11:04:27
f8:6b:d9:01:85:28:,UTTetudiants,-87,2026-04-30 11:04:27
f8:6b:d9:01:85:28:,UTTetudiants,-87,2026-04-30 11:04:29
f8:6b:d9:01:85:28:,UTTetudiants,-87,2026-04-30 11:04:29
f8:6b:d9:01:85:28:,UTTetudiants,-87,2026-04-30 11:04:29
f8:6b:d9:01:85:28:,UTTetudiants,-87,2026-04-30 11:04:32
f8:6b:d9:01:85:28:,UTTetudiants,-87,2026-04-30 11:04:32
f8:6b:d9:01:85:28:,UTTetudiants,-87,2026-04-30 11:04:32
f8:6b:d9:01:85:28:,UTTetudiants,-87,2026-04-30 11:04:36
f8:6b:d9:01:85:28:,UTTetudiants,-87,2026-04-30 11:04:36
f8:6b:d9:01:85:28:,UTTetudiants,-87,2026-04-30 11:04:36
f8:6b:d9:01:85:28:,UTTetudiants,-87,2026-04-30 11:04:43
f8:6b:d9:01:85:28:,UTTetudiants,-87,2026-04-30 11:04:43
f8:6b:d9:01:85:28:,UTTetudiants,-87,2026-04-30 11:04:43
f8:6b:d9:01:85:28:,UTTetudiants,-87,2026-04-30 11:04:46
f8:6b:d9:01:85:28:,UTTetudiants,-87,2026-04-30 11:04:46
f8:6b:d9:01:85:28:,UTTetudiants,-87,2026-04-30 11:04:46
f8:6b:d9:01:85:28:,UTTetudiants,-87,2026-04-30 11:04:49
f8:6b:d9:01:85:28:,UTTetudiants,-87,2026-04-30 11:04:49
f8:6b:d9:01:85:28:,UTTetudiants,-87,2026-04-30 11:04:49
f8:6b:d9:01:85:28:,UTTetudiants,-87,2026-04-30 11:04:53
f8:6b:d9:01:85:28:,UTTetudiants,-87,2026-04-30 11:04:53
f8:6b:d9:01:85:28:,UTTetudiants,-87,2026-04-30 11:04:53
f8:6b:d9:01:85:28:,UTTetudiants,-87,2026-04-30 11:04:57
f8:6b:d9:01:85:28:,UTTetudiants,-87,2026-04-30 11:04:57
f8:6b:d9:01:85:28:,UTTetudiants,-87,2026-04-30 11:04:57
f8:6b:d9:01:85:28:,UTTetudiants,-87,2026-04-30 11:05:00
f8:6b:d9:01:85:28:,UTTetudiants,-87,2026-04-30 11:05:00
f8:6b:d9:01:85:28:,UTTetudiants,-87,2026-04-30 11:05:00
f8:6b:d9:01:85:28:,UTTetudiants,-87,2026-04-30 11:05:04
f8:6b:d9:01:85:28:,UTTetudiants,-85,2026-04-30 11:05:04
f8:6b:d9:01:85:28:,UTTetudiants,-87,2026-04-30 11:05:04
f8:6b:d9:01:85:28:,UTTetudiants,-87,2026-04-30 11:05:48
f8:6b:d9:01:85:28:,UTTetudiants,-85,2026-04-30 11:05:48
f8:6b:d9:01:85:28:,UTTetudiants,-87,2026-04-30 11:05:48
f8:6b:d9:01:85:28:,UTTetudiants,-87,2026-04-30 11:05:51
f8:6b:d9:01:85:28:,UTTetudiants,-85,2026-04-30 11:05:51
f8:6b:d9:01:85:28:,UTTetudiants,-87,2026-04-30 11:05:51
f8:6b:d9:01:85:28:,UTTetudiants,-87,2026-04-30 11:05:54
f8:6b:d9:01:85:28:,UTTetudiants,-85,2026-04-30 11:05:54
f8:6b:d9:01:85:28:,UTTetudiants,-87,2026-04-30 11:05:54
f8:6b:d9:01:85:28:,UTTetudiants,-87,2026-04-30 11:05:57
f8:6b:d9:01:85:28:,UTTetudiants,-85,2026-04-30 11:05:57
f8:6b:d9:01:85:28:,UTTetudiants,-87,2026-04-30 11:05:57
f8:6b:d9:01:85:28:,UTTetudiants,-87,2026-04-30 11:06:02
f8:6b:d9:01:85:28:,UTTetudiants,-85,2026-04-30 11:06:02
f8:6b:d9:01:85:28:,UTTetudiants,-87,2026-04-30 11:06:02
f8:6b:d9:01:85:28:,UTTetudiants,-87,2026-04-30 11:06:07
f8:6b:d9:01:85:28:,UTTetudiants,-85,2026-04-30 11:06:07
f8:6b:d9:01:85:28:,UTTetudiants,-87,2026-04-30 11:06:07
f8:6b:d9:01:85:28:,UTTetudiants,-87,2026-04-30 11:06:10
f8:6b:d9:01:85:28:,UTTetudiants,-85,2026-04-30 11:06:10
f8:6b:d9:01:85:28:,UTTetudiants,-87,2026-04-30 11:06:10
f8:6b:d9:01:85:28:,UTTetudiants,-87,2026-04-30 11:06:13
f8:6b:d9:01:85:28:,UTTetudiants,-85,2026-04-30 11:06:13
f8:6b:d9:01:85:28:,UTTetudiants,-87,2026-04-30 11:06:13
f8:6b:d9:01:85:28:,UTTetudiants,-87,2026-04-30 11:06:16
f8:6b:d9:01:85:28:,UTTetudiants,-85,2026-04-30 11:06:16
f8:6b:d9:01:85:28:,UTTetudiants,-87,2026-04-30 11:06:16
f8:6b:d9:01:85:28:,UTTetudiants,-85,2026-04-30 11:06:19
f8:6b:d9:01:85:28:,UTTetudiants,-85,2026-04-30 11:06:22
f8:6b:d9:01:85:28:,UTTetudiants,-85,2026-04-30 11:06:25
f8:6b:d9:01:85:28:,UTTetudiants,-85,2026-04-30 11:06:27
f8:6b:d9:01:85:28:,UTTetudiants,-85,2026-04-30 11:06:30
f8:6b:d9:01:85:28:,UTTetudiants,-85,2026-04-30 11:06:33
f8:6b:d9:01:85:28:,UTTetudiants,-85,2026-04-30 11:06:36
f8:6b:d9:01:85:28:,UTTetudiants,-85,2026-04-30 11:06:40
f8:6b:d9:01:85:28:,UTTetudiants,-85,2026-04-30 11:06:43
f8:6b:d9:01:85:28:,UTTetudiants,-85,2026-04-30 11:06:46
f8:6b:d9:01:85:28:,UTTetudiants,-85,2026-04-30 11:06:49
f8:6b:d9:01:85:28:,UTTetudiants,-85,2026-04-30 11:06:52
f8:6b:d9:01:85:28:,UTTetudiants,-85,2026-04-30 11:06:56
f8:6b:d9:01:85:28:,UTTetudiants,-85,2026-04-30 11:06:58
f8:6b:d9:01:8e:e8:,UTTetudiants,-48,2026-04-30 11:03:51
f8:6b:d9:01:8e:e8:,UTTetudiants,-69,2026-04-30 11:03:51
f8:6b:d9:01:8e:e8:,UTTetudiants,-48,2026-04-30 11:03:51
f8:6b:d9:01:8e:e8:,UTTetudiants,-46,2026-04-30 11:03:54
f8:6b:d9:01:8e:e8:,UTTetudiants,-47,2026-04-30 11:03:54
f8:6b:d9:01:8e:e8:,UTTetudiants,-46,2026-04-30 11:03:54
f8:6b:d9:01:8e:e8:,UTTetudiants,-46,2026-04-30 11:03:57
f8:6b:d9:01:8e:e8:,UTTetudiants,-47,2026-04-30 11:03:57
f8:6b:d9:01:8e:e8:,UTTetudiants,-46,2026-04-30 11:03:57
f8:6b:d9:01:8e:e8:,UTTetudiants,-47,2026-04-30 11:04:00
f8:6b:d9:01:8e:e8:,UTTetudiants,-61,2026-04-30 11:04:00
f8:6b:d9:01:8e:e8:,UTTetudiants,-47,2026-04-30 11:04:00
f8:6b:d9:01:8e:e8:,UTTetudiants,-47,2026-04-30 11:04:02
f8:6b:d9:01:8e:e8:,UTTetudiants,-62,2026-04-30 11:04:02
f8:6b:d9:01:8e:e8:,UTTetudiants,-47,2026-04-30 11:04:02
f8:6b:d9:01:8e:e8:,UTTetudiants,-47,2026-04-30 11:04:05
f8:6b:d9:01:8e:e8:,UTTetudiants,-62,2026-04-30 11:04:05
f8:6b:d9:01:8e:e8:,UTTetudiants,-47,2026-04-30 11:04:05
f8:6b:d9:01:8e:e8:,UTTetudiants,-47,2026-04-30 11:04:08
f8:6b:d9:01:8e:e8:,UTTetudiants,-60,2026-04-30 11:04:08
f8:6b:d9:01:8e:e8:,UTTetudiants,-47,2026-04-30 11:04:08
f8:6b:d9:01:8e:e8:,UTTetudiants,-49,2026-04-30 11:04:11
f8:6b:d9:01:8e:e8:,UTTetudiants,-58,2026-04-30 11:04:11
f8:6b:d9:01:8e:e8:,UTTetudiants,-49,2026-04-30 11:04:11
f8:6b:d9:01:8e:e8:,UTTetudiants,-48,2026-04-30 11:04:14
f8:6b:d9:01:8e:e8:,UTTetudiants,-58,2026-04-30 11:04:14
f8:6b:d9:01:8e:e8:,UTTetudiants,-48,2026-04-30 11:04:14
f8:6b:d9:01:8e:e8:,UTTetudiants,-48,2026-04-30 11:04:18
f8:6b:d9:01:8e:e8:,UTTetudiants,-62,2026-04-30 11:04:18
f8:6b:d9:01:8e:e8:,UTTetudiants,-48,2026-04-30 11:04:18
f8:6b:d9:01:8e:e8:,UTTetudiants,-50,2026-04-30 11:04:21
f8:6b:d9:01:8e:e8:,UTTetudiants,-62,2026-04-30 11:04:21
f8:6b:d9:01:8e:e8:,UTTetudiants,-50,2026-04-30 11:04:21
f8:6b:d9:01:8e:e8:,UTTetudiants,-50,2026-04-30 11:04:24
f8:6b:d9:01:8e:e8:,UTTetudiants,-47,2026-04-30 11:04:24
f8:6b:d9:01:8e:e8:,UTTetudiants,-50,2026-04-30 11:04:24
f8:6b:d9:01:8e:e8:,UTTetudiants,-50,2026-04-30 11:04:27
f8:6b:d9:01:8e:e8:,UTTetudiants,-55,2026-04-30 11:04:27
f8:6b:d9:01:8e:e8:,UTTetudiants,-50,2026-04-30 11:04:27
f8:6b:d9:01:8e:e8:,UTTetudiants,-50,2026-04-30 11:04:29
f8:6b:d9:01:8e:e8:,UTTetudiants,-55,2026-04-30 11:04:29
f8:6b:d9:01:8e:e8:,UTTetudiants,-50,2026-04-30 11:04:29
f8:6b:d9:01:8e:e8:,UTTetudiants,-50,2026-04-30 11:04:32
f8:6b:d9:01:8e:e8:,UTTetudiants,-44,2026-04-30 11:04:32
f8:6b:d9:01:8e:e8:,UTTetudiants,-50,2026-04-30 11:04:32
f8:6b:d9:01:8e:e8:,UTTetudiants,-49,2026-04-30 11:04:36
f8:6b:d9:01:8e:e8:,UTTetudiants,-53,2026-04-30 11:04:36
f8:6b:d9:01:8e:e8:,UTTetudiants,-49,2026-04-30 11:04:36
f8:6b:d9:01:8e:e8:,UTTetudiants,-50,2026-04-30 11:04:43
f8:6b:d9:01:8e:e8:,UTTetudiants,-40,2026-04-30 11:04:43
f8:6b:d9:01:8e:e8:,UTTetudiants,-50,2026-04-30 11:04:43
f8:6b:d9:01:8e:e8:,UTTetudiants,-51,2026-04-30 11:04:46
f8:6b:d9:01:8e:e8:,UTTetudiants,-53,2026-04-30 11:04:46
f8:6b:d9:01:8e:e8:,UTTetudiants,-51,2026-04-30 11:04:46
f8:6b:d9:01:8e:e8:,UTTetudiants,-51,2026-04-30 11:04:49
f8:6b:d9:01:8e:e8:,UTTetudiants,-53,2026-04-30 11:04:49
f8:6b:d9:01:8e:e8:,UTTetudiants,-51,2026-04-30 11:04:49
f8:6b:d9:01:8e:e8:,UTTetudiants,-50,2026-04-30 11:04:53
f8:6b:d9:01:8e:e8:,UTTetudiants,-60,2026-04-30 11:04:53
f8:6b:d9:01:8e:e8:,UTTetudiants,-50,2026-04-30 11:04:53
f8:6b:d9:01:8e:e8:,UTTetudiants,-50,2026-04-30 11:04:57
f8:6b:d9:01:8e:e8:,UTTetudiants,-60,2026-04-30 11:04:57
f8:6b:d9:01:8e:e8:,UTTetudiants,-50,2026-04-30 11:04:57
f8:6b:d9:01:8e:e8:,UTTetudiants,-49,2026-04-30 11:05:00
f8:6b:d9:01:8e:e8:,UTTetudiants,-60,2026-04-30 11:05:00
f8:6b:d9:01:8e:e8:,UTTetudiants,-49,2026-04-30 11:05:00
f8:6b:d9:01:8e:e8:,UTTetudiants,-49,2026-04-30 11:05:04
f8:6b:d9:01:8e:e8:,UTTetudiants,-43,2026-04-30 11:05:04
f8:6b:d9:01:8e:e8:,UTTetudiants,-49,2026-04-30 11:05:04
f8:6b:d9:01:8e:e8:,UTTetudiants,-50,2026-04-30 11:05:48
f8:6b:d9:01:8e:e8:,UTTetudiants,-59,2026-04-30 11:05:48
f8:6b:d9:01:8e:e8:,UTTetudiants,-50,2026-04-30 11:05:48
f8:6b:d9:01:8e:e8:,UTTetudiants,-50,2026-04-30 11:05:51
f8:6b:d9:01:8e:e8:,UTTetudiants,-59,2026-04-30 11:05:51
f8:6b:d9:01:8e:e8:,UTTetudiants,-50,2026-04-30 11:05:51
f8:6b:d9:01:8e:e8:,UTTetudiants,-52,2026-04-30 11:05:54
f8:6b:d9:01:8e:e8:,UTTetudiants,-55,2026-04-30 11:05:54
f8:6b:d9:01:8e:e8:,UTTetudiants,-52,2026-04-30 11:05:54
f8:6b:d9:01:8e:e8:,UTTetudiants,-49,2026-04-30 11:05:57
f8:6b:d9:01:8e:e8:,UTTetudiants,-55,2026-04-30 11:05:57
f8:6b:d9:01:8e:e8:,UTTetudiants,-49,2026-04-30 11:05:57
f8:6b:d9:01:8e:e8:,UTTetudiants,-50,2026-04-30 11:06:02
f8:6b:d9:01:8e:e8:,UTTetudiants,-67,2026-04-30 11:06:02
f8:6b:d9:01:8e:e8:,UTTetudiants,-50,2026-04-30 11:06:02
f8:6b:d9:01:8e:e8:,UTTetudiants,-52,2026-04-30 11:06:07
f8:6b:d9:01:8e:e8:,UTTetudiants,-54,2026-04-30 11:06:07
f8:6b:d9:01:8e:e8:,UTTetudiants,-52,2026-04-30 11:06:07
f8:6b:d9:01:8e:e8:,UTTetudiants,-52,2026-04-30 11:06:10
f8:6b:d9:01:8e:e8:,UTTetudiants,-54,2026-04-30 11:06:10
f8:6b:d9:01:8e:e8:,UTTetudiants,-52,2026-04-30 11:06:10
f8:6b:d9:01:8e:e8:,UTTetudiants,-51,2026-04-30 11:06:13
f8:6b:d9:01:8e:e8:,UTTetudiants,-57,2026-04-30 11:06:13
f8:6b:d9:01:8e:e8:,UTTetudiants,-51,2026-04-30 11:06:13
f8:6b:d9:01:8e:e8:,UTTetudiants,-51,2026-04-30 11:06:16
f8:6b:d9:01:8e:e8:,UTTetudiants,-57,2026-04-30 11:06:16
f8:6b:d9:01:8e:e8:,UTTetudiants,-51,2026-04-30 11:06:16
f8:6b:d9:01:8e:e8:,UTTetudiants,-51,2026-04-30 11:06:19
f8:6b:d9:01:8e:e8:,UTTetudiants,-44,2026-04-30 11:06:19
f8:6b:d9:01:8e:e8:,UTTetudiants,-51,2026-04-30 11:06:19
f8:6b:d9:01:8e:e8:,UTTetudiants,-49,2026-04-30 11:06:22
f8:6b:d9:01:8e:e8:,UTTetudiants,-48,2026-04-30 11:06:22
f8:6b:d9:01:8e:e8:,UTTetudiants,-49,2026-04-30 11:06:22
f8:6b:d9:01:8e:e8:,UTTetudiants,-49,2026-04-30 11:06:25
f8:6b:d9:01:8e:e8:,UTTetudiants,-48,2026-04-30 11:06:25
f8:6b:d9:01:8e:e8:,UTTetudiants,-49,2026-04-30 11:06:25
f8:6b:d9:01:8e:e8:,UTTetudiants,-46,2026-04-30 11:06:27
f8:6b:d9:01:8e:e8:,UTTetudiants,-53,2026-04-30 11:06:27
f8:6b:d9:01:8e:e8:,UTTetudiants,-46,2026-04-30 11:06:27
f8:6b:d9:01:8e:e8:,UTTetudiants,-46,2026-04-30 11:06:30
f8:6b:d9:01:8e:e8:,UTTetudiants,-53,2026-04-30 11:06:30
f8:6b:d9:01:8e:e8:,UTTetudiants,-46,2026-04-30 11:06:30
f8:6b:d9:01:8e:e8:,UTTetudiants,-52,2026-04-30 11:06:33
f8:6b:d9:01:8e:e8:,UTTetudiants,-68,2026-04-30 11:06:33
f8:6b:d9:01:8e:e8:,UTTetudiants,-52,2026-04-30 11:06:33
f8:6b:d9:01:8e:e8:,UTTetudiants,-52,2026-04-30 11:06:36
f8:6b:d9:01:8e:e8:,UTTetudiants,-58,2026-04-30 11:06:36
f8:6b:d9:01:8e:e8:,UTTetudiants,-52,2026-04-30 11:06:36
f8:6b:d9:01:8e:e8:,UTTetudiants,-52,2026-04-30 11:06:40
f8:6b:d9:01:8e:e8:,UTTetudiants,-58,2026-04-30 11:06:40
f8:6b:d9:01:8e:e8:,UTTetudiants,-52,2026-04-30 11:06:40
f8:6b:d9:01:8e:e8:,UTTetudiants,-52,2026-04-30 11:06:43
f8:6b:d9:01:8e:e8:,UTTetudiants,-64,2026-04-30 11:06:43
f8:6b:d9:01:8e:e8:,UTTetudiants,-52,2026-04-30 11:06:43
f8:6b:d9:01:8e:e8:,UTTetudiants,-52,2026-04-30 11:06:46
f8:6b:d9:01:8e:e8:,UTTetudiants,-59,2026-04-30 11:06:46
f8:6b:d9:01:8e:e8:,UTTetudiants,-52,2026-04-30 11:06:46
f8:6b:d9:01:8e:e8:,UTTetudiants,-52,2026-04-30 11:06:49
f8:6b:d9:01:8e:e8:,UTTetudiants,-59,2026-04-30 11:06:49
f8:6b:d9:01:8e:e8:,UTTetudiants,-52,2026-04-30 11:06:49
f8:6b:d9:01:8e:e8:,UTTetudiants,-53,2026-04-30 11:06:52
f8:6b:d9:01:8e:e8:,UTTetudiants,-67,2026-04-30 11:06:52
f8:6b:d9:01:8e:e8:,UTTetudiants,-53,2026-04-30 11:06:52
f8:6b:d9:01:8e:e8:,UTTetudiants,-53,2026-04-30 11:06:56
f8:6b:d9:01:8e:e8:,UTTetudiants,-59,2026-04-30 11:06:56
f8:6b:d9:01:8e:e8:,UTTetudiants,-53,2026-04-30 11:06:56
f8:6b:d9:01:8e:e8:,UTTetudiants,-49,2026-04-30 11:06:58
f8:6b:d9:01:8e:e8:,UTTetudiants,-59,2026-04-30 11:06:58
f8:6b:d9:01:8e:e8:,UTTetudiants,-49,2026-04-30 11:06:58
f8:6b:d9:01:8e:e8:,UTTetudiants,-52,2026-04-30 11:07:02
f8:6b:d9:01:8e:e8:,UTTetudiants,-65,2026-04-30 11:07:02
f8:6b:d9:01:8e:e8:,UTTetudiants,-52,2026-04-30 11:07:02
f8:6b:d9:01:8e:e8:,UTTetudiants,-52,2026-04-30 11:07:05
f8:6b:d9:01:8e:e8:,UTTetudiants,-47,2026-04-30 11:07:05
f8:6b:d9:01:8e:e8:,UTTetudiants,-52,2026-04-30 11:07:05
f8:6b:d9:01:8e:e8:,UTTetudiants,-55,2026-04-30 11:07:08
f8:6b:d9:01:8e:e8:,UTTetudiants,-47,2026-04-30 11:07:08
f8:6b:d9:01:8e:e8:,UTTetudiants,-55,2026-04-30 11:07:08
f8:6b:d9:01:85:27:,UTTetudiants,-86,2026-04-30 11:03:51
f8:6b:d9:01:85:27:,UTTetudiants,-86,2026-04-30 11:03:51
f8:6b:d9:01:85:27:,UTTetudiants,-84,2026-04-30 11:03:54
f8:6b:d9:01:85:27:,UTTetudiants,-84,2026-04-30 11:03:54
f8:6b:d9:01:85:27:,UTTetudiants,-84,2026-04-30 11:03:57
f8:6b:d9:01:85:27:,UTTetudiants,-84,2026-04-30 11:03:57
f8:6b:d9:01:85:27:,UTTetudiants,-84,2026-04-30 11:04:00
f8:6b:d9:01:85:27:,UTTetudiants,-84,2026-04-30 11:04:00
f8:6b:d9:01:85:27:,UTTetudiants,-84,2026-04-30 11:04:02
f8:6b:d9:01:85:27:,UTTetudiants,-84,2026-04-30 11:04:02
f8:6b:d9:01:85:27:,UTTetudiants,-84,2026-04-30 11:04:05
f8:6b:d9:01:85:27:,UTTetudiants,-84,2026-04-30 11:04:05
f8:6b:d9:01:85:27:,UTTetudiants,-84,2026-04-30 11:04:08
f8:6b:d9:01:85:27:,UTTetudiants,-84,2026-04-30 11:04:08
f8:6b:d9:01:85:27:,UTTetudiants,-87,2026-04-30 11:04:11
f8:6b:d9:01:85:27:,UTTetudiants,-87,2026-04-30 11:04:11
f8:6b:d9:01:85:27:,UTTetudiants,-87,2026-04-30 11:04:14
f8:6b:d9:01:85:27:,UTTetudiants,-87,2026-04-30 11:04:14
f8:6b:d9:01:85:27:,UTTetudiants,-87,2026-04-30 11:04:18
f8:6b:d9:01:85:27:,UTTetudiants,-87,2026-04-30 11:04:18
f8:6b:d9:01:85:27:,UTTetudiants,-87,2026-04-30 11:04:21
f8:6b:d9:01:85:27:,UTTetudiants,-86,2026-04-30 11:04:21
f8:6b:d9:01:85:27:,UTTetudiants,-87,2026-04-30 11:04:21
f8:6b:d9:01:85:27:,UTTetudiants,-87,2026-04-30 11:04:24
f8:6b:d9:01:85:27:,UTTetudiants,-86,2026-04-30 11:04:24
f8:6b:d9:01:85:27:,UTTetudiants,-87,2026-04-30 11:04:24
f8:6b:d9:01:85:27:,UTTetudiants,-87,2026-04-30 11:04:27
f8:6b:d9:01:85:27:,UTTetudiants,-86,2026-04-30 11:04:27
f8:6b:d9:01:85:27:,UTTetudiants,-87,2026-04-30 11:04:27
f8:6b:d9:01:85:27:,UTTetudiants,-87,2026-04-30 11:04:29
f8:6b:d9:01:85:27:,UTTetudiants,-86,2026-04-30 11:04:29
f8:6b:d9:01:85:27:,UTTetudiants,-87,2026-04-30 11:04:29
f8:6b:d9:01:85:27:,UTTetudiants,-87,2026-04-30 11:04:32
f8:6b:d9:01:85:27:,UTTetudiants,-86,2026-04-30 11:04:32
f8:6b:d9:01:85:27:,UTTetudiants,-87,2026-04-30 11:04:32
f8:6b:d9:01:85:27:,UTTetudiants,-87,2026-04-30 11:04:36
f8:6b:d9:01:85:27:,UTTetudiants,-86,2026-04-30 11:04:36
f8:6b:d9:01:85:27:,UTTetudiants,-87,2026-04-30 11:04:36
f8:6b:d9:01:85:27:,UTTetudiants,-87,2026-04-30 11:04:43
f8:6b:d9:01:85:27:,UTTetudiants,-86,2026-04-30 11:04:43
f8:6b:d9:01:85:27:,UTTetudiants,-87,2026-04-30 11:04:43
f8:6b:d9:01:85:27:,UTTetudiants,-87,2026-04-30 11:04:46
f8:6b:d9:01:85:27:,UTTetudiants,-86,2026-04-30 11:04:46
f8:6b:d9:01:85:27:,UTTetudiants,-87,2026-04-30 11:04:46
f8:6b:d9:01:85:27:,UTTetudiants,-87,2026-04-30 11:04:49
f8:6b:d9:01:85:27:,UTTetudiants,-86,2026-04-30 11:04:49
f8:6b:d9:01:85:27:,UTTetudiants,-87,2026-04-30 11:04:49
f8:6b:d9:01:85:27:,UTTetudiants,-87,2026-04-30 11:04:53
f8:6b:d9:01:85:27:,UTTetudiants,-86,2026-04-30 11:04:53
f8:6b:d9:01:85:27:,UTTetudiants,-87,2026-04-30 11:04:53
f8:6b:d9:01:85:27:,UTTetudiants,-87,2026-04-30 11:04:57
f8:6b:d9:01:85:27:,UTTetudiants,-86,2026-04-30 11:04:57
f8:6b:d9:01:85:27:,UTTetudiants,-87,2026-04-30 11:04:57
f8:6b:d9:01:85:27:,UTTetudiants,-87,2026-04-30 11:05:00
f8:6b:d9:01:85:27:,UTTetudiants,-86,2026-04-30 11:05:00
f8:6b:d9:01:85:27:,UTTetudiants,-87,2026-04-30 11:05:00
f8:6b:d9:01:85:27:,UTTetudiants,-84,2026-04-30 11:05:04
f8:6b:d9:01:85:27:,UTTetudiants,-86,2026-04-30 11:05:04
f8:6b:d9:01:85:27:,UTTetudiants,-84,2026-04-30 11:05:04
f8:6b:d9:01:85:27:,UTTetudiants,-84,2026-04-30 11:05:48
f8:6b:d9:01:85:27:,UTTetudiants,-86,2026-04-30 11:05:48
f8:6b:d9:01:85:27:,UTTetudiants,-84,2026-04-30 11:05:48
f8:6b:d9:01:85:27:,UTTetudiants,-84,2026-04-30 11:05:51
f8:6b:d9:01:85:27:,UTTetudiants,-86,2026-04-30 11:05:51
f8:6b:d9:01:85:27:,UTTetudiants,-84,2026-04-30 11:05:51
f8:6b:d9:01:85:27:,UTTetudiants,-84,2026-04-30 11:05:54
f8:6b:d9:01:85:27:,UTTetudiants,-86,2026-04-30 11:05:54
f8:6b:d9:01:85:27:,UTTetudiants,-84,2026-04-30 11:05:54
f8:6b:d9:01:85:27:,UTTetudiants,-84,2026-04-30 11:05:57
f8:6b:d9:01:85:27:,UTTetudiants,-86,2026-04-30 11:05:57
f8:6b:d9:01:85:27:,UTTetudiants,-84,2026-04-30 11:05:57
f8:6b:d9:01:85:27:,UTTetudiants,-84,2026-04-30 11:06:02
f8:6b:d9:01:85:27:,UTTetudiants,-86,2026-04-30 11:06:02
f8:6b:d9:01:85:27:,UTTetudiants,-84,2026-04-30 11:06:02
f8:6b:d9:01:85:27:,UTTetudiants,-84,2026-04-30 11:06:07
f8:6b:d9:01:85:27:,UTTetudiants,-86,2026-04-30 11:06:07
f8:6b:d9:01:85:27:,UTTetudiants,-84,2026-04-30 11:06:07
f8:6b:d9:01:85:27:,UTTetudiants,-84,2026-04-30 11:06:10
f8:6b:d9:01:85:27:,UTTetudiants,-86,2026-04-30 11:06:10
f8:6b:d9:01:85:27:,UTTetudiants,-84,2026-04-30 11:06:10
f8:6b:d9:01:85:27:,UTTetudiants,-84,2026-04-30 11:06:13
f8:6b:d9:01:85:27:,UTTetudiants,-86,2026-04-30 11:06:13
f8:6b:d9:01:85:27:,UTTetudiants,-84,2026-04-30 11:06:13
f8:6b:d9:01:85:27:,UTTetudiants,-84,2026-04-30 11:06:16
f8:6b:d9:01:85:27:,UTTetudiants,-86,2026-04-30 11:06:16
f8:6b:d9:01:85:27:,UTTetudiants,-84,2026-04-30 11:06:16
f8:6b:d9:01:85:27:,UTTetudiants,-84,2026-04-30 11:06:19
f8:6b:d9:01:85:27:,UTTetudiants,-84,2026-04-30 11:06:19
f8:6b:d9:01:85:27:,UTTetudiants,-84,2026-04-30 11:06:22
f8:6b:d9:01:85:27:,UTTetudiants,-84,2026-04-30 11:06:22
f8:6b:d9:01:85:27:,UTTetudiants,-84,2026-04-30 11:06:25
f8:6b:d9:01:85:27:,UTTetudiants,-84,2026-04-30 11:06:25
f8:6b:d9:01:85:27:,UTTetudiants,-84,2026-04-30 11:06:27
f8:6b:d9:01:85:27:,UTTetudiants,-84,2026-04-30 11:06:27
f8:6b:d9:01:85:27:,UTTetudiants,-84,2026-04-30 11:06:30
f8:6b:d9:01:85:27:,UTTetudiants,-84,2026-04-30 11:06:30
f8:6b:d9:01:85:27:,UTTetudiants,-84,2026-04-30 11:06:33
f8:6b:d9:01:85:27:,UTTetudiants,-84,2026-04-30 11:06:33
f8:6b:d9:01:85:27:,UTTetudiants,-84,2026-04-30 11:06:36
f8:6b:d9:01:85:27:,UTTetudiants,-84,2026-04-30 11:06:36
f8:6b:d9:01:85:27:,UTTetudiants,-84,2026-04-30 11:06:40
f8:6b:d9:01:85:27:,UTTetudiants,-84,2026-04-30 11:06:40
f8:6b:d9:01:85:27:,UTTetudiants,-84,2026-04-30 11:06:43
f8:6b:d9:01:85:27:,UTTetudiants,-84,2026-04-30 11:06:43
f8:6b:d9:01:85:27:,UTTetudiants,-84,2026-04-30 11:06:46
f8:6b:d9:01:85:27:,UTTetudiants,-84,2026-04-30 11:06:46
f8:6b:d9:01:85:27:,UTTetudiants,-84,2026-04-30 11:06:49
f8:6b:d9:01:85:27:,UTTetudiants,-84,2026-04-30 11:06:49
f8:6b:d9:01:85:27:,UTTetudiants,-84,2026-04-30 11:06:52
f8:6b:d9:01:85:27:,UTTetudiants,-84,2026-04-30 11:06:52
f8:6b:d9:01:85:27:,UTTetudiants,-84,2026-04-30 11:06:56
f8:6b:d9:01:85:27:,UTTetudiants,-84,2026-04-30 11:06:56
f8:6b:d9:01:85:27:,UTTetudiants,-84,2026-04-30 11:06:58
f8:6b:d9:01:85:27:,UTTetudiants,-84,2026-04-30 11:06:58
f8:6b:d9:01:8e:e7:,UTTetudiants,-71,2026-04-30 11:03:51
f8:6b:d9:01:8e:e7:,UTTetudiants,-52,2026-04-30 11:03:51
f8:6b:d9:01:8e:e7:,UTTetudiants,-71,2026-04-30 11:03:51
f8:6b:d9:01:8e:e7:,UTTetudiants,-46,2026-04-30 11:03:54
f8:6b:d9:01:8e:e7:,UTTetudiants,-49,2026-04-30 11:03:54
f8:6b:d9:01:8e:e7:,UTTetudiants,-46,2026-04-30 11:03:54
f8:6b:d9:01:8e:e7:,UTTetudiants,-46,2026-04-30 11:03:57
f8:6b:d9:01:8e:e7:,UTTetudiants,-49,2026-04-30 11:03:57
f8:6b:d9:01:8e:e7:,UTTetudiants,-46,2026-04-30 11:03:57
f8:6b:d9:01:8e:e7:,UTTetudiants,-62,2026-04-30 11:04:00
f8:6b:d9:01:8e:e7:,UTTetudiants,-44,2026-04-30 11:04:00
f8:6b:d9:01:8e:e7:,UTTetudiants,-62,2026-04-30 11:04:00
f8:6b:d9:01:8e:e7:,UTTetudiants,-65,2026-04-30 11:04:02
f8:6b:d9:01:8e:e7:,UTTetudiants,-52,2026-04-30 11:04:02
f8:6b:d9:01:8e:e7:,UTTetudiants,-65,2026-04-30 11:04:02
f8:6b:d9:01:8e:e7:,UTTetudiants,-65,2026-04-30 11:04:05
f8:6b:d9:01:8e:e7:,UTTetudiants,-52,2026-04-30 11:04:05
f8:6b:d9:01:8e:e7:,UTTetudiants,-65,2026-04-30 11:04:05
f8:6b:d9:01:8e:e7:,UTTetudiants,-59,2026-04-30 11:04:08
f8:6b:d9:01:8e:e7:,UTTetudiants,-48,2026-04-30 11:04:08
f8:6b:d9:01:8e:e7:,UTTetudiants,-59,2026-04-30 11:04:08
f8:6b:d9:01:8e:e7:,UTTetudiants,-58,2026-04-30 11:04:11
f8:6b:d9:01:8e:e7:,UTTetudiants,-59,2026-04-30 11:04:11
f8:6b:d9:01:8e:e7:,UTTetudiants,-58,2026-04-30 11:04:11
f8:6b:d9:01:8e:e7:,UTTetudiants,-58,2026-04-30 11:04:14
f8:6b:d9:01:8e:e7:,UTTetudiants,-59,2026-04-30 11:04:14
f8:6b:d9:01:8e:e7:,UTTetudiants,-58,2026-04-30 11:04:14
f8:6b:d9:01:8e:e7:,UTTetudiants,-64,2026-04-30 11:04:18
f8:6b:d9:01:8e:e7:,UTTetudiants,-53,2026-04-30 11:04:18
f8:6b:d9:01:8e:e7:,UTTetudiants,-64,2026-04-30 11:04:18
f8:6b:d9:01:8e:e7:,UTTetudiants,-64,2026-04-30 11:04:21
f8:6b:d9:01:8e:e7:,UTTetudiants,-53,2026-04-30 11:04:21
f8:6b:d9:01:8e:e7:,UTTetudiants,-64,2026-04-30 11:04:21
f8:6b:d9:01:8e:e7:,UTTetudiants,-47,2026-04-30 11:04:24
f8:6b:d9:01:8e:e7:,UTTetudiants,-56,2026-04-30 11:04:24
f8:6b:d9:01:8e:e7:,UTTetudiants,-47,2026-04-30 11:04:24
f8:6b:d9:01:8e:e7:,UTTetudiants,-55,2026-04-30 11:04:27
f8:6b:d9:01:8e:e7:,UTTetudiants,-49,2026-04-30 11:04:27
f8:6b:d9:01:8e:e7:,UTTetudiants,-55,2026-04-30 11:04:27
f8:6b:d9:01:8e:e7:,UTTetudiants,-55,2026-04-30 11:04:29
f8:6b:d9:01:8e:e7:,UTTetudiants,-49,2026-04-30 11:04:29
f8:6b:d9:01:8e:e7:,UTTetudiants,-55,2026-04-30 11:04:29
f8:6b:d9:01:8e:e7:,UTTetudiants,-44,2026-04-30 11:04:32
f8:6b:d9:01:8e:e7:,UTTetudiants,-54,2026-04-30 11:04:32
f8:6b:d9:01:8e:e7:,UTTetudiants,-44,2026-04-30 11:04:32
f8:6b:d9:01:8e:e7:,UTTetudiants,-52,2026-04-30 11:04:36
f8:6b:d9:01:8e:e7:,UTTetudiants,-48,2026-04-30 11:04:36
f8:6b:d9:01:8e:e7:,UTTetudiants,-52,2026-04-30 11:04:36
f8:6b:d9:01:8e:e7:,UTTetudiants,-40,2026-04-30 11:04:43
f8:6b:d9:01:8e:e7:,UTTetudiants,-47,2026-04-30 11:04:43
f8:6b:d9:01:8e:e7:,UTTetudiants,-40,2026-04-30 11:04:43
f8:6b:d9:01:8e:e7:,UTTetudiants,-53,2026-04-30 11:04:46
f8:6b:d9:01:8e:e7:,UTTetudiants,-48,2026-04-30 11:04:46
f8:6b:d9:01:8e:e7:,UTTetudiants,-53,2026-04-30 11:04:46
f8:6b:d9:01:8e:e7:,UTTetudiants,-53,2026-04-30 11:04:49
f8:6b:d9:01:8e:e7:,UTTetudiants,-48,2026-04-30 11:04:49
f8:6b:d9:01:8e:e7:,UTTetudiants,-53,2026-04-30 11:04:49
f8:6b:d9:01:8e:e7:,UTTetudiants,-61,2026-04-30 11:04:53
f8:6b:d9:01:8e:e7:,UTTetudiants,-57,2026-04-30 11:04:53
f8:6b:d9:01:8e:e7:,UTTetudiants,-61,2026-04-30 11:04:53
f8:6b:d9:01:8e:e7:,UTTetudiants,-61,2026-04-30 11:04:57
f8:6b:d9:01:8e:e7:,UTTetudiants,-57,2026-04-30 11:04:57
f8:6b:d9:01:8e:e7:,UTTetudiants,-61,2026-04-30 11:04:57
f8:6b:d9:01:8e:e7:,UTTetudiants,-60,2026-04-30 11:05:00
f8:6b:d9:01:8e:e7:,UTTetudiants,-51,2026-04-30 11:05:00
f8:6b:d9:01:8e:e7:,UTTetudiants,-60,2026-04-30 11:05:00
f8:6b:d9:01:8e:e7:,UTTetudiants,-43,2026-04-30 11:05:04
f8:6b:d9:01:8e:e7:,UTTetudiants,-49,2026-04-30 11:05:04
f8:6b:d9:01:8e:e7:,UTTetudiants,-43,2026-04-30 11:05:04
f8:6b:d9:01:8e:e7:,UTTetudiants,-59,2026-04-30 11:05:48
f8:6b:d9:01:8e:e7:,UTTetudiants,-47,2026-04-30 11:05:48
f8:6b:d9:01:8e:e7:,UTTetudiants,-59,2026-04-30 11:05:48
f8:6b:d9:01:8e:e7:,UTTetudiants,-59,2026-04-30 11:05:51
f8:6b:d9:01:8e:e7:,UTTetudiants,-47,2026-04-30 11:05:51
f8:6b:d9:01:8e:e7:,UTTetudiants,-59,2026-04-30 11:05:51
f8:6b:d9:01:8e:e7:,UTTetudiants,-55,2026-04-30 11:05:54
f8:6b:d9:01:8e:e7:,UTTetudiants,-54,2026-04-30 11:05:54
f8:6b:d9:01:8e:e7:,UTTetudiants,-55,2026-04-30 11:05:54
f8:6b:d9:01:8e:e7:,UTTetudiants,-55,2026-04-30 11:05:57
f8:6b:d9:01:8e:e7:,UTTetudiants,-54,2026-04-30 11:05:57
f8:6b:d9:01:8e:e7:,UTTetudiants,-55,2026-04-30 11:05:57
f8:6b:d9:01:8e:e7:,UTTetudiants,-67,2026-04-30 11:06:02
f8:6b:d9:01:8e:e7:,UTTetudiants,-47,2026-04-30 11:06:02
f8:6b:d9:01:8e:e7:,UTTetudiants,-67,2026-04-30 11:06:02
f8:6b:d9:01:8e:e7:,UTTetudiants,-54,2026-04-30 11:06:07
f8:6b:d9:01:8e:e7:,UTTetudiants,-59,2026-04-30 11:06:07
f8:6b:d9:01:8e:e7:,UTTetudiants,-54,2026-04-30 11:06:07
f8:6b:d9:01:8e:e7:,UTTetudiants,-54,2026-04-30 11:06:10
f8:6b:d9:01:8e:e7:,UTTetudiants,-59,2026-04-30 11:06:10
f8:6b:d9:01:8e:e7:,UTTetudiants,-54,2026-04-30 11:06:10
f8:6b:d9:01:8e:e7:,UTTetudiants,-57,2026-04-30 11:06:13
f8:6b:d9:01:8e:e7:,UTTetudiants,-54,2026-04-30 11:06:13
f8:6b:d9:01:8e:e7:,UTTetudiants,-57,2026-04-30 11:06:13
f8:6b:d9:01:8e:e7:,UTTetudiants,-57,2026-04-30 11:06:16
f8:6b:d9:01:8e:e7:,UTTetudiants,-54,2026-04-30 11:06:16
f8:6b:d9:01:8e:e7:,UTTetudiants,-57,2026-04-30 11:06:16
f8:6b:d9:01:8e:e7:,UTTetudiants,-44,2026-04-30 11:06:19
f8:6b:d9:01:8e:e7:,UTTetudiants,-53,2026-04-30 11:06:19
f8:6b:d9:01:8e:e7:,UTTetudiants,-44,2026-04-30 11:06:19
f8:6b:d9:01:8e:e7:,UTTetudiants,-49,2026-04-30 11:06:22
f8:6b:d9:01:8e:e7:,UTTetudiants,-47,2026-04-30 11:06:22
f8:6b:d9:01:8e:e7:,UTTetudiants,-49,2026-04-30 11:06:22
f8:6b:d9:01:8e:e7:,UTTetudiants,-49,2026-04-30 11:06:25
f8:6b:d9:01:8e:e7:,UTTetudiants,-47,2026-04-30 11:06:25
f8:6b:d9:01:8e:e7:,UTTetudiants,-49,2026-04-30 11:06:25
f8:6b:d9:01:8e:e7:,UTTetudiants,-53,2026-04-30 11:06:27
f8:6b:d9:01:8e:e7:,UTTetudiants,-54,2026-04-30 11:06:27
f8:6b:d9:01:8e:e7:,UTTetudiants,-53,2026-04-30 11:06:27
f8:6b:d9:01:8e:e7:,UTTetudiants,-53,2026-04-30 11:06:30
f8:6b:d9:01:8e:e7:,UTTetudiants,-54,2026-04-30 11:06:30
f8:6b:d9:01:8e:e7:,UTTetudiants,-53,2026-04-30 11:06:30
f8:6b:d9:01:8e:e7:,UTTetudiants,-67,2026-04-30 11:06:33
f8:6b:d9:01:8e:e7:,UTTetudiants,-53,2026-04-30 11:06:33
f8:6b:d9:01:8e:e7:,UTTetudiants,-67,2026-04-30 11:06:33
f8:6b:d9:01:8e:e7:,UTTetudiants,-57,2026-04-30 11:06:36
f8:6b:d9:01:8e:e7:,UTTetudiants,-61,2026-04-30 11:06:36
f8:6b:d9:01:8e:e7:,UTTetudiants,-57,2026-04-30 11:06:36
f8:6b:d9:01:8e:e7:,UTTetudiants,-57,2026-04-30 11:06:40
f8:6b:d9:01:8e:e7:,UTTetudiants,-61,2026-04-30 11:06:40
f8:6b:d9:01:8e:e7:,UTTetudiants,-57,2026-04-30 11:06:40
f8:6b:d9:01:8e:e7:,UTTetudiants,-64,2026-04-30 11:06:43
f8:6b:d9:01:8e:e7:,UTTetudiants,-49,2026-04-30 11:06:43
f8:6b:d9:01:8e:e7:,UTTetudiants,-64,2026-04-30 11:06:43
f8:6b:d9:01:8e:e7:,UTTetudiants,-60,2026-04-30 11:06:46
f8:6b:d9:01:8e:e7:,UTTetudiants,-60,2026-04-30 11:06:46
f8:6b:d9:01:8e:e7:,UTTetudiants,-60,2026-04-30 11:06:46
f8:6b:d9:01:8e:e7:,UTTetudiants,-60,2026-04-30 11:06:49
f8:6b:d9:01:8e:e7:,UTTetudiants,-60,2026-04-30 11:06:49
f8:6b:d9:01:8e:e7:,UTTetudiants,-60,2026-04-30 11:06:49
f8:6b:d9:01:8e:e7:,UTTetudiants,-68,2026-04-30 11:06:52
f8:6b:d9:01:8e:e7:,UTTetudiants,-53,2026-04-30 11:06:52
f8:6b:d9:01:8e:e7:,UTTetudiants,-68,2026-04-30 11:06:52
f8:6b:d9:01:8e:e7:,UTTetudiants,-59,2026-04-30 11:06:56
f8:6b:d9:01:8e:e7:,UTTetudiants,-55,2026-04-30 11:06:56
f8:6b:d9:01:8e:e7:,UTTetudiants,-59,2026-04-30 11:06:56
f8:6b:d9:01:8e:e7:,UTTetudiants,-59,2026-04-30 11:06:58
f8:6b:d9:01:8e:e7:,UTTetudiants,-55,2026-04-30 11:06:58
f8:6b:d9:01:8e:e7:,UTTetudiants,-59,2026-04-30 11:06:58
f8:6b:d9:01:8e:e7:,UTTetudiants,-65,2026-04-30 11:07:02
f8:6b:d9:01:8e:e7:,UTTetudiants,-51,2026-04-30 11:07:02
f8:6b:d9:01:8e:e7:,UTTetudiants,-65,2026-04-30 11:07:02
f8:6b:d9:01:8e:e7:,UTTetudiants,-47,2026-04-30 11:07:05
f8:6b:d9:01:8e:e7:,UTTetudiants,-51,2026-04-30 11:07:05
f8:6b:d9:01:8e:e7:,UTTetudiants,-47,2026-04-30 11:07:05
f8:6b:d9:01:8e:e7:,UTTetudiants,-47,2026-04-30 11:07:08
f8:6b:d9:01:8e:e7:,UTTetudiants,-51,2026-04-30 11:07:08
f8:6b:d9:01:8e:e7:,UTTetudiants,-47,2026-04-30 11:07:08
f8:6b:d9:01:93:68:,UTTetudiants,-87,2026-04-30 11:03:51
f8:6b:d9:01:93:68:,UTTetudiants,-87,2026-04-30 11:03:51
f8:6b:d9:01:93:68:,UTTetudiants,-87,2026-04-30 11:03:54
f8:6b:d9:01:93:68:,UTTetudiants,-87,2026-04-30 11:03:54
f8:6b:d9:01:93:68:,UTTetudiants,-87,2026-04-30 11:03:57
f8:6b:d9:01:93:68:,UTTetudiants,-87,2026-04-30 11:03:57
f8:6b:d9:01:93:68:,UTTetudiants,-87,2026-04-30 11:04:00
f8:6b:d9:01:93:68:,UTTetudiants,-87,2026-04-30 11:04:00
f8:6b:d9:01:93:68:,UTTetudiants,-87,2026-04-30 11:04:02
f8:6b:d9:01:93:68:,UTTetudiants,-87,2026-04-30 11:04:02
f8:6b:d9:01:93:68:,UTTetudiants,-87,2026-04-30 11:04:05
f8:6b:d9:01:93:68:,UTTetudiants,-87,2026-04-30 11:04:05
f8:6b:d9:01:93:68:,UTTetudiants,-87,2026-04-30 11:04:08
f8:6b:d9:01:93:68:,UTTetudiants,-87,2026-04-30 11:04:08
f8:6b:d9:01:93:68:,UTTetudiants,-87,2026-04-30 11:04:11
f8:6b:d9:01:93:68:,UTTetudiants,-87,2026-04-30 11:04:11
f8:6b:d9:01:93:68:,UTTetudiants,-87,2026-04-30 11:04:14
f8:6b:d9:01:93:68:,UTTetudiants,-87,2026-04-30 11:04:14
f8:6b:d9:01:93:68:,UTTetudiants,-87,2026-04-30 11:04:18
f8:6b:d9:01:93:68:,UTTetudiants,-87,2026-04-30 11:04:18
f8:6b:d9:01:93:68:,UTTetudiants,-87,2026-04-30 11:04:21
f8:6b:d9:01:93:68:,UTTetudiants,-87,2026-04-30 11:04:21
f8:6b:d9:01:93:68:,UTTetudiants,-87,2026-04-30 11:04:24
f8:6b:d9:01:93:68:,UTTetudiants,-87,2026-04-30 11:04:24
f8:6b:d9:01:93:68:,UTTetudiants,-87,2026-04-30 11:04:27
f8:6b:d9:01:93:68:,UTTetudiants,-87,2026-04-30 11:04:27
f8:6b:d9:01:93:68:,UTTetudiants,-87,2026-04-30 11:04:29
f8:6b:d9:01:93:68:,UTTetudiants,-87,2026-04-30 11:04:29
f8:6b:d9:01:93:68:,UTTetudiants,-87,2026-04-30 11:04:32
f8:6b:d9:01:93:68:,UTTetudiants,-87,2026-04-30 11:04:32
f8:6b:d9:01:93:68:,UTTetudiants,-87,2026-04-30 11:04:36
f8:6b:d9:01:93:68:,UTTetudiants,-87,2026-04-30 11:04:36
f8:6b:d9:01:93:68:,UTTetudiants,-87,2026-04-30 11:04:43
f8:6b:d9:01:93:68:,UTTetudiants,-87,2026-04-30 11:04:43
f8:6b:d9:01:93:68:,UTTetudiants,-87,2026-04-30 11:04:46
f8:6b:d9:01:93:68:,UTTetudiants,-87,2026-04-30 11:04:46
f8:6b:d9:01:93:68:,UTTetudiants,-87,2026-04-30 11:04:49
f8:6b:d9:01:93:68:,UTTetudiants,-87,2026-04-30 11:04:49
f8:6b:d9:01:93:68:,UTTetudiants,-87,2026-04-30 11:04:53
f8:6b:d9:01:93:68:,UTTetudiants,-87,2026-04-30 11:04:53
f8:6b:d9:01:93:68:,UTTetudiants,-87,2026-04-30 11:04:57
f8:6b:d9:01:93:68:,UTTetudiants,-87,2026-04-30 11:04:57
f8:6b:d9:01:93:68:,UTTetudiants,-87,2026-04-30 11:05:00
f8:6b:d9:01:93:68:,UTTetudiants,-87,2026-04-30 11:05:00
f8:6b:d9:01:93:68:,UTTetudiants,-87,2026-04-30 11:05:04
f8:6b:d9:01:93:68:,UTTetudiants,-87,2026-04-30 11:05:04
f8:6b:d9:95:d8:87:,UTTetudiants,-68,2026-04-30 11:03:51
f8:6b:d9:95:d8:87:,UTTetudiants,-48,2026-04-30 11:03:51
f8:6b:d9:95:d8:87:,UTTetudiants,-68,2026-04-30 11:03:51
f8:6b:d9:95:d8:87:,UTTetudiants,-89,2026-04-30 11:03:54
f8:6b:d9:95:d8:87:,UTTetudiants,-48,2026-04-30 11:03:54
f8:6b:d9:95:d8:87:,UTTetudiants,-89,2026-04-30 11:03:54
f8:6b:d9:95:d8:87:,UTTetudiants,-89,2026-04-30 11:03:57
f8:6b:d9:95:d8:87:,UTTetudiants,-48,2026-04-30 11:03:57
f8:6b:d9:95:d8:87:,UTTetudiants,-89,2026-04-30 11:03:57
f8:6b:d9:95:d8:87:,UTTetudiants,-89,2026-04-30 11:04:00
f8:6b:d9:95:d8:87:,UTTetudiants,-48,2026-04-30 11:04:00
f8:6b:d9:95:d8:87:,UTTetudiants,-89,2026-04-30 11:04:00
f8:6b:d9:95:d8:87:,UTTetudiants,-81,2026-04-30 11:04:02
f8:6b:d9:95:d8:87:,UTTetudiants,-48,2026-04-30 11:04:02
f8:6b:d9:95:d8:87:,UTTetudiants,-81,2026-04-30 11:04:02
f8:6b:d9:95:d8:87:,UTTetudiants,-81,2026-04-30 11:04:05
f8:6b:d9:95:d8:87:,UTTetudiants,-48,2026-04-30 11:04:05
f8:6b:d9:95:d8:87:,UTTetudiants,-81,2026-04-30 11:04:05
f8:6b:d9:95:d8:87:,UTTetudiants,-85,2026-04-30 11:04:08
f8:6b:d9:95:d8:87:,UTTetudiants,-87,2026-04-30 11:04:08
f8:6b:d9:95:d8:87:,UTTetudiants,-85,2026-04-30 11:04:08
f8:6b:d9:95:d8:87:,UTTetudiants,-81,2026-04-30 11:04:11
f8:6b:d9:95:d8:87:,UTTetudiants,-87,2026-04-30 11:04:11
f8:6b:d9:95:d8:87:,UTTetudiants,-81,2026-04-30 11:04:11
f8:6b:d9:95:d8:87:,UTTetudiants,-81,2026-04-30 11:04:14
f8:6b:d9:95:d8:87:,UTTetudiants,-87,2026-04-30 11:04:14
f8:6b:d9:95:d8:87:,UTTetudiants,-81,2026-04-30 11:04:14
f8:6b:d9:95:d8:87:,UTTetudiants,-86,2026-04-30 11:04:18
f8:6b:d9:95:d8:87:,UTTetudiants,-87,2026-04-30 11:04:18
f8:6b:d9:95:d8:87:,UTTetudiants,-86,2026-04-30 11:04:18
f8:6b:d9:95:d8:87:,UTTetudiants,-86,2026-04-30 11:04:21
f8:6b:d9:95:d8:87:,UTTetudiants,-87,2026-04-30 11:04:21
f8:6b:d9:95:d8:87:,UTTetudiants,-86,2026-04-30 11:04:21
f8:6b:d9:95:d8:87:,UTTetudiants,-86,2026-04-30 11:04:24
f8:6b:d9:95:d8:87:,UTTetudiants,-87,2026-04-30 11:04:24
f8:6b:d9:95:d8:87:,UTTetudiants,-86,2026-04-30 11:04:24
f8:6b:d9:95:d8:87:,UTTetudiants,-86,2026-04-30 11:04:27
f8:6b:d9:95:d8:87:,UTTetudiants,-87,2026-04-30 11:04:27
f8:6b:d9:95:d8:87:,UTTetudiants,-86,2026-04-30 11:04:27
f8:6b:d9:95:d8:87:,UTTetudiants,-86,2026-04-30 11:04:29
f8:6b:d9:95:d8:87:,UTTetudiants,-87,2026-04-30 11:04:29
f8:6b:d9:95:d8:87:,UTTetudiants,-86,2026-04-30 11:04:29
f8:6b:d9:95:d8:87:,UTTetudiants,-86,2026-04-30 11:04:32
f8:6b:d9:95:d8:87:,UTTetudiants,-87,2026-04-30 11:04:32
f8:6b:d9:95:d8:87:,UTTetudiants,-86,2026-04-30 11:04:32
f8:6b:d9:95:d8:87:,UTTetudiants,-86,2026-04-30 11:04:36
f8:6b:d9:95:d8:87:,UTTetudiants,-87,2026-04-30 11:04:36
f8:6b:d9:95:d8:87:,UTTetudiants,-86,2026-04-30 11:04:36
f8:6b:d9:95:d8:87:,UTTetudiants,-86,2026-04-30 11:04:43
f8:6b:d9:95:d8:87:,UTTetudiants,-87,2026-04-30 11:04:43
f8:6b:d9:95:d8:87:,UTTetudiants,-86,2026-04-30 11:04:43
f8:6b:d9:95:d8:87:,UTTetudiants,-84,2026-04-30 11:04:46
f8:6b:d9:95:d8:87:,UTTetudiants,-87,2026-04-30 11:04:46
f8:6b:d9:95:d8:87:,UTTetudiants,-84,2026-04-30 11:04:46
f8:6b:d9:95:d8:87:,UTTetudiants,-84,2026-04-30 11:04:49
f8:6b:d9:95:d8:87:,UTTetudiants,-87,2026-04-30 11:04:49
f8:6b:d9:95:d8:87:,UTTetudiants,-84,2026-04-30 11:04:49
f8:6b:d9:95:d8:87:,UTTetudiants,-86,2026-04-30 11:04:53
f8:6b:d9:95:d8:87:,UTTetudiants,-87,2026-04-30 11:04:53
f8:6b:d9:95:d8:87:,UTTetudiants,-86,2026-04-30 11:04:53
f8:6b:d9:95:d8:87:,UTTetudiants,-86,2026-04-30 11:04:57
f8:6b:d9:95:d8:87:,UTTetudiants,-87,2026-04-30 11:04:57
f8:6b:d9:95:d8:87:,UTTetudiants,-86,2026-04-30 11:04:57
f8:6b:d9:95:d8:87:,UTTetudiants,-83,2026-04-30 11:05:00
f8:6b:d9:95:d8:87:,UTTetudiants,-87,2026-04-30 11:05:00
f8:6b:d9:95:d8:87:,UTTetudiants,-83,2026-04-30 11:05:00
f8:6b:d9:95:d8:87:,UTTetudiants,-84,2026-04-30 11:05:04
f8:6b:d9:95:d8:87:,UTTetudiants,-87,2026-04-30 11:05:04
f8:6b:d9:95:d8:87:,UTTetudiants,-84,2026-04-30 11:05:04
f8:6b:d9:95:d8:87:,UTTetudiants,-86,2026-04-30 11:05:48
f8:6b:d9:95:d8:87:,UTTetudiants,-87,2026-04-30 11:05:48
f8:6b:d9:95:d8:87:,UTTetudiants,-86,2026-04-30 11:05:48
f8:6b:d9:95:d8:87:,UTTetudiants,-86,2026-04-30 11:05:51
f8:6b:d9:95:d8:87:,UTTetudiants,-87,2026-04-30 11:05:51
f8:6b:d9:95:d8:87:,UTTetudiants,-86,2026-04-30 11:05:51
f8:6b:d9:95:d8:87:,UTTetudiants,-81,2026-04-30 11:05:54
f8:6b:d9:95:d8:87:,UTTetudiants,-87,2026-04-30 11:05:54
f8:6b:d9:95:d8:87:,UTTetudiants,-81,2026-04-30 11:05:54
f8:6b:d9:95:d8:87:,UTTetudiants,-81,2026-04-30 11:05:57
f8:6b:d9:95:d8:87:,UTTetudiants,-87,2026-04-30 11:05:57
f8:6b:d9:95:d8:87:,UTTetudiants,-81,2026-04-30 11:05:57
f8:6b:d9:95:d8:87:,UTTetudiants,-83,2026-04-30 11:06:02
f8:6b:d9:95:d8:87:,UTTetudiants,-87,2026-04-30 11:06:02
f8:6b:d9:95:d8:87:,UTTetudiants,-83,2026-04-30 11:06:02
f8:6b:d9:95:d8:87:,UTTetudiants,-76,2026-04-30 11:06:07
f8:6b:d9:95:d8:87:,UTTetudiants,-87,2026-04-30 11:06:07
f8:6b:d9:95:d8:87:,UTTetudiants,-76,2026-04-30 11:06:07
f8:6b:d9:95:d8:87:,UTTetudiants,-76,2026-04-30 11:06:10
f8:6b:d9:95:d8:87:,UTTetudiants,-76,2026-04-30 11:06:10
f8:6b:d9:95:d8:87:,UTTetudiants,-86,2026-04-30 11:06:13
f8:6b:d9:95:d8:87:,UTTetudiants,-86,2026-04-30 11:06:13
f8:6b:d9:95:d8:87:,UTTetudiants,-86,2026-04-30 11:06:16
f8:6b:d9:95:d8:87:,UTTetudiants,-84,2026-04-30 11:06:16
f8:6b:d9:95:d8:87:,UTTetudiants,-86,2026-04-30 11:06:16
f8:6b:d9:95:d8:87:,UTTetudiants,-81,2026-04-30 11:06:19
f8:6b:d9:95:d8:87:,UTTetudiants,-84,2026-04-30 11:06:19
f8:6b:d9:95:d8:87:,UTTetudiants,-81,2026-04-30 11:06:19
f8:6b:d9:95:d8:87:,UTTetudiants,-86,2026-04-30 11:06:22
f8:6b:d9:95:d8:87:,UTTetudiants,-84,2026-04-30 11:06:22
f8:6b:d9:95:d8:87:,UTTetudiants,-86,2026-04-30 11:06:22
f8:6b:d9:95:d8:87:,UTTetudiants,-86,2026-04-30 11:06:25
f8:6b:d9:95:d8:87:,UTTetudiants,-88,2026-04-30 11:06:25
f8:6b:d9:95:d8:87:,UTTetudiants,-86,2026-04-30 11:06:25
f8:6b:d9:95:d8:87:,UTTetudiants,-81,2026-04-30 11:06:27
f8:6b:d9:95:d8:87:,UTTetudiants,-88,2026-04-30 11:06:27
f8:6b:d9:95:d8:87:,UTTetudiants,-81,2026-04-30 11:06:27
f8:6b:d9:95:d8:87:,UTTetudiants,-81,2026-04-30 11:06:30
f8:6b:d9:95:d8:87:,UTTetudiants,-88,2026-04-30 11:06:30
f8:6b:d9:95:d8:87:,UTTetudiants,-81,2026-04-30 11:06:30
f8:6b:d9:95:d8:87:,UTTetudiants,-81,2026-04-30 11:06:33
f8:6b:d9:95:d8:87:,UTTetudiants,-84,2026-04-30 11:06:33
f8:6b:d9:95:d8:87:,UTTetudiants,-81,2026-04-30 11:06:33
f8:6b:d9:95:d8:87:,UTTetudiants,-73,2026-04-30 11:06:36
f8:6b:d9:95:d8:87:,UTTetudiants,-84,2026-04-30 11:06:36
f8:6b:d9:95:d8:87:,UTTetudiants,-73,2026-04-30 11:06:36
f8:6b:d9:95:d8:87:,UTTetudiants,-73,2026-04-30 11:06:40
f8:6b:d9:95:d8:87:,UTTetudiants,-86,2026-04-30 11:06:40
f8:6b:d9:95:d8:87:,UTTetudiants,-73,2026-04-30 11:06:40
f8:6b:d9:95:d8:87:,UTTetudiants,-81,2026-04-30 11:06:43
f8:6b:d9:95:d8:87:,UTTetudiants,-88,2026-04-30 11:06:43
f8:6b:d9:95:d8:87:,UTTetudiants,-81,2026-04-30 11:06:43
f8:6b:d9:95:d8:87:,UTTetudiants,-73,2026-04-30 11:06:46
f8:6b:d9:95:d8:87:,UTTetudiants,-88,2026-04-30 11:06:46
f8:6b:d9:95:d8:87:,UTTetudiants,-73,2026-04-30 11:06:46
f8:6b:d9:95:d8:87:,UTTetudiants,-73,2026-04-30 11:06:49
f8:6b:d9:95:d8:87:,UTTetudiants,-88,2026-04-30 11:06:49
f8:6b:d9:95:d8:87:,UTTetudiants,-73,2026-04-30 11:06:49
f8:6b:d9:95:d8:87:,UTTetudiants,-81,2026-04-30 11:06:52
f8:6b:d9:95:d8:87:,UTTetudiants,-88,2026-04-30 11:06:52
f8:6b:d9:95:d8:87:,UTTetudiants,-81,2026-04-30 11:06:52
f8:6b:d9:95:d8:87:,UTTetudiants,-73,2026-04-30 11:06:56
f8:6b:d9:95:d8:87:,UTTetudiants,-88,2026-04-30 11:06:56
f8:6b:d9:95:d8:87:,UTTetudiants,-73,2026-04-30 11:06:56
f8:6b:d9:95:d8:87:,UTTetudiants,-73,2026-04-30 11:06:58
f8:6b:d9:95:d8:87:,UTTetudiants,-88,2026-04-30 11:06:58
f8:6b:d9:95:d8:87:,UTTetudiants,-73,2026-04-30 11:06:58
f8:6b:d9:95:d8:87:,UTTetudiants,-84,2026-04-30 11:07:02
f8:6b:d9:95:d8:87:,UTTetudiants,-88,2026-04-30 11:07:02
f8:6b:d9:95:d8:87:,UTTetudiants,-84,2026-04-30 11:07:02
f8:6b:d9:95:d8:87:,UTTetudiants,-85,2026-04-30 11:07:05
f8:6b:d9:95:d8:87:,UTTetudiants,-88,2026-04-30 11:07:05
f8:6b:d9:95:d8:87:,UTTetudiants,-85,2026-04-30 11:07:05
f8:6b:d9:95:d8:87:,UTTetudiants,-85,2026-04-30 11:07:08
f8:6b:d9:95:d8:87:,UTTetudiants,-88,2026-04-30 11:07:08
f8:6b:d9:95:d8:87:,UTTetudiants,-85,2026-04-30 11:07:08
f8:6b:d9:95:d8:88:,UTTetudiants,-74,2026-04-30 11:03:51
f8:6b:d9:95:d8:88:,UTTetudiants,-71,2026-04-30 11:03:51
f8:6b:d9:95:d8:88:,UTTetudiants,-74,2026-04-30 11:03:51
f8:6b:d9:95:d8:88:,UTTetudiants,-74,2026-04-30 11:03:54
f8:6b:d9:95:d8:88:,UTTetudiants,-85,2026-04-30 11:03:54
f8:6b:d9:95:d8:88:,UTTetudiants,-74,2026-04-30 11:03:54
f8:6b:d9:95:d8:88:,UTTetudiants,-74,2026-04-30 11:03:57
f8:6b:d9:95:d8:88:,UTTetudiants,-85,2026-04-30 11:03:57
f8:6b:d9:95:d8:88:,UTTetudiants,-74,2026-04-30 11:03:57
f8:6b:d9:95:d8:88:,UTTetudiants,-74,2026-04-30 11:04:00
f8:6b:d9:95:d8:88:,UTTetudiants,-85,2026-04-30 11:04:00
f8:6b:d9:95:d8:88:,UTTetudiants,-74,2026-04-30 11:04:00
f8:6b:d9:95:d8:88:,UTTetudiants,-74,2026-04-30 11:04:02
f8:6b:d9:95:d8:88:,UTTetudiants,-78,2026-04-30 11:04:02
f8:6b:d9:95:d8:88:,UTTetudiants,-74,2026-04-30 11:04:02
f8:6b:d9:95:d8:88:,UTTetudiants,-74,2026-04-30 11:04:05
f8:6b:d9:95:d8:88:,UTTetudiants,-78,2026-04-30 11:04:05
f8:6b:d9:95:d8:88:,UTTetudiants,-74,2026-04-30 11:04:05
f8:6b:d9:95:d8:88:,UTTetudiants,-74,2026-04-30 11:04:08
f8:6b:d9:95:d8:88:,UTTetudiants,-86,2026-04-30 11:04:08
f8:6b:d9:95:d8:88:,UTTetudiants,-74,2026-04-30 11:04:08
f8:6b:d9:95:d8:88:,UTTetudiants,-74,2026-04-30 11:04:11
f8:6b:d9:95:d8:88:,UTTetudiants,-82,2026-04-30 11:04:11
f8:6b:d9:95:d8:88:,UTTetudiants,-74,2026-04-30 11:04:11
f8:6b:d9:95:d8:88:,UTTetudiants,-74,2026-04-30 11:04:14
f8:6b:d9:95:d8:88:,UTTetudiants,-82,2026-04-30 11:04:14
f8:6b:d9:95:d8:88:,UTTetudiants,-74,2026-04-30 11:04:14
f8:6b:d9:95:d8:88:,UTTetudiants,-74,2026-04-30 11:04:18
f8:6b:d9:95:d8:88:,UTTetudiants,-88,2026-04-30 11:04:18
f8:6b:d9:95:d8:88:,UTTetudiants,-74,2026-04-30 11:04:18
f8:6b:d9:95:d8:88:,UTTetudiants,-74,2026-04-30 11:04:21
f8:6b:d9:95:d8:88:,UTTetudiants,-88,2026-04-30 11:04:21
f8:6b:d9:95:d8:88:,UTTetudiants,-74,2026-04-30 11:04:21
f8:6b:d9:95:d8:88:,UTTetudiants,-74,2026-04-30 11:04:24
f8:6b:d9:95:d8:88:,UTTetudiants,-86,2026-04-30 11:04:24
f8:6b:d9:95:d8:88:,UTTetudiants,-74,2026-04-30 11:04:24
f8:6b:d9:95:d8:88:,UTTetudiants,-74,2026-04-30 11:04:27
f8:6b:d9:95:d8:88:,UTTetudiants,-86,2026-04-30 11:04:27
f8:6b:d9:95:d8:88:,UTTetudiants,-74,2026-04-30 11:04:27
f8:6b:d9:95:d8:88:,UTTetudiants,-74,2026-04-30 11:04:29
f8:6b:d9:95:d8:88:,UTTetudiants,-86,2026-04-30 11:04:29
f8:6b:d9:95:d8:88:,UTTetudiants,-74,2026-04-30 11:04:29
f8:6b:d9:95:d8:88:,UTTetudiants,-74,2026-04-30 11:04:32
f8:6b:d9:95:d8:88:,UTTetudiants,-88,2026-04-30 11:04:32
f8:6b:d9:95:d8:88:,UTTetudiants,-74,2026-04-30 11:04:32
f8:6b:d9:95:d8:88:,UTTetudiants,-74,2026-04-30 11:04:36
f8:6b:d9:95:d8:88:,UTTetudiants,-87,2026-04-30 11:04:36
f8:6b:d9:95:d8:88:,UTTetudiants,-74,2026-04-30 11:04:36
f8:6b:d9:95:d8:88:,UTTetudiants,-74,2026-04-30 11:04:43
f8:6b:d9:95:d8:88:,UTTetudiants,-83,2026-04-30 11:04:43
f8:6b:d9:95:d8:88:,UTTetudiants,-74,2026-04-30 11:04:43
f8:6b:d9:95:d8:88:,UTTetudiants,-74,2026-04-30 11:04:46
f8:6b:d9:95:d8:88:,UTTetudiants,-86,2026-04-30 11:04:46
f8:6b:d9:95:d8:88:,UTTetudiants,-74,2026-04-30 11:04:46
f8:6b:d9:95:d8:88:,UTTetudiants,-74,2026-04-30 11:04:49
f8:6b:d9:95:d8:88:,UTTetudiants,-86,2026-04-30 11:04:49
f8:6b:d9:95:d8:88:,UTTetudiants,-74,2026-04-30 11:04:49
f8:6b:d9:95:d8:88:,UTTetudiants,-85,2026-04-30 11:04:53
f8:6b:d9:95:d8:88:,UTTetudiants,-85,2026-04-30 11:04:57
f8:6b:d9:95:d8:88:,UTTetudiants,-85,2026-04-30 11:05:00
f8:6b:d9:95:d8:88:,UTTetudiants,-83,2026-04-30 11:05:04
f8:6b:d9:95:d8:88:,UTTetudiants,-87,2026-04-30 11:05:48
f8:6b:d9:95:d8:88:,UTTetudiants,-87,2026-04-30 11:05:51
f8:6b:d9:95:d8:88:,UTTetudiants,-80,2026-04-30 11:05:54
f8:6b:d9:95:d8:88:,UTTetudiants,-80,2026-04-30 11:05:57
f8:6b:d9:95:d8:88:,UTTetudiants,-87,2026-04-30 11:06:02
f8:6b:d9:95:d8:88:,UTTetudiants,-77,2026-04-30 11:06:07
f8:6b:d9:95:d8:88:,UTTetudiants,-77,2026-04-30 11:06:10
f8:6b:d9:95:d8:88:,UTTetudiants,-86,2026-04-30 11:06:13
f8:6b:d9:95:d8:88:,UTTetudiants,-85,2026-04-30 11:06:16
f8:6b:d9:95:d8:88:,UTTetudiants,-86,2026-04-30 11:06:16
f8:6b:d9:95:d8:88:,UTTetudiants,-85,2026-04-30 11:06:16
f8:6b:d9:95:d8:88:,UTTetudiants,-85,2026-04-30 11:06:19
f8:6b:d9:95:d8:88:,UTTetudiants,-81,2026-04-30 11:06:19
f8:6b:d9:95:d8:88:,UTTetudiants,-85,2026-04-30 11:06:19
f8:6b:d9:95:d8:88:,UTTetudiants,-85,2026-04-30 11:06:22
f8:6b:d9:95:d8:88:,UTTetudiants,-88,2026-04-30 11:06:22
f8:6b:d9:95:d8:88:,UTTetudiants,-85,2026-04-30 11:06:22
f8:6b:d9:95:d8:88:,UTTetudiants,-87,2026-04-30 11:06:25
f8:6b:d9:95:d8:88:,UTTetudiants,-88,2026-04-30 11:06:25
f8:6b:d9:95:d8:88:,UTTetudiants,-87,2026-04-30 11:06:25
f8:6b:d9:95:d8:88:,UTTetudiants,-87,2026-04-30 11:06:27
f8:6b:d9:95:d8:88:,UTTetudiants,-82,2026-04-30 11:06:27
f8:6b:d9:95:d8:88:,UTTetudiants,-87,2026-04-30 11:06:27
f8:6b:d9:95:d8:88:,UTTetudiants,-87,2026-04-30 11:06:30
f8:6b:d9:95:d8:88:,UTTetudiants,-82,2026-04-30 11:06:30
f8:6b:d9:95:d8:88:,UTTetudiants,-87,2026-04-30 11:06:30
f8:6b:d9:95:d8:88:,UTTetudiants,-84,2026-04-30 11:06:33
f8:6b:d9:95:d8:88:,UTTetudiants,-81,2026-04-30 11:06:33
f8:6b:d9:95:d8:88:,UTTetudiants,-84,2026-04-30 11:06:33
f8:6b:d9:95:d8:88:,UTTetudiants,-84,2026-04-30 11:06:36
f8:6b:d9:95:d8:88:,UTTetudiants,-73,2026-04-30 11:06:36
f8:6b:d9:95:d8:88:,UTTetudiants,-84,2026-04-30 11:06:36
f8:6b:d9:95:d8:88:,UTTetudiants,-86,2026-04-30 11:06:40
f8:6b:d9:95:d8:88:,UTTetudiants,-73,2026-04-30 11:06:40
f8:6b:d9:95:d8:88:,UTTetudiants,-86,2026-04-30 11:06:40
f8:6b:d9:95:d8:88:,UTTetudiants,-87,2026-04-30 11:06:43
f8:6b:d9:95:d8:88:,UTTetudiants,-84,2026-04-30 11:06:43
f8:6b:d9:95:d8:88:,UTTetudiants,-87,2026-04-30 11:06:43
f8:6b:d9:95:d8:88:,UTTetudiants,-87,2026-04-30 11:06:46
f8:6b:d9:95:d8:88:,UTTetudiants,-75,2026-04-30 11:06:46
f8:6b:d9:95:d8:88:,UTTetudiants,-87,2026-04-30 11:06:46
f8:6b:d9:95:d8:88:,UTTetudiants,-87,2026-04-30 11:06:49
f8:6b:d9:95:d8:88:,UTTetudiants,-75,2026-04-30 11:06:49
f8:6b:d9:95:d8:88:,UTTetudiants,-87,2026-04-30 11:06:49
f8:6b:d9:95:d8:88:,UTTetudiants,-87,2026-04-30 11:06:52
f8:6b:d9:95:d8:88:,UTTetudiants,-81,2026-04-30 11:06:52
f8:6b:d9:95:d8:88:,UTTetudiants,-87,2026-04-30 11:06:52
f8:6b:d9:95:d8:88:,UTTetudiants,-87,2026-04-30 11:06:56
f8:6b:d9:95:d8:88:,UTTetudiants,-74,2026-04-30 11:06:56
f8:6b:d9:95:d8:88:,UTTetudiants,-87,2026-04-30 11:06:56
f8:6b:d9:95:d8:88:,UTTetudiants,-87,2026-04-30 11:06:58
f8:6b:d9:95:d8:88:,UTTetudiants,-74,2026-04-30 11:06:58
f8:6b:d9:95:d8:88:,UTTetudiants,-87,2026-04-30 11:06:58
f8:6b:d9:95:d8:88:,UTTetudiants,-87,2026-04-30 11:07:02
f8:6b:d9:95:d8:88:,UTTetudiants,-83,2026-04-30 11:07:02
f8:6b:d9:95:d8:88:,UTTetudiants,-87,2026-04-30 11:07:02
f8:6b:d9:95:d8:88:,UTTetudiants,-87,2026-04-30 11:07:05
f8:6b:d9:95:d8:88:,UTTetudiants,-84,2026-04-30 11:07:05
f8:6b:d9:95:d8:88:,UTTetudiants,-87,2026-04-30 11:07:05
f8:6b:d9:95:d8:88:,UTTetudiants,-87,2026-04-30 11:07:08
f8:6b:d9:95:d8:88:,UTTetudiants,-84,2026-04-30 11:07:08
f8:6b:d9:95:d8:88:,UTTetudiants,-87,2026-04-30 11:07:08
e4:aa:5d:fd:3e:e8:,UTTpersonnels,-85,2026-04-30 11:03:51
e4:aa:5d:fd:3e:e8:,UTTpersonnels,-85,2026-04-30 11:03:54
e4:aa:5d:fd:3e:e8:,UTTpersonnels,-85,2026-04-30 11:03:57
e4:aa:5d:fd:3e:e8:,UTTpersonnels,-85,2026-04-30 11:04:00
e4:aa:5d:fd:3e:e8:,UTTpersonnels,-83,2026-04-30 11:04:02
e4:aa:5d:fd:3e:e8:,UTTpersonnels,-83,2026-04-30 11:04:05
e4:aa:5d:fd:3e:e8:,UTTpersonnels,-83,2026-04-30 11:04:08
e4:aa:5d:fd:3e:e8:,UTTpersonnels,-83,2026-04-30 11:04:11
e4:aa:5d:fd:3e:e8:,UTTpersonnels,-83,2026-04-30 11:04:14
e4:aa:5d:fd:3e:e8:,UTTpersonnels,-83,2026-04-30 11:04:18
e4:aa:5d:fd:3e:e8:,UTTpersonnels,-83,2026-04-30 11:04:21
e4:aa:5d:fd:3e:e8:,UTTpersonnels,-83,2026-04-30 11:04:24
e4:aa:5d:fd:3e:e8:,UTTpersonnels,-83,2026-04-30 11:04:27
e4:aa:5d:fd:3e:e8:,UTTpersonnels,-83,2026-04-30 11:04:29
e4:aa:5d:fd:3e:e8:,UTTpersonnels,-83,2026-04-30 11:04:32
e4:aa:5d:fd:3e:e8:,UTTpersonnels,-83,2026-04-30 11:04:36
e4:aa:5d:fd:3e:e8:,UTTpersonnels,-87,2026-04-30 11:04:43
e4:aa:5d:fd:3e:e8:,UTTpersonnels,-87,2026-04-30 11:04:46
e4:aa:5d:fd:3e:e8:,UTTpersonnels,-87,2026-04-30 11:04:49
e4:aa:5d:fd:3e:e8:,UTTpersonnels,-87,2026-04-30 11:04:53
e4:aa:5d:fd:3e:e8:,UTTpersonnels,-87,2026-04-30 11:04:57
e4:aa:5d:fd:3e:e8:,UTTpersonnels,-87,2026-04-30 11:05:00
e4:aa:5d:fd:3e:e8:,UTTpersonnels,-87,2026-04-30 11:05:04
e4:aa:5d:fd:3e:e8:,UTTpersonnels,-87,2026-04-30 11:05:48
e4:aa:5d:fd:3e:e8:,UTTpersonnels,-87,2026-04-30 11:05:51
e4:aa:5d:fd:3e:e8:,UTTpersonnels,-87,2026-04-30 11:05:54
e4:aa:5d:fd:3e:e8:,UTTpersonnels,-87,2026-04-30 11:05:57
e4:aa:5d:fd:3e:e8:,UTTpersonnels,-87,2026-04-30 11:06:02
e4:aa:5d:fd:3e:e8:,UTTpersonnels,-87,2026-04-30 11:06:07
e4:aa:5d:fd:3e:e8:,UTTpersonnels,-87,2026-04-30 11:06:10
e4:aa:5d:fd:3e:e8:,UTTpersonnels,-87,2026-04-30 11:06:13
e4:aa:5d:fd:3e:e8:,UTTpersonnels,-87,2026-04-30 11:06:16
e4:aa:5d:fd:3e:e8:,UTTpersonnels,-89,2026-04-30 11:06:19
e4:aa:5d:fd:3e:e8:,UTTpersonnels,-89,2026-04-30 11:06:22
e4:aa:5d:fd:3e:e8:,UTTpersonnels,-89,2026-04-30 11:06:25
e4:aa:5d:fd:3e:e8:,UTTpersonnels,-89,2026-04-30 11:06:27
e4:aa:5d:fd:3e:e8:,UTTpersonnels,-89,2026-04-30 11:06:30
e4:aa:5d:fd:3e:e8:,UTTpersonnels,-89,2026-04-30 11:06:33
e4:aa:5d:fd:3e:e8:,UTTpersonnels,-89,2026-04-30 11:06:36
e4:aa:5d:fd:3e:e8:,UTTpersonnels,-89,2026-04-30 11:06:40
e4:aa:5d:fd:3e:e8:,UTTpersonnels,-89,2026-04-30 11:06:43
e4:aa:5d:fd:3e:e8:,UTTpersonnels,-89,2026-04-30 11:06:46
e4:aa:5d:fd:3e:e8:,UTTpersonnels,-89,2026-04-30 11:06:49
e4:aa:5d:fd:3e:e8:,UTTpersonnels,-89,2026-04-30 11:06:52
e4:aa:5d:fd:3e:e8:,UTTpersonnels,-89,2026-04-30 11:06:56
e4:aa:5d:fd:3e:e8:,UTTpersonnels,-89,2026-04-30 11:06:58
e4:aa:5d:fd:3e:e8:,UTTpersonnels,-89,2026-04-30 11:07:02
e4:aa:5d:fd:3e:e8:,UTTpersonnels,-89,2026-04-30 11:07:05
e4:aa:5d:fd:3e:e8:,UTTpersonnels,-89,2026-04-30 11:07:08
ac:2a:a1:7e:df:67:,UTTpersonnels,-61,2026-04-30 11:03:51
ac:2a:a1:7e:df:67:,UTTpersonnels,-61,2026-04-30 11:03:54
ac:2a:a1:7e:df:67:,UTTpersonnels,-74,2026-04-30 11:03:57
ac:2a:a1:7e:df:67:,UTTpersonnels,-76,2026-04-30 11:04:00
ac:2a:a1:7e:df:67:,UTTpersonnels,-64,2026-04-30 11:04:00
ac:2a:a1:7e:df:67:,UTTpersonnels,-76,2026-04-30 11:04:00
ac:2a:a1:7e:df:67:,UTTpersonnels,-66,2026-04-30 11:04:02
ac:2a:a1:7e:df:67:,UTTpersonnels,-64,2026-04-30 11:04:02
ac:2a:a1:7e:df:67:,UTTpersonnels,-66,2026-04-30 11:04:02
ac:2a:a1:7e:df:67:,UTTpersonnels,-66,2026-04-30 11:04:05
ac:2a:a1:7e:df:67:,UTTpersonnels,-68,2026-04-30 11:04:05
ac:2a:a1:7e:df:67:,UTTpersonnels,-66,2026-04-30 11:04:05
ac:2a:a1:7e:df:67:,UTTpersonnels,-80,2026-04-30 11:04:08
ac:2a:a1:7e:df:67:,UTTpersonnels,-68,2026-04-30 11:04:08
ac:2a:a1:7e:df:67:,UTTpersonnels,-80,2026-04-30 11:04:08
ac:2a:a1:7e:df:67:,UTTpersonnels,-81,2026-04-30 11:04:11
ac:2a:a1:7e:df:67:,UTTpersonnels,-68,2026-04-30 11:04:11
ac:2a:a1:7e:df:67:,UTTpersonnels,-81,2026-04-30 11:04:11
ac:2a:a1:7e:df:67:,UTTpersonnels,-81,2026-04-30 11:04:14
ac:2a:a1:7e:df:67:,UTTpersonnels,-76,2026-04-30 11:04:14
ac:2a:a1:7e:df:67:,UTTpersonnels,-81,2026-04-30 11:04:14
ac:2a:a1:7e:df:67:,UTTpersonnels,-69,2026-04-30 11:04:18
ac:2a:a1:7e:df:67:,UTTpersonnels,-76,2026-04-30 11:04:18
ac:2a:a1:7e:df:67:,UTTpersonnels,-69,2026-04-30 11:04:18
ac:2a:a1:7e:df:67:,UTTpersonnels,-69,2026-04-30 11:04:21
ac:2a:a1:7e:df:67:,UTTpersonnels,-59,2026-04-30 11:04:21
ac:2a:a1:7e:df:67:,UTTpersonnels,-69,2026-04-30 11:04:21
ac:2a:a1:7e:df:67:,UTTpersonnels,-64,2026-04-30 11:04:24
ac:2a:a1:7e:df:67:,UTTpersonnels,-69,2026-04-30 11:04:24
ac:2a:a1:7e:df:67:,UTTpersonnels,-64,2026-04-30 11:04:24
ac:2a:a1:7e:df:67:,UTTpersonnels,-79,2026-04-30 11:04:27
ac:2a:a1:7e:df:67:,UTTpersonnels,-69,2026-04-30 11:04:27
ac:2a:a1:7e:df:67:,UTTpersonnels,-79,2026-04-30 11:04:27
ac:2a:a1:7e:df:67:,UTTpersonnels,-79,2026-04-30 11:04:29
ac:2a:a1:7e:df:67:,UTTpersonnels,-66,2026-04-30 11:04:29
ac:2a:a1:7e:df:67:,UTTpersonnels,-79,2026-04-30 11:04:29
ac:2a:a1:7e:df:67:,UTTpersonnels,-68,2026-04-30 11:04:32
ac:2a:a1:7e:df:67:,UTTpersonnels,-65,2026-04-30 11:04:32
ac:2a:a1:7e:df:67:,UTTpersonnels,-68,2026-04-30 11:04:32
ac:2a:a1:7e:df:67:,UTTpersonnels,-80,2026-04-30 11:04:36
ac:2a:a1:7e:df:67:,UTTpersonnels,-65,2026-04-30 11:04:36
ac:2a:a1:7e:df:67:,UTTpersonnels,-80,2026-04-30 11:04:36
ac:2a:a1:7e:df:67:,UTTpersonnels,-69,2026-04-30 11:04:43
ac:2a:a1:7e:df:67:,UTTpersonnels,-60,2026-04-30 11:04:43
ac:2a:a1:7e:df:67:,UTTpersonnels,-69,2026-04-30 11:04:43
ac:2a:a1:7e:df:67:,UTTpersonnels,-72,2026-04-30 11:04:46
ac:2a:a1:7e:df:67:,UTTpersonnels,-71,2026-04-30 11:04:46
ac:2a:a1:7e:df:67:,UTTpersonnels,-72,2026-04-30 11:04:46
ac:2a:a1:7e:df:67:,UTTpersonnels,-72,2026-04-30 11:04:49
ac:2a:a1:7e:df:67:,UTTpersonnels,-55,2026-04-30 11:04:49
ac:2a:a1:7e:df:67:,UTTpersonnels,-72,2026-04-30 11:04:49
ac:2a:a1:7e:df:67:,UTTpersonnels,-73,2026-04-30 11:04:53
ac:2a:a1:7e:df:67:,UTTpersonnels,-55,2026-04-30 11:04:53
ac:2a:a1:7e:df:67:,UTTpersonnels,-73,2026-04-30 11:04:53
ac:2a:a1:7e:df:67:,UTTpersonnels,-73,2026-04-30 11:04:57
ac:2a:a1:7e:df:67:,UTTpersonnels,-72,2026-04-30 11:04:57
ac:2a:a1:7e:df:67:,UTTpersonnels,-73,2026-04-30 11:04:57
ac:2a:a1:7e:df:67:,UTTpersonnels,-67,2026-04-30 11:05:00
ac:2a:a1:7e:df:67:,UTTpersonnels,-58,2026-04-30 11:05:00
ac:2a:a1:7e:df:67:,UTTpersonnels,-67,2026-04-30 11:05:00
ac:2a:a1:7e:df:67:,UTTpersonnels,-67,2026-04-30 11:05:04
ac:2a:a1:7e:df:67:,UTTpersonnels,-58,2026-04-30 11:05:04
ac:2a:a1:7e:df:67:,UTTpersonnels,-67,2026-04-30 11:05:04
ac:2a:a1:7e:df:67:,UTTpersonnels,-80,2026-04-30 11:05:48
ac:2a:a1:7e:df:67:,UTTpersonnels,-61,2026-04-30 11:05:48
ac:2a:a1:7e:df:67:,UTTpersonnels,-80,2026-04-30 11:05:48
ac:2a:a1:7e:df:67:,UTTpersonnels,-80,2026-04-30 11:05:51
ac:2a:a1:7e:df:67:,UTTpersonnels,-61,2026-04-30 11:05:51
ac:2a:a1:7e:df:67:,UTTpersonnels,-80,2026-04-30 11:05:51
ac:2a:a1:7e:df:67:,UTTpersonnels,-62,2026-04-30 11:05:54
ac:2a:a1:7e:df:67:,UTTpersonnels,-61,2026-04-30 11:05:54
ac:2a:a1:7e:df:67:,UTTpersonnels,-62,2026-04-30 11:05:54
ac:2a:a1:7e:df:67:,UTTpersonnels,-62,2026-04-30 11:05:57
ac:2a:a1:7e:df:67:,UTTpersonnels,-71,2026-04-30 11:05:57
ac:2a:a1:7e:df:67:,UTTpersonnels,-62,2026-04-30 11:05:57
ac:2a:a1:7e:df:67:,UTTpersonnels,-78,2026-04-30 11:06:02
ac:2a:a1:7e:df:67:,UTTpersonnels,-62,2026-04-30 11:06:02
ac:2a:a1:7e:df:67:,UTTpersonnels,-78,2026-04-30 11:06:02
ac:2a:a1:7e:df:67:,UTTpersonnels,-79,2026-04-30 11:06:07
ac:2a:a1:7e:df:67:,UTTpersonnels,-62,2026-04-30 11:06:07
ac:2a:a1:7e:df:67:,UTTpersonnels,-79,2026-04-30 11:06:07
ac:2a:a1:7e:df:67:,UTTpersonnels,-79,2026-04-30 11:06:10
ac:2a:a1:7e:df:67:,UTTpersonnels,-72,2026-04-30 11:06:10
ac:2a:a1:7e:df:67:,UTTpersonnels,-79,2026-04-30 11:06:10
ac:2a:a1:7e:df:67:,UTTpersonnels,-75,2026-04-30 11:06:13
ac:2a:a1:7e:df:67:,UTTpersonnels,-72,2026-04-30 11:06:13
ac:2a:a1:7e:df:67:,UTTpersonnels,-75,2026-04-30 11:06:13
ac:2a:a1:7e:df:67:,UTTpersonnels,-75,2026-04-30 11:06:16
ac:2a:a1:7e:df:67:,UTTpersonnels,-69,2026-04-30 11:06:16
ac:2a:a1:7e:df:67:,UTTpersonnels,-75,2026-04-30 11:06:16
ac:2a:a1:7e:df:67:,UTTpersonnels,-66,2026-04-30 11:06:19
ac:2a:a1:7e:df:67:,UTTpersonnels,-67,2026-04-30 11:06:19
ac:2a:a1:7e:df:67:,UTTpersonnels,-66,2026-04-30 11:06:19
ac:2a:a1:7e:df:67:,UTTpersonnels,-88,2026-04-30 11:06:22
ac:2a:a1:7e:df:67:,UTTpersonnels,-67,2026-04-30 11:06:22
ac:2a:a1:7e:df:67:,UTTpersonnels,-88,2026-04-30 11:06:22
ac:2a:a1:7e:df:67:,UTTpersonnels,-88,2026-04-30 11:06:25
ac:2a:a1:7e:df:67:,UTTpersonnels,-75,2026-04-30 11:06:25
ac:2a:a1:7e:df:67:,UTTpersonnels,-88,2026-04-30 11:06:25
ac:2a:a1:7e:df:67:,UTTpersonnels,-70,2026-04-30 11:06:27
ac:2a:a1:7e:df:67:,UTTpersonnels,-75,2026-04-30 11:06:27
ac:2a:a1:7e:df:67:,UTTpersonnels,-70,2026-04-30 11:06:27
ac:2a:a1:7e:df:67:,UTTpersonnels,-70,2026-04-30 11:06:30
ac:2a:a1:7e:df:67:,UTTpersonnels,-62,2026-04-30 11:06:30
ac:2a:a1:7e:df:67:,UTTpersonnels,-70,2026-04-30 11:06:30
ac:2a:a1:7e:df:67:,UTTpersonnels,-85,2026-04-30 11:06:33
ac:2a:a1:7e:df:67:,UTTpersonnels,-74,2026-04-30 11:06:33
ac:2a:a1:7e:df:67:,UTTpersonnels,-85,2026-04-30 11:06:33
ac:2a:a1:7e:df:67:,UTTpersonnels,-76,2026-04-30 11:06:36
ac:2a:a1:7e:df:67:,UTTpersonnels,-74,2026-04-30 11:06:36
ac:2a:a1:7e:df:67:,UTTpersonnels,-76,2026-04-30 11:06:36
ac:2a:a1:7e:df:67:,UTTpersonnels,-76,2026-04-30 11:06:40
ac:2a:a1:7e:df:67:,UTTpersonnels,-80,2026-04-30 11:06:40
ac:2a:a1:7e:df:67:,UTTpersonnels,-76,2026-04-30 11:06:40
ac:2a:a1:7e:df:67:,UTTpersonnels,-86,2026-04-30 11:06:43
ac:2a:a1:7e:df:67:,UTTpersonnels,-63,2026-04-30 11:06:43
ac:2a:a1:7e:df:67:,UTTpersonnels,-86,2026-04-30 11:06:43
ac:2a:a1:7e:df:67:,UTTpersonnels,-73,2026-04-30 11:06:46
ac:2a:a1:7e:df:67:,UTTpersonnels,-63,2026-04-30 11:06:46
ac:2a:a1:7e:df:67:,UTTpersonnels,-73,2026-04-30 11:06:46
ac:2a:a1:7e:df:67:,UTTpersonnels,-73,2026-04-30 11:06:49
ac:2a:a1:7e:df:67:,UTTpersonnels,-69,2026-04-30 11:06:49
ac:2a:a1:7e:df:67:,UTTpersonnels,-73,2026-04-30 11:06:49
ac:2a:a1:7e:df:67:,UTTpersonnels,-75,2026-04-30 11:06:52
ac:2a:a1:7e:df:67:,UTTpersonnels,-67,2026-04-30 11:06:52
ac:2a:a1:7e:df:67:,UTTpersonnels,-75,2026-04-30 11:06:52
ac:2a:a1:7e:df:67:,UTTpersonnels,-73,2026-04-30 11:06:56
ac:2a:a1:7e:df:67:,UTTpersonnels,-67,2026-04-30 11:06:56
ac:2a:a1:7e:df:67:,UTTpersonnels,-73,2026-04-30 11:06:56
ac:2a:a1:7e:df:67:,UTTpersonnels,-73,2026-04-30 11:06:58
ac:2a:a1:7e:df:67:,UTTpersonnels,-75,2026-04-30 11:06:58
ac:2a:a1:7e:df:67:,UTTpersonnels,-73,2026-04-30 11:06:58
ac:2a:a1:7e:df:67:,UTTpersonnels,-77,2026-04-30 11:07:02
ac:2a:a1:7e:df:67:,UTTpersonnels,-68,2026-04-30 11:07:02
ac:2a:a1:7e:df:67:,UTTpersonnels,-77,2026-04-30 11:07:02
ac:2a:a1:7e:df:67:,UTTpersonnels,-69,2026-04-30 11:07:05
ac:2a:a1:7e:df:67:,UTTpersonnels,-68,2026-04-30 11:07:05
ac:2a:a1:7e:df:67:,UTTpersonnels,-69,2026-04-30 11:07:05
ac:2a:a1:7e:df:67:,UTTpersonnels,-69,2026-04-30 11:07:08
ac:2a:a1:7e:df:67:,UTTpersonnels,-69,2026-04-30 11:07:08
ac:2a:a1:7e:df:67:,UTTpersonnels,-69,2026-04-30 11:07:08
e4:aa:5d:bf:25:5e:,UTT,-81,2026-04-30 11:03:51
e4:aa:5d:bf:25:5e:,UTT,-81,2026-04-30 11:03:54
e4:aa:5d:bf:25:5e:,UTT,-81,2026-04-30 11:03:57
e4:aa:5d:bf:25:5e:,UTT,-81,2026-04-30 11:04:00
e4:aa:5d:bf:25:5e:,UTT,-81,2026-04-30 11:04:02
e4:aa:5d:bf:25:5e:,UTT,-81,2026-04-30 11:04:05
e4:aa:5d:bf:25:5e:,UTT,-81,2026-04-30 11:04:08
e4:aa:5d:bf:25:5e:,UTT,-81,2026-04-30 11:04:11
e4:aa:5d:bf:25:5e:,UTT,-81,2026-04-30 11:04:14
e4:aa:5d:bf:25:51:,UTT,-82,2026-04-30 11:03:51
e4:aa:5d:bf:25:51:,UTT,-82,2026-04-30 11:03:54
e4:aa:5d:bf:25:51:,UTT,-82,2026-04-30 11:03:57
e4:aa:5d:bf:25:51:,UTT,-82,2026-04-30 11:04:00
e4:aa:5d:bf:25:51:,UTT,-82,2026-04-30 11:04:02
e4:aa:5d:bf:25:51:,UTT,-82,2026-04-30 11:04:05
e4:aa:5d:bf:25:51:,UTT,-82,2026-04-30 11:04:08
e4:aa:5d:bf:25:51:,UTT,-82,2026-04-30 11:04:11
e4:aa:5d:bf:25:51:,UTT,-82,2026-04-30 11:04:14
e4:aa:5d:bf:25:51:,UTT,-86,2026-04-30 11:04:24
e4:aa:5d:bf:25:51:,UTT,-86,2026-04-30 11:04:27
e4:aa:5d:bf:25:51:,UTT,-86,2026-04-30 11:04:29
e4:aa:5d:bf:25:51:,UTT,-87,2026-04-30 11:04:32
e4:aa:5d:bf:25:51:,UTT,-87,2026-04-30 11:04:36
e4:aa:5d:bf:25:51:,UTT,-88,2026-04-30 11:04:43
e4:aa:5d:bf:25:51:,UTT,-88,2026-04-30 11:04:46
e4:aa:5d:bf:25:51:,UTT,-88,2026-04-30 11:04:49
e4:aa:5d:bf:25:51:,UTT,-88,2026-04-30 11:04:53
e4:aa:5d:bf:25:51:,UTT,-88,2026-04-30 11:04:57
e4:aa:5d:bf:25:51:,UTT,-87,2026-04-30 11:05:00
e4:aa:5d:bf:25:51:,UTT,-84,2026-04-30 11:05:04
e4:aa:5d:bf:25:51:,UTT,-84,2026-04-30 11:05:48
e4:aa:5d:bf:25:51:,UTT,-84,2026-04-30 11:05:51
e4:aa:5d:bf:25:51:,UTT,-84,2026-04-30 11:05:54
e4:aa:5d:bf:25:51:,UTT,-84,2026-04-30 11:05:57
e4:aa:5d:bf:25:51:,UTT,-84,2026-04-30 11:06:02
e4:aa:5d:bf:25:51:,UTT,-84,2026-04-30 11:06:07
e4:aa:5d:bf:25:51:,UTT,-84,2026-04-30 11:06:10
e4:aa:5d:bf:25:51:,UTT,-84,2026-04-30 11:06:13
e4:aa:5d:bf:25:51:,UTT,-84,2026-04-30 11:06:16
e4:aa:5d:bf:25:51:,UTT,-84,2026-04-30 11:06:19
e4:aa:5d:bf:25:51:,UTT,-84,2026-04-30 11:06:22
e4:aa:5d:bf:25:51:,UTT,-84,2026-04-30 11:06:25
e4:aa:5d:bf:25:51:,UTT,-84,2026-04-30 11:06:27
e4:aa:5d:bf:25:51:,UTT,-84,2026-04-30 11:06:30
e4:aa:5d:bf:25:51:,UTT,-84,2026-04-30 11:06:33
e4:aa:5d:bf:25:51:,UTT,-84,2026-04-30 11:06:36
e4:aa:5d:bf:25:51:,UTT,-84,2026-04-30 11:06:40
e4:aa:5d:bf:25:51:,UTT,-84,2026-04-30 11:06:43
e4:aa:5d:bf:25:51:,UTT,-84,2026-04-30 11:06:46
e4:aa:5d:bf:25:51:,UTT,-84,2026-04-30 11:06:49
e4:aa:5d:bf:25:51:,UTT,-84,2026-04-30 11:06:52
e4:aa:5d:bf:25:51:,UTT,-84,2026-04-30 11:06:56
e4:aa:5d:bf:25:51:,UTT,-84,2026-04-30 11:06:58
e4:aa:5d:bf:25:51:,UTT,-84,2026-04-30 11:07:02
e4:aa:5d:bf:25:51:,UTT,-85,2026-04-30 11:07:05
e4:aa:5d:bf:25:51:,UTT,-85,2026-04-30 11:07:08
ac:2a:a1:7e:df:6e:,UTT,-61,2026-04-30 11:03:51
ac:2a:a1:7e:df:6e:,UTT,-61,2026-04-30 11:03:54
ac:2a:a1:7e:df:6e:,UTT,-73,2026-04-30 11:03:57
ac:2a:a1:7e:df:6e:,UTT,-64,2026-04-30 11:04:00
ac:2a:a1:7e:df:6e:,UTT,-64,2026-04-30 11:04:02
ac:2a:a1:7e:df:6e:,UTT,-68,2026-04-30 11:04:05
ac:2a:a1:7e:df:6e:,UTT,-68,2026-04-30 11:04:08
ac:2a:a1:7e:df:6e:,UTT,-68,2026-04-30 11:04:11
ac:2a:a1:7e:df:6e:,UTT,-76,2026-04-30 11:04:14
ac:2a:a1:7e:df:6e:,UTT,-76,2026-04-30 11:04:18
ac:2a:a1:7e:df:6e:,UTT,-59,2026-04-30 11:04:21
ac:2a:a1:7e:df:6e:,UTT,-69,2026-04-30 11:04:24
ac:2a:a1:7e:df:6e:,UTT,-69,2026-04-30 11:04:27
ac:2a:a1:7e:df:6e:,UTT,-66,2026-04-30 11:04:29
ac:2a:a1:7e:df:6e:,UTT,-65,2026-04-30 11:04:32
ac:2a:a1:7e:df:6e:,UTT,-65,2026-04-30 11:04:36
ac:2a:a1:7e:df:6e:,UTT,-60,2026-04-30 11:04:43
ac:2a:a1:7e:df:6e:,UTT,-71,2026-04-30 11:04:46
ac:2a:a1:7e:df:6e:,UTT,-55,2026-04-30 11:04:49
ac:2a:a1:7e:df:6e:,UTT,-55,2026-04-30 11:04:53
ac:2a:a1:7e:df:6e:,UTT,-72,2026-04-30 11:04:57
ac:2a:a1:7e:df:6e:,UTT,-58,2026-04-30 11:05:00
ac:2a:a1:7e:df:6e:,UTT,-58,2026-04-30 11:05:04
ac:2a:a1:7e:df:6e:,UTT,-61,2026-04-30 11:05:48
ac:2a:a1:7e:df:6e:,UTT,-61,2026-04-30 11:05:51
ac:2a:a1:7e:df:6e:,UTT,-61,2026-04-30 11:05:54
ac:2a:a1:7e:df:6e:,UTT,-71,2026-04-30 11:05:57
ac:2a:a1:7e:df:6e:,UTT,-62,2026-04-30 11:06:02
ac:2a:a1:7e:df:6e:,UTT,-62,2026-04-30 11:06:07
ac:2a:a1:7e:df:6e:,UTT,-72,2026-04-30 11:06:10
ac:2a:a1:7e:df:6e:,UTT,-72,2026-04-30 11:06:13
ac:2a:a1:7e:df:6e:,UTT,-68,2026-04-30 11:06:16
ac:2a:a1:7e:df:6e:,UTT,-67,2026-04-30 11:06:19
ac:2a:a1:7e:df:6e:,UTT,-67,2026-04-30 11:06:22
ac:2a:a1:7e:df:6e:,UTT,-73,2026-04-30 11:06:25
ac:2a:a1:7e:df:6e:,UTT,-73,2026-04-30 11:06:27
ac:2a:a1:7e:df:6e:,UTT,-62,2026-04-30 11:06:30
ac:2a:a1:7e:df:6e:,UTT,-74,2026-04-30 11:06:33
ac:2a:a1:7e:df:6e:,UTT,-74,2026-04-30 11:06:36
ac:2a:a1:7e:df:6e:,UTT,-80,2026-04-30 11:06:40
ac:2a:a1:7e:df:6e:,UTT,-63,2026-04-30 11:06:43
ac:2a:a1:7e:df:6e:,UTT,-63,2026-04-30 11:06:46
ac:2a:a1:7e:df:6e:,UTT,-69,2026-04-30 11:06:49
ac:2a:a1:7e:df:6e:,UTT,-66,2026-04-30 11:06:52
ac:2a:a1:7e:df:6e:,UTT,-66,2026-04-30 11:06:56
ac:2a:a1:7e:df:6e:,UTT,-75,2026-04-30 11:06:58
ac:2a:a1:7e:df:6e:,UTT,-68,2026-04-30 11:07:02
ac:2a:a1:7e:df:6e:,UTT,-68,2026-04-30 11:07:05
ac:2a:a1:7e:df:6e:,UTT,-69,2026-04-30 11:07:08
f8:6b:d9:95:d8:8e:,UTT,-48,2026-04-30 11:03:51
f8:6b:d9:95:d8:8e:,UTT,-48,2026-04-30 11:03:54
f8:6b:d9:95:d8:8e:,UTT,-48,2026-04-30 11:03:57
f8:6b:d9:95:d8:8e:,UTT,-48,2026-04-30 11:04:00
f8:6b:d9:95:d8:8e:,UTT,-48,2026-04-30 11:04:02
f8:6b:d9:95:d8:8e:,UTT,-48,2026-04-30 11:04:05
f8:6b:d9:95:d8:8e:,UTT,-86,2026-04-30 11:04:08
f8:6b:d9:95:d8:8e:,UTT,-86,2026-04-30 11:04:11
f8:6b:d9:95:d8:8e:,UTT,-86,2026-04-30 11:04:14
f8:6b:d9:95:d8:8e:,UTT,-86,2026-04-30 11:04:18
f8:6b:d9:95:d8:8e:,UTT,-86,2026-04-30 11:04:21
f8:6b:d9:95:d8:8e:,UTT,-86,2026-04-30 11:04:24
f8:6b:d9:95:d8:8e:,UTT,-86,2026-04-30 11:04:27
f8:6b:d9:95:d8:8e:,UTT,-86,2026-04-30 11:04:29
f8:6b:d9:95:d8:8e:,UTT,-86,2026-04-30 11:04:32
f8:6b:d9:95:d8:8e:,UTT,-86,2026-04-30 11:04:36
f8:6b:d9:95:d8:8e:,UTT,-86,2026-04-30 11:04:43
f8:6b:d9:95:d8:8e:,UTT,-86,2026-04-30 11:04:46
f8:6b:d9:95:d8:8e:,UTT,-86,2026-04-30 11:04:49
f8:6b:d9:95:d8:8e:,UTT,-86,2026-04-30 11:04:53
f8:6b:d9:95:d8:8e:,UTT,-86,2026-04-30 11:04:57
f8:6b:d9:95:d8:8e:,UTT,-86,2026-04-30 11:05:00
f8:6b:d9:95:d8:8e:,UTT,-86,2026-04-30 11:05:04
f8:6b:d9:95:d8:8e:,UTT,-86,2026-04-30 11:05:48
f8:6b:d9:95:d8:8e:,UTT,-86,2026-04-30 11:05:51
f8:6b:d9:95:d8:8e:,UTT,-86,2026-04-30 11:05:54
f8:6b:d9:95:d8:8e:,UTT,-86,2026-04-30 11:05:57
f8:6b:d9:95:d8:8e:,UTT,-86,2026-04-30 11:06:02
f8:6b:d9:95:d8:8e:,UTT,-86,2026-04-30 11:06:07
f8:6b:d9:95:d8:8e:,UTT,-85,2026-04-30 11:06:16
f8:6b:d9:95:d8:8e:,UTT,-85,2026-04-30 11:06:19
f8:6b:d9:95:d8:8e:,UTT,-85,2026-04-30 11:06:22
f8:6b:d9:95:d8:8e:,UTT,-87,2026-04-30 11:06:25
f8:6b:d9:95:d8:8e:,UTT,-87,2026-04-30 11:06:27
f8:6b:d9:95:d8:8e:,UTT,-87,2026-04-30 11:06:30
f8:6b:d9:95:d8:8e:,UTT,-85,2026-04-30 11:06:33
f8:6b:d9:95:d8:8e:,UTT,-85,2026-04-30 11:06:36
f8:6b:d9:95:d8:8e:,UTT,-85,2026-04-30 11:06:40
f8:6b:d9:95:d8:8e:,UTT,-87,2026-04-30 11:06:43
f8:6b:d9:95:d8:8e:,UTT,-87,2026-04-30 11:06:46
f8:6b:d9:95:d8:8e:,UTT,-87,2026-04-30 11:06:49
f8:6b:d9:95:d8:8e:,UTT,-87,2026-04-30 11:06:52
f8:6b:d9:95:d8:8e:,UTT,-87,2026-04-30 11:06:56
f8:6b:d9:95:d8:8e:,UTT,-87,2026-04-30 11:06:58
f8:6b:d9:95:d8:8e:,UTT,-87,2026-04-30 11:07:02
f8:6b:d9:95:d8:8e:,UTT,-87,2026-04-30 11:07:05
f8:6b:d9:95:d8:8e:,UTT,-87,2026-04-30 11:07:08
f8:6b:d9:01:8e:ee:,UTT,-52,2026-04-30 11:03:51
f8:6b:d9:01:8e:ee:,UTT,-49,2026-04-30 11:03:54
f8:6b:d9:01:8e:ee:,UTT,-49,2026-04-30 11:03:57
f8:6b:d9:01:8e:ee:,UTT,-44,2026-04-30 11:04:00
f8:6b:d9:01:8e:ee:,UTT,-52,2026-04-30 11:04:02
f8:6b:d9:01:8e:ee:,UTT,-52,2026-04-30 11:04:05
f8:6b:d9:01:8e:ee:,UTT,-48,2026-04-30 11:04:08
f8:6b:d9:01:8e:ee:,UTT,-59,2026-04-30 11:04:11
f8:6b:d9:01:8e:ee:,UTT,-59,2026-04-30 11:04:14
f8:6b:d9:01:8e:ee:,UTT,-53,2026-04-30 11:04:18
f8:6b:d9:01:8e:ee:,UTT,-53,2026-04-30 11:04:21
f8:6b:d9:01:8e:ee:,UTT,-55,2026-04-30 11:04:24
f8:6b:d9:01:8e:ee:,UTT,-49,2026-04-30 11:04:27
f8:6b:d9:01:8e:ee:,UTT,-49,2026-04-30 11:04:29
f8:6b:d9:01:8e:ee:,UTT,-54,2026-04-30 11:04:32
f8:6b:d9:01:8e:ee:,UTT,-48,2026-04-30 11:04:36
f8:6b:d9:01:8e:ee:,UTT,-47,2026-04-30 11:04:43
f8:6b:d9:01:8e:ee:,UTT,-48,2026-04-30 11:04:46
f8:6b:d9:01:8e:ee:,UTT,-48,2026-04-30 11:04:49
f8:6b:d9:01:8e:ee:,UTT,-57,2026-04-30 11:04:53
f8:6b:d9:01:8e:ee:,UTT,-57,2026-04-30 11:04:57
f8:6b:d9:01:8e:ee:,UTT,-51,2026-04-30 11:05:00
f8:6b:d9:01:8e:ee:,UTT,-49,2026-04-30 11:05:04
f8:6b:d9:01:8e:ee:,UTT,-47,2026-04-30 11:05:48
f8:6b:d9:01:8e:ee:,UTT,-47,2026-04-30 11:05:51
f8:6b:d9:01:8e:ee:,UTT,-54,2026-04-30 11:05:54
f8:6b:d9:01:8e:ee:,UTT,-54,2026-04-30 11:05:57
f8:6b:d9:01:8e:ee:,UTT,-47,2026-04-30 11:06:02
f8:6b:d9:01:8e:ee:,UTT,-59,2026-04-30 11:06:07
f8:6b:d9:01:8e:ee:,UTT,-59,2026-04-30 11:06:10
f8:6b:d9:01:8e:ee:,UTT,-54,2026-04-30 11:06:13
f8:6b:d9:01:8e:ee:,UTT,-54,2026-04-30 11:06:16
f8:6b:d9:01:8e:ee:,UTT,-53,2026-04-30 11:06:19
f8:6b:d9:01:8e:ee:,UTT,-47,2026-04-30 11:06:22
f8:6b:d9:01:8e:ee:,UTT,-47,2026-04-30 11:06:25
f8:6b:d9:01:8e:ee:,UTT,-54,2026-04-30 11:06:27
f8:6b:d9:01:8e:ee:,UTT,-54,2026-04-30 11:06:30
f8:6b:d9:01:8e:ee:,UTT,-53,2026-04-30 11:06:33
f8:6b:d9:01:8e:ee:,UTT,-61,2026-04-30 11:06:36
f8:6b:d9:01:8e:ee:,UTT,-61,2026-04-30 11:06:40
f8:6b:d9:01:8e:ee:,UTT,-48,2026-04-30 11:06:43
f8:6b:d9:01:8e:ee:,UTT,-60,2026-04-30 11:06:46
f8:6b:d9:01:8e:ee:,UTT,-60,2026-04-30 11:06:49
f8:6b:d9:01:8e:ee:,UTT,-53,2026-04-30 11:06:52
f8:6b:d9:01:8e:ee:,UTT,-54,2026-04-30 11:06:56
f8:6b:d9:01:8e:ee:,UTT,-54,2026-04-30 11:06:58
f8:6b:d9:01:8e:ee:,UTT,-50,2026-04-30 11:07:02
f8:6b:d9:01:8e:ee:,UTT,-51,2026-04-30 11:07:05
f8:6b:d9:01:8e:ee:,UTT,-51,2026-04-30 11:07:08
f8:6b:d9:01:85:21:,UTT,-81,2026-04-30 11:03:51
f8:6b:d9:01:85:21:,UTT,-83,2026-04-30 11:03:54
f8:6b:d9:01:85:21:,UTT,-83,2026-04-30 11:03:57
f8:6b:d9:01:85:21:,UTT,-83,2026-04-30 11:04:00
f8:6b:d9:01:85:21:,UTT,-83,2026-04-30 11:04:02
f8:6b:d9:01:85:21:,UTT,-83,2026-04-30 11:04:05
f8:6b:d9:01:85:21:,UTT,-83,2026-04-30 11:04:08
f8:6b:d9:01:85:21:,UTT,-87,2026-04-30 11:04:11
f8:6b:d9:01:85:21:,UTT,-87,2026-04-30 11:04:14
f8:6b:d9:01:85:21:,UTT,-87,2026-04-30 11:04:18
f8:6b:d9:01:85:21:,UTT,-87,2026-04-30 11:04:21
f8:6b:d9:01:85:21:,UTT,-87,2026-04-30 11:04:24
f8:6b:d9:01:85:21:,UTT,-87,2026-04-30 11:04:27
f8:6b:d9:01:85:21:,UTT,-87,2026-04-30 11:04:29
f8:6b:d9:01:85:21:,UTT,-87,2026-04-30 11:04:32
f8:6b:d9:01:85:21:,UTT,-87,2026-04-30 11:04:36
f8:6b:d9:01:85:21:,UTT,-87,2026-04-30 11:04:43
f8:6b:d9:01:85:21:,UTT,-87,2026-04-30 11:04:46
f8:6b:d9:01:85:21:,UTT,-87,2026-04-30 11:04:49
f8:6b:d9:01:85:21:,UTT,-81,2026-04-30 11:04:53
f8:6b:d9:01:85:21:,UTT,-81,2026-04-30 11:04:57
f8:6b:d9:01:85:21:,UTT,-81,2026-04-30 11:05:00
f8:6b:d9:01:85:21:,UTT,-83,2026-04-30 11:05:04
f8:6b:d9:01:85:21:,UTT,-83,2026-04-30 11:05:48
f8:6b:d9:01:85:21:,UTT,-83,2026-04-30 11:05:51
f8:6b:d9:01:85:21:,UTT,-83,2026-04-30 11:05:54
f8:6b:d9:01:85:21:,UTT,-83,2026-04-30 11:05:57
f8:6b:d9:01:85:21:,UTT,-83,2026-04-30 11:06:02
f8:6b:d9:01:85:21:,UTT,-83,2026-04-30 11:06:07
f8:6b:d9:01:85:21:,UTT,-83,2026-04-30 11:06:10
f8:6b:d9:01:85:21:,UTT,-83,2026-04-30 11:06:13
f8:6b:d9:01:85:21:,UTT,-83,2026-04-30 11:06:16
f8:6b:d9:01:85:21:,UTT,-83,2026-04-30 11:06:19
f8:6b:d9:01:85:21:,UTT,-83,2026-04-30 11:06:22
f8:6b:d9:01:85:21:,UTT,-83,2026-04-30 11:06:25
f8:6b:d9:01:85:21:,UTT,-83,2026-04-30 11:06:27
f8:6b:d9:01:85:21:,UTT,-83,2026-04-30 11:06:30
f8:6b:d9:01:85:21:,UTT,-83,2026-04-30 11:06:33
f8:6b:d9:01:85:21:,UTT,-83,2026-04-30 11:06:36
f8:6b:d9:01:85:21:,UTT,-83,2026-04-30 11:06:40
f8:6b:d9:01:85:21:,UTT,-83,2026-04-30 11:06:43
f8:6b:d9:01:85:21:,UTT,-83,2026-04-30 11:06:46
f8:6b:d9:01:85:21:,UTT,-83,2026-04-30 11:06:49
f8:6b:d9:01:85:21:,UTT,-83,2026-04-30 11:06:52
f8:6b:d9:01:85:21:,UTT,-83,2026-04-30 11:06:56
f8:6b:d9:01:85:21:,UTT,-83,2026-04-30 11:06:58
f8:6b:d9:95:d8:81:,UTT,-68,2026-04-30 11:03:51
f8:6b:d9:95:d8:81:,UTT,-85,2026-04-30 11:03:54
f8:6b:d9:95:d8:81:,UTT,-85,2026-04-30 11:03:57
f8:6b:d9:95:d8:81:,UTT,-85,2026-04-30 11:04:00
f8:6b:d9:95:d8:81:,UTT,-79,2026-04-30 11:04:02
f8:6b:d9:95:d8:81:,UTT,-79,2026-04-30 11:04:05
f8:6b:d9:95:d8:81:,UTT,-85,2026-04-30 11:04:08
f8:6b:d9:95:d8:81:,UTT,-79,2026-04-30 11:04:11
f8:6b:d9:95:d8:81:,UTT,-79,2026-04-30 11:04:14
f8:6b:d9:95:d8:81:,UTT,-87,2026-04-30 11:04:18
f8:6b:d9:95:d8:81:,UTT,-87,2026-04-30 11:04:21
f8:6b:d9:95:d8:81:,UTT,-85,2026-04-30 11:04:24
f8:6b:d9:95:d8:81:,UTT,-86,2026-04-30 11:04:27
f8:6b:d9:95:d8:81:,UTT,-86,2026-04-30 11:04:29
f8:6b:d9:95:d8:81:,UTT,-86,2026-04-30 11:04:32
f8:6b:d9:95:d8:81:,UTT,-89,2026-04-30 11:04:36
f8:6b:d9:95:d8:81:,UTT,-85,2026-04-30 11:04:43
f8:6b:d9:95:d8:81:,UTT,-85,2026-04-30 11:04:46
f8:6b:d9:95:d8:81:,UTT,-85,2026-04-30 11:04:49
f8:6b:d9:95:d8:81:,UTT,-84,2026-04-30 11:04:53
f8:6b:d9:95:d8:81:,UTT,-84,2026-04-30 11:04:57
f8:6b:d9:95:d8:81:,UTT,-82,2026-04-30 11:05:00
f8:6b:d9:95:d8:81:,UTT,-83,2026-04-30 11:05:04
f8:6b:d9:95:d8:81:,UTT,-87,2026-04-30 11:05:48
f8:6b:d9:95:d8:81:,UTT,-87,2026-04-30 11:05:51
f8:6b:d9:95:d8:81:,UTT,-78,2026-04-30 11:05:54
f8:6b:d9:95:d8:81:,UTT,-78,2026-04-30 11:05:57
f8:6b:d9:95:d8:81:,UTT,-87,2026-04-30 11:06:02
f8:6b:d9:95:d8:81:,UTT,-77,2026-04-30 11:06:07
f8:6b:d9:95:d8:81:,UTT,-77,2026-04-30 11:06:10
f8:6b:d9:95:d8:81:,UTT,-87,2026-04-30 11:06:13
f8:6b:d9:95:d8:81:,UTT,-87,2026-04-30 11:06:16
f8:6b:d9:95:d8:81:,UTT,-80,2026-04-30 11:06:19
f8:6b:d9:95:d8:81:,UTT,-87,2026-04-30 11:06:22
f8:6b:d9:95:d8:81:,UTT,-87,2026-04-30 11:06:25
f8:6b:d9:95:d8:81:,UTT,-81,2026-04-30 11:06:27
f8:6b:d9:95:d8:81:,UTT,-81,2026-04-30 11:06:30
f8:6b:d9:95:d8:81:,UTT,-81,2026-04-30 11:06:33
f8:6b:d9:95:d8:81:,UTT,-75,2026-04-30 11:06:36
f8:6b:d9:95:d8:81:,UTT,-75,2026-04-30 11:06:40
f8:6b:d9:95:d8:81:,UTT,-83,2026-04-30 11:06:43
f8:6b:d9:95:d8:81:,UTT,-74,2026-04-30 11:06:46
f8:6b:d9:95:d8:81:,UTT,-74,2026-04-30 11:06:49
f8:6b:d9:95:d8:81:,UTT,-82,2026-04-30 11:06:52
f8:6b:d9:95:d8:81:,UTT,-74,2026-04-30 11:06:56
f8:6b:d9:95:d8:81:,UTT,-74,2026-04-30 11:06:58
f8:6b:d9:95:d8:81:,UTT,-84,2026-04-30 11:07:02
f8:6b:d9:95:d8:81:,UTT,-84,2026-04-30 11:07:05
f8:6b:d9:95:d8:81:,UTT,-84,2026-04-30 11:07:08
f8:6b:d9:01:8e:e1:,UTT,-73,2026-04-30 11:03:51
f8:6b:d9:01:8e:e1:,UTT,-46,2026-04-30 11:03:54
f8:6b:d9:01:8e:e1:,UTT,-46,2026-04-30 11:03:57
f8:6b:d9:01:8e:e1:,UTT,-60,2026-04-30 11:04:00
f8:6b:d9:01:8e:e1:,UTT,-62,2026-04-30 11:04:02
f8:6b:d9:01:8e:e1:,UTT,-62,2026-04-30 11:04:05
f8:6b:d9:01:8e:e1:,UTT,-60,2026-04-30 11:04:08
f8:6b:d9:01:8e:e1:,UTT,-60,2026-04-30 11:04:11
f8:6b:d9:01:8e:e1:,UTT,-60,2026-04-30 11:04:14
f8:6b:d9:01:8e:e1:,UTT,-64,2026-04-30 11:04:18
f8:6b:d9:01:8e:e1:,UTT,-64,2026-04-30 11:04:21
f8:6b:d9:01:8e:e1:,UTT,-47,2026-04-30 11:04:24
f8:6b:d9:01:8e:e1:,UTT,-55,2026-04-30 11:04:27
f8:6b:d9:01:8e:e1:,UTT,-55,2026-04-30 11:04:29
f8:6b:d9:01:8e:e1:,UTT,-45,2026-04-30 11:04:32
f8:6b:d9:01:8e:e1:,UTT,-52,2026-04-30 11:04:36
f8:6b:d9:01:8e:e1:,UTT,-40,2026-04-30 11:04:43
f8:6b:d9:01:8e:e1:,UTT,-54,2026-04-30 11:04:46
f8:6b:d9:01:8e:e1:,UTT,-54,2026-04-30 11:04:49
f8:6b:d9:01:8e:e1:,UTT,-61,2026-04-30 11:04:53
f8:6b:d9:01:8e:e1:,UTT,-61,2026-04-30 11:04:57
f8:6b:d9:01:8e:e1:,UTT,-60,2026-04-30 11:05:00
f8:6b:d9:01:8e:e1:,UTT,-43,2026-04-30 11:05:04
f8:6b:d9:01:8e:e1:,UTT,-60,2026-04-30 11:05:48
f8:6b:d9:01:8e:e1:,UTT,-60,2026-04-30 11:05:51
f8:6b:d9:01:8e:e1:,UTT,-56,2026-04-30 11:05:54
f8:6b:d9:01:8e:e1:,UTT,-56,2026-04-30 11:05:57
f8:6b:d9:01:8e:e1:,UTT,-68,2026-04-30 11:06:02
f8:6b:d9:01:8e:e1:,UTT,-55,2026-04-30 11:06:07
f8:6b:d9:01:8e:e1:,UTT,-55,2026-04-30 11:06:10
f8:6b:d9:01:8e:e1:,UTT,-58,2026-04-30 11:06:13
f8:6b:d9:01:8e:e1:,UTT,-58,2026-04-30 11:06:16
f8:6b:d9:01:8e:e1:,UTT,-44,2026-04-30 11:06:19
f8:6b:d9:01:8e:e1:,UTT,-49,2026-04-30 11:06:22
f8:6b:d9:01:8e:e1:,UTT,-49,2026-04-30 11:06:25
f8:6b:d9:01:8e:e1:,UTT,-52,2026-04-30 11:06:27
f8:6b:d9:01:8e:e1:,UTT,-52,2026-04-30 11:06:30
f8:6b:d9:01:8e:e1:,UTT,-67,2026-04-30 11:06:33
f8:6b:d9:01:8e:e1:,UTT,-56,2026-04-30 11:06:36
f8:6b:d9:01:8e:e1:,UTT,-56,2026-04-30 11:06:40
f8:6b:d9:01:8e:e1:,UTT,-64,2026-04-30 11:06:43
f8:6b:d9:01:8e:e1:,UTT,-60,2026-04-30 11:06:46
f8:6b:d9:01:8e:e1:,UTT,-60,2026-04-30 11:06:49
f8:6b:d9:01:8e:e1:,UTT,-67,2026-04-30 11:06:52
f8:6b:d9:01:8e:e1:,UTT,-59,2026-04-30 11:06:56
f8:6b:d9:01:8e:e1:,UTT,-59,2026-04-30 11:06:58
f8:6b:d9:01:8e:e1:,UTT,-65,2026-04-30 11:07:02
f8:6b:d9:01:8e:e1:,UTT,-48,2026-04-30 11:07:05
f8:6b:d9:01:8e:e1:,UTT,-48,2026-04-30 11:07:08
e4:aa:5d:fd:3e:e1:,UTT,-87,2026-04-30 11:03:51
e4:aa:5d:fd:3e:e1:,UTT,-87,2026-04-30 11:03:54
e4:aa:5d:fd:3e:e1:,UTT,-87,2026-04-30 11:03:57
e4:aa:5d:fd:3e:e1:,UTT,-87,2026-04-30 11:04:00
e4:aa:5d:fd:3e:e1:,UTT,-84,2026-04-30 11:04:02
e4:aa:5d:fd:3e:e1:,UTT,-84,2026-04-30 11:04:05
e4:aa:5d:fd:3e:e1:,UTT,-84,2026-04-30 11:04:08
e4:aa:5d:fd:3e:e1:,UTT,-84,2026-04-30 11:04:11
e4:aa:5d:fd:3e:e1:,UTT,-84,2026-04-30 11:04:14
e4:aa:5d:fd:3e:e1:,UTT,-84,2026-04-30 11:04:18
e4:aa:5d:fd:3e:e1:,UTT,-84,2026-04-30 11:04:21
e4:aa:5d:fd:3e:e1:,UTT,-84,2026-04-30 11:04:24
e4:aa:5d:fd:3e:e1:,UTT,-84,2026-04-30 11:04:27
e4:aa:5d:fd:3e:e1:,UTT,-84,2026-04-30 11:04:29
e4:aa:5d:fd:3e:e1:,UTT,-84,2026-04-30 11:04:32
e4:aa:5d:fd:3e:e1:,UTT,-84,2026-04-30 11:04:36
e4:aa:5d:fd:3e:e1:,UTT,-84,2026-04-30 11:04:43
e4:aa:5d:fd:3e:e1:,UTT,-84,2026-04-30 11:04:46
e4:aa:5d:fd:3e:e1:,UTT,-84,2026-04-30 11:04:49
e4:aa:5d:fd:3e:e1:,UTT,-86,2026-04-30 11:04:53
e4:aa:5d:fd:3e:e1:,UTT,-86,2026-04-30 11:04:57
e4:aa:5d:fd:3e:e1:,UTT,-86,2026-04-30 11:05:00
e4:aa:5d:fd:3e:e1:,UTT,-87,2026-04-30 11:05:04
e4:aa:5d:fd:3e:e1:,UTT,-87,2026-04-30 11:05:48
e4:aa:5d:fd:3e:e1:,UTT,-87,2026-04-30 11:05:51
e4:aa:5d:fd:3e:e1:,UTT,-87,2026-04-30 11:05:54
e4:aa:5d:fd:3e:e1:,UTT,-87,2026-04-30 11:05:57
e4:aa:5d:fd:3e:e1:,UTT,-87,2026-04-30 11:06:02
e4:aa:5d:fd:3e:e1:,UTT,-87,2026-04-30 11:06:07
e4:aa:5d:fd:3e:e1:,UTT,-87,2026-04-30 11:06:10
e4:aa:5d:fd:3e:e1:,UTT,-87,2026-04-30 11:06:13
e4:aa:5d:fd:3e:e1:,UTT,-87,2026-04-30 11:06:16
e4:aa:5d:fd:3e:e1:,UTT,-87,2026-04-30 11:06:19
e4:aa:5d:fd:3e:e1:,UTT,-87,2026-04-30 11:06:22
e4:aa:5d:fd:3e:e1:,UTT,-87,2026-04-30 11:06:25
e4:aa:5d:fd:3e:e1:,UTT,-87,2026-04-30 11:06:27
e4:aa:5d:fd:3e:e1:,UTT,-87,2026-04-30 11:06:30
e4:aa:5d:fd:3e:e1:,UTT,-87,2026-04-30 11:06:33
e4:aa:5d:fd:3e:e1:,UTT,-87,2026-04-30 11:06:36
e4:aa:5d:fd:3e:e1:,UTT,-87,2026-04-30 11:06:40
e4:aa:5d:fd:3e:e1:,UTT,-87,2026-04-30 11:06:43
e4:aa:5d:fd:3e:e1:,UTT,-87,2026-04-30 11:06:46
e4:aa:5d:fd:3e:e1:,UTT,-87,2026-04-30 11:06:49
e4:aa:5d:fd:3e:e1:,UTT,-87,2026-04-30 11:06:52
e4:aa:5d:fd:3e:e1:,UTT,-87,2026-04-30 11:06:56
e4:aa:5d:fd:3e:e1:,UTT,-87,2026-04-30 11:06:58
e4:aa:5d:bf:25:5d:,eduroam,-80,2026-04-30 11:03:51
e4:aa:5d:bf:25:5d:,eduroam,-80,2026-04-30 11:03:54
e4:aa:5d:bf:25:5d:,eduroam,-80,2026-04-30 11:03:57
e4:aa:5d:bf:25:5d:,eduroam,-86,2026-04-30 11:04:00
e4:aa:5d:bf:25:5d:,eduroam,-86,2026-04-30 11:04:02
e4:aa:5d:bf:25:5d:,eduroam,-86,2026-04-30 11:04:05
e4:aa:5d:bf:25:5d:,eduroam,-86,2026-04-30 11:04:08
e4:aa:5d:bf:25:5d:,eduroam,-86,2026-04-30 11:04:11
e4:aa:5d:bf:25:5d:,eduroam,-86,2026-04-30 11:04:14
e4:aa:5d:bf:25:5d:,eduroam,-86,2026-04-30 11:04:18
e4:aa:5d:bf:25:5d:,eduroam,-86,2026-04-30 11:04:21
e4:aa:5d:bf:25:5d:,eduroam,-86,2026-04-30 11:04:24
e4:aa:5d:bf:25:5d:,eduroam,-86,2026-04-30 11:04:27
e4:aa:5d:bf:25:5d:,eduroam,-86,2026-04-30 11:04:29
e4:aa:5d:bf:25:5d:,eduroam,-86,2026-04-30 11:04:32
e4:aa:5d:bf:25:5d:,eduroam,-86,2026-04-30 11:04:36
e4:aa:5d:bf:25:5d:,eduroam,-86,2026-04-30 11:04:43
e4:aa:5d:bf:25:5d:,eduroam,-86,2026-04-30 11:04:46
e4:aa:5d:bf:25:5d:,eduroam,-86,2026-04-30 11:04:49
e4:aa:5d:bf:25:5d:,eduroam,-86,2026-04-30 11:04:53
e4:aa:5d:bf:25:5d:,eduroam,-86,2026-04-30 11:04:57
e4:aa:5d:bf:25:5d:,eduroam,-86,2026-04-30 11:05:00
e4:aa:5d:bf:25:5d:,eduroam,-86,2026-04-30 11:05:04
e4:aa:5d:bf:25:5d:,eduroam,-86,2026-04-30 11:05:48
e4:aa:5d:bf:25:5d:,eduroam,-86,2026-04-30 11:05:51
e4:aa:5d:bf:25:5d:,eduroam,-86,2026-04-30 11:05:54
e4:aa:5d:bf:25:5d:,eduroam,-86,2026-04-30 11:05:57
e4:aa:5d:bf:25:52:,eduroam,-85,2026-04-30 11:03:51
e4:aa:5d:bf:25:52:,eduroam,-85,2026-04-30 11:03:54
e4:aa:5d:bf:25:52:,eduroam,-85,2026-04-30 11:03:57
e4:aa:5d:bf:25:52:,eduroam,-85,2026-04-30 11:04:00
e4:aa:5d:bf:25:52:,eduroam,-85,2026-04-30 11:04:02
e4:aa:5d:bf:25:52:,eduroam,-85,2026-04-30 11:04:05
e4:aa:5d:bf:25:52:,eduroam,-85,2026-04-30 11:04:08
e4:aa:5d:bf:25:52:,eduroam,-85,2026-04-30 11:04:11
e4:aa:5d:bf:25:52:,eduroam,-85,2026-04-30 11:04:14
e4:aa:5d:bf:25:52:,eduroam,-85,2026-04-30 11:04:18
e4:aa:5d:bf:25:52:,eduroam,-85,2026-04-30 11:04:21
e4:aa:5d:bf:25:52:,eduroam,-86,2026-04-30 11:04:24
e4:aa:5d:bf:25:52:,eduroam,-86,2026-04-30 11:04:27
e4:aa:5d:bf:25:52:,eduroam,-86,2026-04-30 11:04:29
e4:aa:5d:bf:25:52:,eduroam,-87,2026-04-30 11:04:32
e4:aa:5d:bf:25:52:,eduroam,-87,2026-04-30 11:04:36
e4:aa:5d:bf:25:52:,eduroam,-88,2026-04-30 11:04:43
e4:aa:5d:bf:25:52:,eduroam,-88,2026-04-30 11:04:46
e4:aa:5d:bf:25:52:,eduroam,-88,2026-04-30 11:04:49
e4:aa:5d:bf:25:52:,eduroam,-88,2026-04-30 11:04:53
e4:aa:5d:bf:25:52:,eduroam,-88,2026-04-30 11:04:57
e4:aa:5d:bf:25:52:,eduroam,-88,2026-04-30 11:05:00
e4:aa:5d:bf:25:52:,eduroam,-85,2026-04-30 11:05:04
e4:aa:5d:bf:25:52:,eduroam,-85,2026-04-30 11:05:48
e4:aa:5d:bf:25:52:,eduroam,-85,2026-04-30 11:05:51
e4:aa:5d:bf:25:52:,eduroam,-85,2026-04-30 11:05:54
e4:aa:5d:bf:25:52:,eduroam,-85,2026-04-30 11:05:57
e4:aa:5d:bf:25:52:,eduroam,-85,2026-04-30 11:06:02
e4:aa:5d:bf:25:52:,eduroam,-85,2026-04-30 11:06:07
e4:aa:5d:bf:25:52:,eduroam,-85,2026-04-30 11:06:10
e4:aa:5d:bf:25:52:,eduroam,-85,2026-04-30 11:06:13
e4:aa:5d:bf:25:52:,eduroam,-85,2026-04-30 11:06:16
e4:aa:5d:bf:25:52:,eduroam,-85,2026-04-30 11:06:19
e4:aa:5d:bf:25:52:,eduroam,-85,2026-04-30 11:06:22
e4:aa:5d:bf:25:52:,eduroam,-85,2026-04-30 11:06:25
e4:aa:5d:bf:25:52:,eduroam,-85,2026-04-30 11:06:27
e4:aa:5d:bf:25:52:,eduroam,-85,2026-04-30 11:06:30
e4:aa:5d:bf:25:52:,eduroam,-85,2026-04-30 11:06:33
e4:aa:5d:bf:25:52:,eduroam,-85,2026-04-30 11:06:36
e4:aa:5d:bf:25:52:,eduroam,-85,2026-04-30 11:06:40
e4:aa:5d:bf:25:52:,eduroam,-85,2026-04-30 11:06:43
e4:aa:5d:bf:25:52:,eduroam,-85,2026-04-30 11:06:46
e4:aa:5d:bf:25:52:,eduroam,-85,2026-04-30 11:06:49
e4:aa:5d:bf:25:52:,eduroam,-85,2026-04-30 11:06:52
e4:aa:5d:bf:25:52:,eduroam,-85,2026-04-30 11:06:56
e4:aa:5d:bf:25:52:,eduroam,-85,2026-04-30 11:06:58
e4:aa:5d:bf:25:52:,eduroam,-85,2026-04-30 11:07:02
e4:aa:5d:bf:25:52:,eduroam,-86,2026-04-30 11:07:05
e4:aa:5d:bf:25:52:,eduroam,-86,2026-04-30 11:07:08
ac:2a:a1:7e:df:6d:,eduroam,-61,2026-04-30 11:03:51
ac:2a:a1:7e:df:6d:,eduroam,-61,2026-04-30 11:03:54
ac:2a:a1:7e:df:6d:,eduroam,-74,2026-04-30 11:03:57
ac:2a:a1:7e:df:6d:,eduroam,-64,2026-04-30 11:04:00
ac:2a:a1:7e:df:6d:,eduroam,-64,2026-04-30 11:04:02
ac:2a:a1:7e:df:6d:,eduroam,-68,2026-04-30 11:04:05
ac:2a:a1:7e:df:6d:,eduroam,-68,2026-04-30 11:04:08
ac:2a:a1:7e:df:6d:,eduroam,-68,2026-04-30 11:04:11
ac:2a:a1:7e:df:6d:,eduroam,-76,2026-04-30 11:04:14
ac:2a:a1:7e:df:6d:,eduroam,-76,2026-04-30 11:04:18
ac:2a:a1:7e:df:6d:,eduroam,-59,2026-04-30 11:04:21
ac:2a:a1:7e:df:6d:,eduroam,-69,2026-04-30 11:04:24
ac:2a:a1:7e:df:6d:,eduroam,-69,2026-04-30 11:04:27
ac:2a:a1:7e:df:6d:,eduroam,-66,2026-04-30 11:04:29
ac:2a:a1:7e:df:6d:,eduroam,-65,2026-04-30 11:04:32
ac:2a:a1:7e:df:6d:,eduroam,-65,2026-04-30 11:04:36
ac:2a:a1:7e:df:6d:,eduroam,-60,2026-04-30 11:04:43
ac:2a:a1:7e:df:6d:,eduroam,-71,2026-04-30 11:04:46
ac:2a:a1:7e:df:6d:,eduroam,-55,2026-04-30 11:04:49
ac:2a:a1:7e:df:6d:,eduroam,-55,2026-04-30 11:04:53
ac:2a:a1:7e:df:6d:,eduroam,-72,2026-04-30 11:04:57
ac:2a:a1:7e:df:6d:,eduroam,-58,2026-04-30 11:05:00
ac:2a:a1:7e:df:6d:,eduroam,-58,2026-04-30 11:05:04
ac:2a:a1:7e:df:6d:,eduroam,-61,2026-04-30 11:05:48
ac:2a:a1:7e:df:6d:,eduroam,-61,2026-04-30 11:05:51
ac:2a:a1:7e:df:6d:,eduroam,-61,2026-04-30 11:05:54
ac:2a:a1:7e:df:6d:,eduroam,-71,2026-04-30 11:05:57
ac:2a:a1:7e:df:6d:,eduroam,-62,2026-04-30 11:06:02
ac:2a:a1:7e:df:6d:,eduroam,-62,2026-04-30 11:06:07
ac:2a:a1:7e:df:6d:,eduroam,-72,2026-04-30 11:06:10
ac:2a:a1:7e:df:6d:,eduroam,-72,2026-04-30 11:06:13
ac:2a:a1:7e:df:6d:,eduroam,-68,2026-04-30 11:06:16
ac:2a:a1:7e:df:6d:,eduroam,-67,2026-04-30 11:06:19
ac:2a:a1:7e:df:6d:,eduroam,-67,2026-04-30 11:06:22
ac:2a:a1:7e:df:6d:,eduroam,-74,2026-04-30 11:06:25
ac:2a:a1:7e:df:6d:,eduroam,-74,2026-04-30 11:06:27
ac:2a:a1:7e:df:6d:,eduroam,-62,2026-04-30 11:06:30
ac:2a:a1:7e:df:6d:,eduroam,-74,2026-04-30 11:06:33
ac:2a:a1:7e:df:6d:,eduroam,-74,2026-04-30 11:06:36
ac:2a:a1:7e:df:6d:,eduroam,-80,2026-04-30 11:06:40
ac:2a:a1:7e:df:6d:,eduroam,-63,2026-04-30 11:06:43
ac:2a:a1:7e:df:6d:,eduroam,-63,2026-04-30 11:06:46
ac:2a:a1:7e:df:6d:,eduroam,-70,2026-04-30 11:06:49
ac:2a:a1:7e:df:6d:,eduroam,-66,2026-04-30 11:06:52
ac:2a:a1:7e:df:6d:,eduroam,-66,2026-04-30 11:06:56
ac:2a:a1:7e:df:6d:,eduroam,-75,2026-04-30 11:06:58
ac:2a:a1:7e:df:6d:,eduroam,-68,2026-04-30 11:07:02
ac:2a:a1:7e:df:6d:,eduroam,-68,2026-04-30 11:07:05
ac:2a:a1:7e:df:6d:,eduroam,-69,2026-04-30 11:07:08
f8:6b:d9:01:85:22:,eduroam,-80,2026-04-30 11:03:51
f8:6b:d9:01:85:22:,eduroam,-84,2026-04-30 11:03:54
f8:6b:d9:01:85:22:,eduroam,-84,2026-04-30 11:03:57
f8:6b:d9:01:85:22:,eduroam,-84,2026-04-30 11:04:00
f8:6b:d9:01:85:22:,eduroam,-84,2026-04-30 11:04:02
f8:6b:d9:01:85:22:,eduroam,-84,2026-04-30 11:04:05
f8:6b:d9:01:85:22:,eduroam,-84,2026-04-30 11:04:08
f8:6b:d9:01:85:22:,eduroam,-88,2026-04-30 11:04:11
f8:6b:d9:01:85:22:,eduroam,-88,2026-04-30 11:04:14
f8:6b:d9:01:85:22:,eduroam,-88,2026-04-30 11:04:18
f8:6b:d9:01:85:22:,eduroam,-88,2026-04-30 11:04:21
f8:6b:d9:01:85:22:,eduroam,-88,2026-04-30 11:04:24
f8:6b:d9:01:85:22:,eduroam,-88,2026-04-30 11:04:27
f8:6b:d9:01:85:22:,eduroam,-88,2026-04-30 11:04:29
f8:6b:d9:01:85:22:,eduroam,-88,2026-04-30 11:04:32
f8:6b:d9:01:85:22:,eduroam,-88,2026-04-30 11:04:36
f8:6b:d9:01:85:22:,eduroam,-88,2026-04-30 11:04:43
f8:6b:d9:01:85:22:,eduroam,-88,2026-04-30 11:04:46
f8:6b:d9:01:85:22:,eduroam,-88,2026-04-30 11:04:49
f8:6b:d9:01:85:22:,eduroam,-84,2026-04-30 11:04:53
f8:6b:d9:01:85:22:,eduroam,-84,2026-04-30 11:04:57
f8:6b:d9:01:85:22:,eduroam,-84,2026-04-30 11:05:00
f8:6b:d9:01:85:22:,eduroam,-85,2026-04-30 11:05:04
f8:6b:d9:01:85:22:,eduroam,-85,2026-04-30 11:05:48
f8:6b:d9:01:85:22:,eduroam,-85,2026-04-30 11:05:51
f8:6b:d9:01:85:22:,eduroam,-85,2026-04-30 11:05:54
f8:6b:d9:01:85:22:,eduroam,-85,2026-04-30 11:05:57
f8:6b:d9:01:85:22:,eduroam,-85,2026-04-30 11:06:02
f8:6b:d9:01:85:22:,eduroam,-85,2026-04-30 11:06:07
f8:6b:d9:01:85:22:,eduroam,-85,2026-04-30 11:06:10
f8:6b:d9:01:85:22:,eduroam,-85,2026-04-30 11:06:13
f8:6b:d9:01:85:22:,eduroam,-85,2026-04-30 11:06:16
f8:6b:d9:01:85:22:,eduroam,-86,2026-04-30 11:06:19
f8:6b:d9:01:85:22:,eduroam,-86,2026-04-30 11:06:22
f8:6b:d9:01:85:22:,eduroam,-86,2026-04-30 11:06:25
f8:6b:d9:01:85:22:,eduroam,-86,2026-04-30 11:06:27
f8:6b:d9:01:85:22:,eduroam,-86,2026-04-30 11:06:30
f8:6b:d9:01:85:22:,eduroam,-86,2026-04-30 11:06:33
f8:6b:d9:01:85:22:,eduroam,-86,2026-04-30 11:06:36
f8:6b:d9:01:85:22:,eduroam,-86,2026-04-30 11:06:40
f8:6b:d9:01:85:22:,eduroam,-86,2026-04-30 11:06:43
f8:6b:d9:01:85:22:,eduroam,-86,2026-04-30 11:06:46
f8:6b:d9:01:85:22:,eduroam,-86,2026-04-30 11:06:49
f8:6b:d9:01:85:22:,eduroam,-86,2026-04-30 11:06:52
f8:6b:d9:01:85:22:,eduroam,-86,2026-04-30 11:06:56
f8:6b:d9:01:85:22:,eduroam,-86,2026-04-30 11:06:58
f8:6b:d9:01:85:22:,eduroam,-86,2026-04-30 11:07:02
f8:6b:d9:01:85:22:,eduroam,-86,2026-04-30 11:07:05
f8:6b:d9:01:85:22:,eduroam,-86,2026-04-30 11:07:08
f8:6b:d9:01:8e:ed:,eduroam,-52,2026-04-30 11:03:51
f8:6b:d9:01:8e:ed:,eduroam,-49,2026-04-30 11:03:54
f8:6b:d9:01:8e:ed:,eduroam,-49,2026-04-30 11:03:57
f8:6b:d9:01:8e:ed:,eduroam,-44,2026-04-30 11:04:00
f8:6b:d9:01:8e:ed:,eduroam,-52,2026-04-30 11:04:02
f8:6b:d9:01:8e:ed:,eduroam,-52,2026-04-30 11:04:05
f8:6b:d9:01:8e:ed:,eduroam,-48,2026-04-30 11:04:08
f8:6b:d9:01:8e:ed:,eduroam,-59,2026-04-30 11:04:11
f8:6b:d9:01:8e:ed:,eduroam,-59,2026-04-30 11:04:14
f8:6b:d9:01:8e:ed:,eduroam,-53,2026-04-30 11:04:18
f8:6b:d9:01:8e:ed:,eduroam,-53,2026-04-30 11:04:21
f8:6b:d9:01:8e:ed:,eduroam,-55,2026-04-30 11:04:24
f8:6b:d9:01:8e:ed:,eduroam,-49,2026-04-30 11:04:27
f8:6b:d9:01:8e:ed:,eduroam,-49,2026-04-30 11:04:29
f8:6b:d9:01:8e:ed:,eduroam,-54,2026-04-30 11:04:32
f8:6b:d9:01:8e:ed:,eduroam,-48,2026-04-30 11:04:36
f8:6b:d9:01:8e:ed:,eduroam,-47,2026-04-30 11:04:43
f8:6b:d9:01:8e:ed:,eduroam,-48,2026-04-30 11:04:46
f8:6b:d9:01:8e:ed:,eduroam,-48,2026-04-30 11:04:49
f8:6b:d9:01:8e:ed:,eduroam,-57,2026-04-30 11:04:53
f8:6b:d9:01:8e:ed:,eduroam,-57,2026-04-30 11:04:57
f8:6b:d9:01:8e:ed:,eduroam,-51,2026-04-30 11:05:00
f8:6b:d9:01:8e:ed:,eduroam,-49,2026-04-30 11:05:04
f8:6b:d9:01:8e:ed:,eduroam,-47,2026-04-30 11:05:48
f8:6b:d9:01:8e:ed:,eduroam,-47,2026-04-30 11:05:51
f8:6b:d9:01:8e:ed:,eduroam,-54,2026-04-30 11:05:54
f8:6b:d9:01:8e:ed:,eduroam,-54,2026-04-30 11:05:57
f8:6b:d9:01:8e:ed:,eduroam,-47,2026-04-30 11:06:02
f8:6b:d9:01:8e:ed:,eduroam,-59,2026-04-30 11:06:07
f8:6b:d9:01:8e:ed:,eduroam,-59,2026-04-30 11:06:10
f8:6b:d9:01:8e:ed:,eduroam,-54,2026-04-30 11:06:13
f8:6b:d9:01:8e:ed:,eduroam,-54,2026-04-30 11:06:16
f8:6b:d9:01:8e:ed:,eduroam,-53,2026-04-30 11:06:19
f8:6b:d9:01:8e:ed:,eduroam,-47,2026-04-30 11:06:22
f8:6b:d9:01:8e:ed:,eduroam,-47,2026-04-30 11:06:25
f8:6b:d9:01:8e:ed:,eduroam,-54,2026-04-30 11:06:27
f8:6b:d9:01:8e:ed:,eduroam,-54,2026-04-30 11:06:30
f8:6b:d9:01:8e:ed:,eduroam,-53,2026-04-30 11:06:33
f8:6b:d9:01:8e:ed:,eduroam,-61,2026-04-30 11:06:36
f8:6b:d9:01:8e:ed:,eduroam,-61,2026-04-30 11:06:40
f8:6b:d9:01:8e:ed:,eduroam,-49,2026-04-30 11:06:43
f8:6b:d9:01:8e:ed:,eduroam,-60,2026-04-30 11:06:46
f8:6b:d9:01:8e:ed:,eduroam,-60,2026-04-30 11:06:49
f8:6b:d9:01:8e:ed:,eduroam,-53,2026-04-30 11:06:52
f8:6b:d9:01:8e:ed:,eduroam,-55,2026-04-30 11:06:56
f8:6b:d9:01:8e:ed:,eduroam,-55,2026-04-30 11:06:58
f8:6b:d9:01:8e:ed:,eduroam,-51,2026-04-30 11:07:02
f8:6b:d9:01:8e:ed:,eduroam,-51,2026-04-30 11:07:05
f8:6b:d9:01:8e:ed:,eduroam,-51,2026-04-30 11:07:08
f8:6b:d9:95:d8:82:,eduroam,-70,2026-04-30 11:03:51
f8:6b:d9:95:d8:82:,eduroam,-80,2026-04-30 11:03:54
f8:6b:d9:95:d8:82:,eduroam,-80,2026-04-30 11:03:57
f8:6b:d9:95:d8:82:,eduroam,-80,2026-04-30 11:04:00
f8:6b:d9:95:d8:82:,eduroam,-77,2026-04-30 11:04:02
f8:6b:d9:95:d8:82:,eduroam,-77,2026-04-30 11:04:05
f8:6b:d9:95:d8:82:,eduroam,-85,2026-04-30 11:04:08
f8:6b:d9:95:d8:82:,eduroam,-80,2026-04-30 11:04:11
f8:6b:d9:95:d8:82:,eduroam,-80,2026-04-30 11:04:14
f8:6b:d9:95:d8:82:,eduroam,-86,2026-04-30 11:04:18
f8:6b:d9:95:d8:82:,eduroam,-86,2026-04-30 11:04:21
f8:6b:d9:95:d8:82:,eduroam,-86,2026-04-30 11:04:24
f8:6b:d9:95:d8:82:,eduroam,-86,2026-04-30 11:04:27
f8:6b:d9:95:d8:82:,eduroam,-86,2026-04-30 11:04:29
f8:6b:d9:95:d8:82:,eduroam,-87,2026-04-30 11:04:32
f8:6b:d9:95:d8:82:,eduroam,-87,2026-04-30 11:04:36
f8:6b:d9:95:d8:82:,eduroam,-85,2026-04-30 11:04:43
f8:6b:d9:95:d8:82:,eduroam,-85,2026-04-30 11:04:46
f8:6b:d9:95:d8:82:,eduroam,-85,2026-04-30 11:04:49
f8:6b:d9:95:d8:82:,eduroam,-86,2026-04-30 11:04:53
f8:6b:d9:95:d8:82:,eduroam,-86,2026-04-30 11:04:57
f8:6b:d9:95:d8:82:,eduroam,-82,2026-04-30 11:05:00
f8:6b:d9:95:d8:82:,eduroam,-83,2026-04-30 11:05:04
f8:6b:d9:95:d8:82:,eduroam,-88,2026-04-30 11:05:48
f8:6b:d9:95:d8:82:,eduroam,-88,2026-04-30 11:05:51
f8:6b:d9:95:d8:82:,eduroam,-79,2026-04-30 11:05:54
f8:6b:d9:95:d8:82:,eduroam,-79,2026-04-30 11:05:57
f8:6b:d9:95:d8:82:,eduroam,-86,2026-04-30 11:06:02
f8:6b:d9:95:d8:82:,eduroam,-77,2026-04-30 11:06:07
f8:6b:d9:95:d8:82:,eduroam,-77,2026-04-30 11:06:10
f8:6b:d9:95:d8:82:,eduroam,-87,2026-04-30 11:06:13
f8:6b:d9:95:d8:82:,eduroam,-87,2026-04-30 11:06:16
f8:6b:d9:95:d8:82:,eduroam,-81,2026-04-30 11:06:19
f8:6b:d9:95:d8:82:,eduroam,-86,2026-04-30 11:06:22
f8:6b:d9:95:d8:82:,eduroam,-86,2026-04-30 11:06:25
f8:6b:d9:95:d8:82:,eduroam,-82,2026-04-30 11:06:27
f8:6b:d9:95:d8:82:,eduroam,-82,2026-04-30 11:06:30
f8:6b:d9:95:d8:82:,eduroam,-81,2026-04-30 11:06:33
f8:6b:d9:95:d8:82:,eduroam,-73,2026-04-30 11:06:36
f8:6b:d9:95:d8:82:,eduroam,-73,2026-04-30 11:06:40
f8:6b:d9:95:d8:82:,eduroam,-82,2026-04-30 11:06:43
f8:6b:d9:95:d8:82:,eduroam,-74,2026-04-30 11:06:46
f8:6b:d9:95:d8:82:,eduroam,-74,2026-04-30 11:06:49
f8:6b:d9:95:d8:82:,eduroam,-82,2026-04-30 11:06:52
f8:6b:d9:95:d8:82:,eduroam,-74,2026-04-30 11:06:56
f8:6b:d9:95:d8:82:,eduroam,-74,2026-04-30 11:06:58
f8:6b:d9:95:d8:82:,eduroam,-84,2026-04-30 11:07:02
f8:6b:d9:95:d8:82:,eduroam,-86,2026-04-30 11:07:05
f8:6b:d9:95:d8:82:,eduroam,-86,2026-04-30 11:07:08
f8:6b:d9:01:8e:e2:,eduroam,-73,2026-04-30 11:03:51
f8:6b:d9:01:8e:e2:,eduroam,-47,2026-04-30 11:03:54
f8:6b:d9:01:8e:e2:,eduroam,-47,2026-04-30 11:03:57
f8:6b:d9:01:8e:e2:,eduroam,-59,2026-04-30 11:04:00
f8:6b:d9:01:8e:e2:,eduroam,-61,2026-04-30 11:04:02
f8:6b:d9:01:8e:e2:,eduroam,-61,2026-04-30 11:04:05
f8:6b:d9:01:8e:e2:,eduroam,-59,2026-04-30 11:04:08
f8:6b:d9:01:8e:e2:,eduroam,-59,2026-04-30 11:04:11
f8:6b:d9:01:8e:e2:,eduroam,-59,2026-04-30 11:04:14
f8:6b:d9:01:8e:e2:,eduroam,-63,2026-04-30 11:04:18
f8:6b:d9:01:8e:e2:,eduroam,-63,2026-04-30 11:04:21
f8:6b:d9:01:8e:e2:,eduroam,-47,2026-04-30 11:04:24
f8:6b:d9:01:8e:e2:,eduroam,-55,2026-04-30 11:04:27
f8:6b:d9:01:8e:e2:,eduroam,-55,2026-04-30 11:04:29
f8:6b:d9:01:8e:e2:,eduroam,-44,2026-04-30 11:04:32
f8:6b:d9:01:8e:e2:,eduroam,-51,2026-04-30 11:04:36
f8:6b:d9:01:8e:e2:,eduroam,-40,2026-04-30 11:04:43
f8:6b:d9:01:8e:e2:,eduroam,-54,2026-04-30 11:04:46
f8:6b:d9:01:8e:e2:,eduroam,-54,2026-04-30 11:04:49
f8:6b:d9:01:8e:e2:,eduroam,-61,2026-04-30 11:04:53
f8:6b:d9:01:8e:e2:,eduroam,-61,2026-04-30 11:04:57
f8:6b:d9:01:8e:e2:,eduroam,-60,2026-04-30 11:05:00
f8:6b:d9:01:8e:e2:,eduroam,-43,2026-04-30 11:05:04
f8:6b:d9:01:8e:e2:,eduroam,-60,2026-04-30 11:05:48
f8:6b:d9:01:8e:e2:,eduroam,-60,2026-04-30 11:05:51
f8:6b:d9:01:8e:e2:,eduroam,-56,2026-04-30 11:05:54
f8:6b:d9:01:8e:e2:,eduroam,-56,2026-04-30 11:05:57
f8:6b:d9:01:8e:e2:,eduroam,-68,2026-04-30 11:06:02
f8:6b:d9:01:8e:e2:,eduroam,-54,2026-04-30 11:06:07
f8:6b:d9:01:8e:e2:,eduroam,-54,2026-04-30 11:06:10
f8:6b:d9:01:8e:e2:,eduroam,-57,2026-04-30 11:06:13
f8:6b:d9:01:8e:e2:,eduroam,-57,2026-04-30 11:06:16
f8:6b:d9:01:8e:e2:,eduroam,-45,2026-04-30 11:06:19
f8:6b:d9:01:8e:e2:,eduroam,-49,2026-04-30 11:06:22
f8:6b:d9:01:8e:e2:,eduroam,-49,2026-04-30 11:06:25
f8:6b:d9:01:8e:e2:,eduroam,-52,2026-04-30 11:06:27
f8:6b:d9:01:8e:e2:,eduroam,-52,2026-04-30 11:06:30
f8:6b:d9:01:8e:e2:,eduroam,-68,2026-04-30 11:06:33
f8:6b:d9:01:8e:e2:,eduroam,-56,2026-04-30 11:06:36
f8:6b:d9:01:8e:e2:,eduroam,-56,2026-04-30 11:06:40
f8:6b:d9:01:8e:e2:,eduroam,-65,2026-04-30 11:06:43
f8:6b:d9:01:8e:e2:,eduroam,-60,2026-04-30 11:06:46
f8:6b:d9:01:8e:e2:,eduroam,-60,2026-04-30 11:06:49
f8:6b:d9:01:8e:e2:,eduroam,-67,2026-04-30 11:06:52
f8:6b:d9:01:8e:e2:,eduroam,-60,2026-04-30 11:06:56
f8:6b:d9:01:8e:e2:,eduroam,-60,2026-04-30 11:06:58
f8:6b:d9:01:8e:e2:,eduroam,-65,2026-04-30 11:07:02
f8:6b:d9:01:8e:e2:,eduroam,-47,2026-04-30 11:07:05
f8:6b:d9:01:8e:e2:,eduroam,-47,2026-04-30 11:07:08
f8:6b:d9:95:d8:8d:,eduroam,-48,2026-04-30 11:03:51
f8:6b:d9:95:d8:8d:,eduroam,-48,2026-04-30 11:03:54
f8:6b:d9:95:d8:8d:,eduroam,-48,2026-04-30 11:03:57
f8:6b:d9:95:d8:8d:,eduroam,-48,2026-04-30 11:04:00
f8:6b:d9:95:d8:8d:,eduroam,-48,2026-04-30 11:04:02
f8:6b:d9:95:d8:8d:,eduroam,-48,2026-04-30 11:04:05
f8:6b:d9:95:d8:8d:,eduroam,-48,2026-04-30 11:04:08
f8:6b:d9:95:d8:8d:,eduroam,-48,2026-04-30 11:04:11
f8:6b:d9:95:d8:8d:,eduroam,-48,2026-04-30 11:04:14
f8:6b:d9:95:d8:8d:,eduroam,-84,2026-04-30 11:06:16
f8:6b:d9:95:d8:8d:,eduroam,-84,2026-04-30 11:06:19
f8:6b:d9:95:d8:8d:,eduroam,-84,2026-04-30 11:06:22
f8:6b:d9:95:d8:8d:,eduroam,-88,2026-04-30 11:06:25
f8:6b:d9:95:d8:8d:,eduroam,-88,2026-04-30 11:06:27
f8:6b:d9:95:d8:8d:,eduroam,-88,2026-04-30 11:06:30
f8:6b:d9:95:d8:8d:,eduroam,-85,2026-04-30 11:06:33
f8:6b:d9:95:d8:8d:,eduroam,-85,2026-04-30 11:06:36
f8:6b:d9:95:d8:8d:,eduroam,-86,2026-04-30 11:06:40
f8:6b:d9:95:d8:8d:,eduroam,-86,2026-04-30 11:06:43
f8:6b:d9:95:d8:8d:,eduroam,-86,2026-04-30 11:06:46
f8:6b:d9:95:d8:8d:,eduroam,-86,2026-04-30 11:06:49
f8:6b:d9:95:d8:8d:,eduroam,-86,2026-04-30 11:06:52
f8:6b:d9:95:d8:8d:,eduroam,-86,2026-04-30 11:06:56
f8:6b:d9:95:d8:8d:,eduroam,-86,2026-04-30 11:06:58
f8:6b:d9:95:d8:8d:,eduroam,-86,2026-04-30 11:07:02
f8:6b:d9:95:d8:8d:,eduroam,-86,2026-04-30 11:07:05
f8:6b:d9:95:d8:8d:,eduroam,-86,2026-04-30 11:07:08
e4:aa:5d:fd:3e:e2:,eduroam,-86,2026-04-30 11:03:51
e4:aa:5d:fd:3e:e2:,eduroam,-86,2026-04-30 11:03:54
e4:aa:5d:fd:3e:e2:,eduroam,-86,2026-04-30 11:03:57
e4:aa:5d:fd:3e:e2:,eduroam,-86,2026-04-30 11:04:00
e4:aa:5d:fd:3e:e2:,eduroam,-81,2026-04-30 11:04:02
e4:aa:5d:fd:3e:e2:,eduroam,-81,2026-04-30 11:04:05
e4:aa:5d:fd:3e:e2:,eduroam,-81,2026-04-30 11:04:08
e4:aa:5d:fd:3e:e2:,eduroam,-81,2026-04-30 11:04:11
e4:aa:5d:fd:3e:e2:,eduroam,-81,2026-04-30 11:04:14
e4:aa:5d:fd:3e:e2:,eduroam,-81,2026-04-30 11:04:18
e4:aa:5d:fd:3e:e2:,eduroam,-81,2026-04-30 11:04:21
e4:aa:5d:fd:3e:e2:,eduroam,-81,2026-04-30 11:04:24
e4:aa:5d:fd:3e:e2:,eduroam,-81,2026-04-30 11:04:27
e4:aa:5d:fd:3e:e2:,eduroam,-81,2026-04-30 11:04:29
e4:aa:5d:fd:3e:e2:,eduroam,-81,2026-04-30 11:04:32
e4:aa:5d:fd:3e:e2:,eduroam,-81,2026-04-30 11:04:36
e4:aa:5d:fd:3e:e2:,eduroam,-81,2026-04-30 11:04:43
e4:aa:5d:fd:3e:e2:,eduroam,-81,2026-04-30 11:04:46
e4:aa:5d:fd:3e:e2:,eduroam,-81,2026-04-30 11:04:49
e4:aa:5d:fd:3e:e2:,eduroam,-81,2026-04-30 11:04:53
e4:aa:5d:fd:3e:e2:,eduroam,-81,2026-04-30 11:04:57
e4:aa:5d:fd:3e:e2:,eduroam,-81,2026-04-30 11:05:00
e4:aa:5d:fd:3e:e2:,eduroam,-81,2026-04-30 11:05:04
e4:aa:5d:fd:3e:e2:,eduroam,-81,2026-04-30 11:05:48
e4:aa:5d:fd:3e:e2:,eduroam,-81,2026-04-30 11:05:51
e4:aa:5d:fd:3e:e2:,eduroam,-81,2026-04-30 11:05:54
e4:aa:5d:fd:3e:e2:,eduroam,-81,2026-04-30 11:05:57
e4:aa:5d:bf:25:54:,form_cyber,-84,2026-04-30 11:03:51
e4:aa:5d:bf:25:54:,form_cyber,-84,2026-04-30 11:03:54
e4:aa:5d:bf:25:54:,form_cyber,-84,2026-04-30 11:03:57
e4:aa:5d:bf:25:54:,form_cyber,-84,2026-04-30 11:04:00
e4:aa:5d:bf:25:54:,form_cyber,-84,2026-04-30 11:04:02
e4:aa:5d:bf:25:54:,form_cyber,-84,2026-04-30 11:04:05
e4:aa:5d:bf:25:54:,form_cyber,-84,2026-04-30 11:04:08
e4:aa:5d:bf:25:54:,form_cyber,-84,2026-04-30 11:04:11
e4:aa:5d:bf:25:54:,form_cyber,-84,2026-04-30 11:04:14
e4:aa:5d:bf:25:54:,form_cyber,-85,2026-04-30 11:04:24
e4:aa:5d:bf:25:54:,form_cyber,-85,2026-04-30 11:04:27
e4:aa:5d:bf:25:54:,form_cyber,-85,2026-04-30 11:04:29
e4:aa:5d:bf:25:54:,form_cyber,-87,2026-04-30 11:04:32
e4:aa:5d:bf:25:54:,form_cyber,-87,2026-04-30 11:04:36
e4:aa:5d:bf:25:54:,form_cyber,-87,2026-04-30 11:04:43
e4:aa:5d:bf:25:54:,form_cyber,-87,2026-04-30 11:04:46
e4:aa:5d:bf:25:54:,form_cyber,-87,2026-04-30 11:04:49
e4:aa:5d:bf:25:54:,form_cyber,-87,2026-04-30 11:04:53
e4:aa:5d:bf:25:54:,form_cyber,-87,2026-04-30 11:04:57
e4:aa:5d:bf:25:54:,form_cyber,-87,2026-04-30 11:05:00
e4:aa:5d:bf:25:54:,form_cyber,-84,2026-04-30 11:05:04
e4:aa:5d:bf:25:54:,form_cyber,-84,2026-04-30 11:05:48
e4:aa:5d:bf:25:54:,form_cyber,-84,2026-04-30 11:05:51
e4:aa:5d:bf:25:54:,form_cyber,-84,2026-04-30 11:05:54
e4:aa:5d:bf:25:54:,form_cyber,-84,2026-04-30 11:05:57
e4:aa:5d:bf:25:54:,form_cyber,-84,2026-04-30 11:06:02
e4:aa:5d:bf:25:54:,form_cyber,-84,2026-04-30 11:06:07
e4:aa:5d:bf:25:54:,form_cyber,-84,2026-04-30 11:06:10
e4:aa:5d:bf:25:54:,form_cyber,-84,2026-04-30 11:06:13
e4:aa:5d:bf:25:54:,form_cyber,-84,2026-04-30 11:06:16
e4:aa:5d:bf:25:54:,form_cyber,-84,2026-04-30 11:06:19
e4:aa:5d:bf:25:54:,form_cyber,-84,2026-04-30 11:06:22
e4:aa:5d:bf:25:54:,form_cyber,-84,2026-04-30 11:06:25
e4:aa:5d:bf:25:54:,form_cyber,-84,2026-04-30 11:06:27
e4:aa:5d:bf:25:54:,form_cyber,-84,2026-04-30 11:06:30
e4:aa:5d:bf:25:54:,form_cyber,-84,2026-04-30 11:06:33
e4:aa:5d:bf:25:54:,form_cyber,-84,2026-04-30 11:06:36
e4:aa:5d:bf:25:54:,form_cyber,-84,2026-04-30 11:06:40
e4:aa:5d:bf:25:54:,form_cyber,-84,2026-04-30 11:06:43
e4:aa:5d:bf:25:54:,form_cyber,-84,2026-04-30 11:06:46
e4:aa:5d:bf:25:54:,form_cyber,-84,2026-04-30 11:06:49
e4:aa:5d:bf:25:54:,form_cyber,-84,2026-04-30 11:06:52
e4:aa:5d:bf:25:54:,form_cyber,-84,2026-04-30 11:06:56
e4:aa:5d:bf:25:54:,form_cyber,-84,2026-04-30 11:06:58
e4:aa:5d:bf:25:54:,form_cyber,-84,2026-04-30 11:07:02
e4:aa:5d:bf:25:54:,form_cyber,-85,2026-04-30 11:07:05
e4:aa:5d:bf:25:54:,form_cyber,-85,2026-04-30 11:07:08
e4:aa:5d:bf:25:5b:,form_cyber,-81,2026-04-30 11:03:51
e4:aa:5d:bf:25:5b:,form_cyber,-81,2026-04-30 11:03:54
e4:aa:5d:bf:25:5b:,form_cyber,-81,2026-04-30 11:03:57
e4:aa:5d:bf:25:5b:,form_cyber,-86,2026-04-30 11:04:00
e4:aa:5d:bf:25:5b:,form_cyber,-86,2026-04-30 11:04:02
e4:aa:5d:bf:25:5b:,form_cyber,-86,2026-04-30 11:04:05
e4:aa:5d:bf:25:5b:,form_cyber,-86,2026-04-30 11:04:08
e4:aa:5d:bf:25:5b:,form_cyber,-86,2026-04-30 11:04:11
e4:aa:5d:bf:25:5b:,form_cyber,-86,2026-04-30 11:04:14
e4:aa:5d:bf:25:5b:,form_cyber,-86,2026-04-30 11:04:18
e4:aa:5d:bf:25:5b:,form_cyber,-86,2026-04-30 11:04:21
e4:aa:5d:bf:25:5b:,form_cyber,-86,2026-04-30 11:04:24
e4:aa:5d:bf:25:5b:,form_cyber,-86,2026-04-30 11:04:27
e4:aa:5d:bf:25:5b:,form_cyber,-86,2026-04-30 11:04:29
e4:aa:5d:bf:25:5b:,form_cyber,-86,2026-04-30 11:04:32
e4:aa:5d:bf:25:5b:,form_cyber,-86,2026-04-30 11:04:36
e4:aa:5d:bf:25:5b:,form_cyber,-86,2026-04-30 11:04:43
e4:aa:5d:bf:25:5b:,form_cyber,-86,2026-04-30 11:04:46
e4:aa:5d:bf:25:5b:,form_cyber,-86,2026-04-30 11:04:49
e4:aa:5d:bf:25:5b:,form_cyber,-86,2026-04-30 11:04:53
e4:aa:5d:bf:25:5b:,form_cyber,-86,2026-04-30 11:04:57
e4:aa:5d:bf:25:5b:,form_cyber,-86,2026-04-30 11:05:00
e4:aa:5d:bf:25:5b:,form_cyber,-86,2026-04-30 11:05:04
e4:aa:5d:bf:25:5b:,form_cyber,-86,2026-04-30 11:05:48
e4:aa:5d:bf:25:5b:,form_cyber,-86,2026-04-30 11:05:51
e4:aa:5d:bf:25:5b:,form_cyber,-86,2026-04-30 11:05:54
e4:aa:5d:bf:25:5b:,form_cyber,-86,2026-04-30 11:05:57
ac:2a:a1:7e:df:6b:,form_cyber,-61,2026-04-30 11:03:51
ac:2a:a1:7e:df:6b:,form_cyber,-61,2026-04-30 11:03:54
ac:2a:a1:7e:df:6b:,form_cyber,-74,2026-04-30 11:03:57
ac:2a:a1:7e:df:6b:,form_cyber,-64,2026-04-30 11:04:00
ac:2a:a1:7e:df:6b:,form_cyber,-64,2026-04-30 11:04:02
ac:2a:a1:7e:df:6b:,form_cyber,-68,2026-04-30 11:04:05
ac:2a:a1:7e:df:6b:,form_cyber,-68,2026-04-30 11:04:08
ac:2a:a1:7e:df:6b:,form_cyber,-68,2026-04-30 11:04:11
ac:2a:a1:7e:df:6b:,form_cyber,-76,2026-04-30 11:04:14
ac:2a:a1:7e:df:6b:,form_cyber,-76,2026-04-30 11:04:18
ac:2a:a1:7e:df:6b:,form_cyber,-59,2026-04-30 11:04:21
ac:2a:a1:7e:df:6b:,form_cyber,-69,2026-04-30 11:04:24
ac:2a:a1:7e:df:6b:,form_cyber,-69,2026-04-30 11:04:27
ac:2a:a1:7e:df:6b:,form_cyber,-66,2026-04-30 11:04:29
ac:2a:a1:7e:df:6b:,form_cyber,-65,2026-04-30 11:04:32
ac:2a:a1:7e:df:6b:,form_cyber,-65,2026-04-30 11:04:36
ac:2a:a1:7e:df:6b:,form_cyber,-60,2026-04-30 11:04:43
ac:2a:a1:7e:df:6b:,form_cyber,-71,2026-04-30 11:04:46
ac:2a:a1:7e:df:6b:,form_cyber,-55,2026-04-30 11:04:49
ac:2a:a1:7e:df:6b:,form_cyber,-55,2026-04-30 11:04:53
ac:2a:a1:7e:df:6b:,form_cyber,-72,2026-04-30 11:04:57
ac:2a:a1:7e:df:6b:,form_cyber,-58,2026-04-30 11:05:00
ac:2a:a1:7e:df:6b:,form_cyber,-58,2026-04-30 11:05:04
ac:2a:a1:7e:df:6b:,form_cyber,-61,2026-04-30 11:05:48
ac:2a:a1:7e:df:6b:,form_cyber,-61,2026-04-30 11:05:51
ac:2a:a1:7e:df:6b:,form_cyber,-61,2026-04-30 11:05:54
ac:2a:a1:7e:df:6b:,form_cyber,-71,2026-04-30 11:05:57
ac:2a:a1:7e:df:6b:,form_cyber,-62,2026-04-30 11:06:02
ac:2a:a1:7e:df:6b:,form_cyber,-62,2026-04-30 11:06:07
ac:2a:a1:7e:df:6b:,form_cyber,-72,2026-04-30 11:06:10
ac:2a:a1:7e:df:6b:,form_cyber,-72,2026-04-30 11:06:13
ac:2a:a1:7e:df:6b:,form_cyber,-69,2026-04-30 11:06:16
ac:2a:a1:7e:df:6b:,form_cyber,-67,2026-04-30 11:06:19
ac:2a:a1:7e:df:6b:,form_cyber,-67,2026-04-30 11:06:22
ac:2a:a1:7e:df:6b:,form_cyber,-74,2026-04-30 11:06:25
ac:2a:a1:7e:df:6b:,form_cyber,-74,2026-04-30 11:06:27
ac:2a:a1:7e:df:6b:,form_cyber,-62,2026-04-30 11:06:30
ac:2a:a1:7e:df:6b:,form_cyber,-74,2026-04-30 11:06:33
ac:2a:a1:7e:df:6b:,form_cyber,-74,2026-04-30 11:06:36
ac:2a:a1:7e:df:6b:,form_cyber,-80,2026-04-30 11:06:40
ac:2a:a1:7e:df:6b:,form_cyber,-63,2026-04-30 11:06:43
ac:2a:a1:7e:df:6b:,form_cyber,-63,2026-04-30 11:06:46
ac:2a:a1:7e:df:6b:,form_cyber,-69,2026-04-30 11:06:49
ac:2a:a1:7e:df:6b:,form_cyber,-66,2026-04-30 11:06:52
ac:2a:a1:7e:df:6b:,form_cyber,-66,2026-04-30 11:06:56
ac:2a:a1:7e:df:6b:,form_cyber,-75,2026-04-30 11:06:58
ac:2a:a1:7e:df:6b:,form_cyber,-68,2026-04-30 11:07:02
ac:2a:a1:7e:df:6b:,form_cyber,-68,2026-04-30 11:07:05
ac:2a:a1:7e:df:6b:,form_cyber,-69,2026-04-30 11:07:08
f8:6b:d9:01:8e:eb:,form_cyber,-52,2026-04-30 11:03:51
f8:6b:d9:01:8e:eb:,form_cyber,-49,2026-04-30 11:03:54
f8:6b:d9:01:8e:eb:,form_cyber,-49,2026-04-30 11:03:57
f8:6b:d9:01:8e:eb:,form_cyber,-44,2026-04-30 11:04:00
f8:6b:d9:01:8e:eb:,form_cyber,-52,2026-04-30 11:04:02
f8:6b:d9:01:8e:eb:,form_cyber,-52,2026-04-30 11:04:05
f8:6b:d9:01:8e:eb:,form_cyber,-48,2026-04-30 11:04:08
f8:6b:d9:01:8e:eb:,form_cyber,-59,2026-04-30 11:04:11
f8:6b:d9:01:8e:eb:,form_cyber,-59,2026-04-30 11:04:14
f8:6b:d9:01:8e:eb:,form_cyber,-53,2026-04-30 11:04:18
f8:6b:d9:01:8e:eb:,form_cyber,-53,2026-04-30 11:04:21
f8:6b:d9:01:8e:eb:,form_cyber,-56,2026-04-30 11:04:24
f8:6b:d9:01:8e:eb:,form_cyber,-49,2026-04-30 11:04:27
f8:6b:d9:01:8e:eb:,form_cyber,-49,2026-04-30 11:04:29
f8:6b:d9:01:8e:eb:,form_cyber,-53,2026-04-30 11:04:32
f8:6b:d9:01:8e:eb:,form_cyber,-48,2026-04-30 11:04:36
f8:6b:d9:01:8e:eb:,form_cyber,-46,2026-04-30 11:04:43
f8:6b:d9:01:8e:eb:,form_cyber,-48,2026-04-30 11:04:46
f8:6b:d9:01:8e:eb:,form_cyber,-48,2026-04-30 11:04:49
f8:6b:d9:01:8e:eb:,form_cyber,-56,2026-04-30 11:04:53
f8:6b:d9:01:8e:eb:,form_cyber,-56,2026-04-30 11:04:57
f8:6b:d9:01:8e:eb:,form_cyber,-51,2026-04-30 11:05:00
f8:6b:d9:01:8e:eb:,form_cyber,-49,2026-04-30 11:05:04
f8:6b:d9:01:8e:eb:,form_cyber,-47,2026-04-30 11:05:48
f8:6b:d9:01:8e:eb:,form_cyber,-47,2026-04-30 11:05:51
f8:6b:d9:01:8e:eb:,form_cyber,-54,2026-04-30 11:05:54
f8:6b:d9:01:8e:eb:,form_cyber,-54,2026-04-30 11:05:57
f8:6b:d9:01:8e:eb:,form_cyber,-47,2026-04-30 11:06:02
f8:6b:d9:01:8e:eb:,form_cyber,-59,2026-04-30 11:06:07
f8:6b:d9:01:8e:eb:,form_cyber,-59,2026-04-30 11:06:10
f8:6b:d9:01:8e:eb:,form_cyber,-54,2026-04-30 11:06:13
f8:6b:d9:01:8e:eb:,form_cyber,-54,2026-04-30 11:06:16
f8:6b:d9:01:8e:eb:,form_cyber,-53,2026-04-30 11:06:19
f8:6b:d9:01:8e:eb:,form_cyber,-47,2026-04-30 11:06:22
f8:6b:d9:01:8e:eb:,form_cyber,-47,2026-04-30 11:06:25
f8:6b:d9:01:8e:eb:,form_cyber,-54,2026-04-30 11:06:27
f8:6b:d9:01:8e:eb:,form_cyber,-54,2026-04-30 11:06:30
f8:6b:d9:01:8e:eb:,form_cyber,-53,2026-04-30 11:06:33
f8:6b:d9:01:8e:eb:,form_cyber,-61,2026-04-30 11:06:36
f8:6b:d9:01:8e:eb:,form_cyber,-61,2026-04-30 11:06:40
f8:6b:d9:01:8e:eb:,form_cyber,-49,2026-04-30 11:06:43
f8:6b:d9:01:8e:eb:,form_cyber,-60,2026-04-30 11:06:46
f8:6b:d9:01:8e:eb:,form_cyber,-60,2026-04-30 11:06:49
f8:6b:d9:01:8e:eb:,form_cyber,-53,2026-04-30 11:06:52
f8:6b:d9:01:8e:eb:,form_cyber,-54,2026-04-30 11:06:56
f8:6b:d9:01:8e:eb:,form_cyber,-54,2026-04-30 11:06:58
f8:6b:d9:01:8e:eb:,form_cyber,-51,2026-04-30 11:07:02
f8:6b:d9:01:8e:eb:,form_cyber,-51,2026-04-30 11:07:05
f8:6b:d9:01:8e:eb:,form_cyber,-51,2026-04-30 11:07:08
f8:6b:d9:01:85:24:,form_cyber,-82,2026-04-30 11:03:51
f8:6b:d9:01:85:24:,form_cyber,-84,2026-04-30 11:03:54
f8:6b:d9:01:85:24:,form_cyber,-84,2026-04-30 11:03:57
f8:6b:d9:01:85:24:,form_cyber,-84,2026-04-30 11:04:00
f8:6b:d9:01:85:24:,form_cyber,-84,2026-04-30 11:04:02
f8:6b:d9:01:85:24:,form_cyber,-84,2026-04-30 11:04:05
f8:6b:d9:01:85:24:,form_cyber,-84,2026-04-30 11:04:08
f8:6b:d9:01:85:24:,form_cyber,-85,2026-04-30 11:04:11
f8:6b:d9:01:85:24:,form_cyber,-85,2026-04-30 11:04:14
f8:6b:d9:01:85:24:,form_cyber,-85,2026-04-30 11:04:18
f8:6b:d9:01:85:24:,form_cyber,-85,2026-04-30 11:04:21
f8:6b:d9:01:85:24:,form_cyber,-85,2026-04-30 11:04:24
f8:6b:d9:01:85:24:,form_cyber,-85,2026-04-30 11:04:27
f8:6b:d9:01:85:24:,form_cyber,-85,2026-04-30 11:04:29
f8:6b:d9:01:85:24:,form_cyber,-85,2026-04-30 11:04:32
f8:6b:d9:01:85:24:,form_cyber,-85,2026-04-30 11:04:36
f8:6b:d9:01:85:24:,form_cyber,-86,2026-04-30 11:04:43
f8:6b:d9:01:85:24:,form_cyber,-86,2026-04-30 11:04:46
f8:6b:d9:01:85:24:,form_cyber,-86,2026-04-30 11:04:49
f8:6b:d9:01:85:24:,form_cyber,-86,2026-04-30 11:04:53
f8:6b:d9:01:85:24:,form_cyber,-86,2026-04-30 11:04:57
f8:6b:d9:01:85:24:,form_cyber,-86,2026-04-30 11:05:00
f8:6b:d9:01:85:24:,form_cyber,-83,2026-04-30 11:05:04
f8:6b:d9:01:85:24:,form_cyber,-83,2026-04-30 11:05:48
f8:6b:d9:01:85:24:,form_cyber,-83,2026-04-30 11:05:51
f8:6b:d9:01:85:24:,form_cyber,-83,2026-04-30 11:05:54
f8:6b:d9:01:85:24:,form_cyber,-83,2026-04-30 11:05:57
f8:6b:d9:01:85:24:,form_cyber,-83,2026-04-30 11:06:02
f8:6b:d9:01:85:24:,form_cyber,-83,2026-04-30 11:06:07
f8:6b:d9:01:85:24:,form_cyber,-83,2026-04-30 11:06:10
f8:6b:d9:01:85:24:,form_cyber,-83,2026-04-30 11:06:13
f8:6b:d9:01:85:24:,form_cyber,-83,2026-04-30 11:06:16
f8:6b:d9:01:85:24:,form_cyber,-83,2026-04-30 11:06:19
f8:6b:d9:01:85:24:,form_cyber,-83,2026-04-30 11:06:22
f8:6b:d9:01:85:24:,form_cyber,-83,2026-04-30 11:06:25
f8:6b:d9:01:85:24:,form_cyber,-83,2026-04-30 11:06:27
f8:6b:d9:01:85:24:,form_cyber,-83,2026-04-30 11:06:30
f8:6b:d9:01:85:24:,form_cyber,-83,2026-04-30 11:06:33
f8:6b:d9:01:85:24:,form_cyber,-83,2026-04-30 11:06:36
f8:6b:d9:01:85:24:,form_cyber,-83,2026-04-30 11:06:40
f8:6b:d9:01:85:24:,form_cyber,-83,2026-04-30 11:06:43
f8:6b:d9:01:85:24:,form_cyber,-83,2026-04-30 11:06:46
f8:6b:d9:01:85:24:,form_cyber,-83,2026-04-30 11:06:49
f8:6b:d9:01:85:24:,form_cyber,-83,2026-04-30 11:06:52
f8:6b:d9:01:85:24:,form_cyber,-83,2026-04-30 11:06:56
f8:6b:d9:01:85:24:,form_cyber,-83,2026-04-30 11:06:58
f8:6b:d9:01:8e:e4:,form_cyber,-70,2026-04-30 11:03:51
f8:6b:d9:01:8e:e4:,form_cyber,-47,2026-04-30 11:03:54
f8:6b:d9:01:8e:e4:,form_cyber,-47,2026-04-30 11:03:57
f8:6b:d9:01:8e:e4:,form_cyber,-61,2026-04-30 11:04:00
f8:6b:d9:01:8e:e4:,form_cyber,-64,2026-04-30 11:04:02
f8:6b:d9:01:8e:e4:,form_cyber,-64,2026-04-30 11:04:05
f8:6b:d9:01:8e:e4:,form_cyber,-60,2026-04-30 11:04:08
f8:6b:d9:01:8e:e4:,form_cyber,-60,2026-04-30 11:04:11
f8:6b:d9:01:8e:e4:,form_cyber,-60,2026-04-30 11:04:14
f8:6b:d9:01:8e:e4:,form_cyber,-62,2026-04-30 11:04:18
f8:6b:d9:01:8e:e4:,form_cyber,-62,2026-04-30 11:04:21
f8:6b:d9:01:8e:e4:,form_cyber,-47,2026-04-30 11:04:24
f8:6b:d9:01:8e:e4:,form_cyber,-56,2026-04-30 11:04:27
f8:6b:d9:01:8e:e4:,form_cyber,-56,2026-04-30 11:04:29
f8:6b:d9:01:8e:e4:,form_cyber,-44,2026-04-30 11:04:32
f8:6b:d9:01:8e:e4:,form_cyber,-51,2026-04-30 11:04:36
f8:6b:d9:01:8e:e4:,form_cyber,-40,2026-04-30 11:04:43
f8:6b:d9:01:8e:e4:,form_cyber,-53,2026-04-30 11:04:46
f8:6b:d9:01:8e:e4:,form_cyber,-53,2026-04-30 11:04:49
f8:6b:d9:01:8e:e4:,form_cyber,-61,2026-04-30 11:04:53
f8:6b:d9:01:8e:e4:,form_cyber,-61,2026-04-30 11:04:57
f8:6b:d9:01:8e:e4:,form_cyber,-60,2026-04-30 11:05:00
f8:6b:d9:01:8e:e4:,form_cyber,-43,2026-04-30 11:05:04
f8:6b:d9:01:8e:e4:,form_cyber,-59,2026-04-30 11:05:48
f8:6b:d9:01:8e:e4:,form_cyber,-59,2026-04-30 11:05:51
f8:6b:d9:01:8e:e4:,form_cyber,-56,2026-04-30 11:05:54
f8:6b:d9:01:8e:e4:,form_cyber,-56,2026-04-30 11:05:57
f8:6b:d9:01:8e:e4:,form_cyber,-68,2026-04-30 11:06:02
f8:6b:d9:01:8e:e4:,form_cyber,-54,2026-04-30 11:06:07
f8:6b:d9:01:8e:e4:,form_cyber,-54,2026-04-30 11:06:10
f8:6b:d9:01:8e:e4:,form_cyber,-57,2026-04-30 11:06:13
f8:6b:d9:01:8e:e4:,form_cyber,-57,2026-04-30 11:06:16
f8:6b:d9:01:8e:e4:,form_cyber,-45,2026-04-30 11:06:19
f8:6b:d9:01:8e:e4:,form_cyber,-49,2026-04-30 11:06:22
f8:6b:d9:01:8e:e4:,form_cyber,-49,2026-04-30 11:06:25
f8:6b:d9:01:8e:e4:,form_cyber,-52,2026-04-30 11:06:27
f8:6b:d9:01:8e:e4:,form_cyber,-52,2026-04-30 11:06:30
f8:6b:d9:01:8e:e4:,form_cyber,-68,2026-04-30 11:06:33
f8:6b:d9:01:8e:e4:,form_cyber,-57,2026-04-30 11:06:36
f8:6b:d9:01:8e:e4:,form_cyber,-57,2026-04-30 11:06:40
f8:6b:d9:01:8e:e4:,form_cyber,-65,2026-04-30 11:06:43
f8:6b:d9:01:8e:e4:,form_cyber,-59,2026-04-30 11:06:46
f8:6b:d9:01:8e:e4:,form_cyber,-59,2026-04-30 11:06:49
f8:6b:d9:01:8e:e4:,form_cyber,-67,2026-04-30 11:06:52
f8:6b:d9:01:8e:e4:,form_cyber,-60,2026-04-30 11:06:56
f8:6b:d9:01:8e:e4:,form_cyber,-60,2026-04-30 11:06:58
f8:6b:d9:01:8e:e4:,form_cyber,-65,2026-04-30 11:07:02
f8:6b:d9:01:8e:e4:,form_cyber,-47,2026-04-30 11:07:05
f8:6b:d9:01:8e:e4:,form_cyber,-47,2026-04-30 11:07:08
f8:6b:d9:95:d8:84:,form_cyber,-89,2026-04-30 11:03:51
f8:6b:d9:95:d8:84:,form_cyber,-84,2026-04-30 11:03:54
f8:6b:d9:95:d8:84:,form_cyber,-84,2026-04-30 11:03:57
f8:6b:d9:95:d8:84:,form_cyber,-84,2026-04-30 11:04:00
f8:6b:d9:95:d8:84:,form_cyber,-77,2026-04-30 11:04:02
f8:6b:d9:95:d8:84:,form_cyber,-77,2026-04-30 11:04:05
f8:6b:d9:95:d8:84:,form_cyber,-84,2026-04-30 11:04:08
f8:6b:d9:95:d8:84:,form_cyber,-81,2026-04-30 11:04:11
f8:6b:d9:95:d8:84:,form_cyber,-81,2026-04-30 11:04:14
f8:6b:d9:95:d8:84:,form_cyber,-88,2026-04-30 11:04:18
f8:6b:d9:95:d8:84:,form_cyber,-88,2026-04-30 11:04:21
f8:6b:d9:95:d8:84:,form_cyber,-85,2026-04-30 11:04:24
f8:6b:d9:95:d8:84:,form_cyber,-85,2026-04-30 11:04:27
f8:6b:d9:95:d8:84:,form_cyber,-85,2026-04-30 11:04:29
f8:6b:d9:95:d8:84:,form_cyber,-85,2026-04-30 11:04:32
f8:6b:d9:95:d8:84:,form_cyber,-86,2026-04-30 11:04:36
f8:6b:d9:95:d8:84:,form_cyber,-84,2026-04-30 11:04:43
f8:6b:d9:95:d8:84:,form_cyber,-85,2026-04-30 11:04:46
f8:6b:d9:95:d8:84:,form_cyber,-85,2026-04-30 11:04:49
f8:6b:d9:95:d8:84:,form_cyber,-84,2026-04-30 11:04:53
f8:6b:d9:95:d8:84:,form_cyber,-84,2026-04-30 11:04:57
f8:6b:d9:95:d8:84:,form_cyber,-81,2026-04-30 11:05:00
f8:6b:d9:95:d8:84:,form_cyber,-82,2026-04-30 11:05:04
f8:6b:d9:95:d8:84:,form_cyber,-86,2026-04-30 11:05:48
f8:6b:d9:95:d8:84:,form_cyber,-86,2026-04-30 11:05:51
f8:6b:d9:95:d8:84:,form_cyber,-78,2026-04-30 11:05:54
f8:6b:d9:95:d8:84:,form_cyber,-78,2026-04-30 11:05:57
f8:6b:d9:95:d8:84:,form_cyber,-86,2026-04-30 11:06:02
f8:6b:d9:95:d8:84:,form_cyber,-76,2026-04-30 11:06:07
f8:6b:d9:95:d8:84:,form_cyber,-76,2026-04-30 11:06:10
f8:6b:d9:95:d8:84:,form_cyber,-85,2026-04-30 11:06:13
f8:6b:d9:95:d8:84:,form_cyber,-85,2026-04-30 11:06:16
f8:6b:d9:95:d8:84:,form_cyber,-81,2026-04-30 11:06:19
f8:6b:d9:95:d8:84:,form_cyber,-89,2026-04-30 11:06:22
f8:6b:d9:95:d8:84:,form_cyber,-89,2026-04-30 11:06:25
f8:6b:d9:95:d8:84:,form_cyber,-82,2026-04-30 11:06:27
f8:6b:d9:95:d8:84:,form_cyber,-82,2026-04-30 11:06:30
f8:6b:d9:95:d8:84:,form_cyber,-81,2026-04-30 11:06:33
f8:6b:d9:95:d8:84:,form_cyber,-74,2026-04-30 11:06:36
f8:6b:d9:95:d8:84:,form_cyber,-74,2026-04-30 11:06:40
f8:6b:d9:95:d8:84:,form_cyber,-82,2026-04-30 11:06:43
f8:6b:d9:95:d8:84:,form_cyber,-73,2026-04-30 11:06:46
f8:6b:d9:95:d8:84:,form_cyber,-73,2026-04-30 11:06:49
f8:6b:d9:95:d8:84:,form_cyber,-81,2026-04-30 11:06:52
f8:6b:d9:95:d8:84:,form_cyber,-75,2026-04-30 11:06:56
f8:6b:d9:95:d8:84:,form_cyber,-75,2026-04-30 11:06:58
f8:6b:d9:95:d8:84:,form_cyber,-83,2026-04-30 11:07:02
f8:6b:d9:95:d8:84:,form_cyber,-86,2026-04-30 11:07:05
f8:6b:d9:95:d8:84:,form_cyber,-86,2026-04-30 11:07:08
f8:6b:d9:95:d8:8b:,form_cyber,-48,2026-04-30 11:03:51
f8:6b:d9:95:d8:8b:,form_cyber,-48,2026-04-30 11:03:54
f8:6b:d9:95:d8:8b:,form_cyber,-48,2026-04-30 11:03:57
f8:6b:d9:95:d8:8b:,form_cyber,-48,2026-04-30 11:04:00
f8:6b:d9:95:d8:8b:,form_cyber,-48,2026-04-30 11:04:02
f8:6b:d9:95:d8:8b:,form_cyber,-48,2026-04-30 11:04:05
f8:6b:d9:95:d8:8b:,form_cyber,-87,2026-04-30 11:04:08
f8:6b:d9:95:d8:8b:,form_cyber,-87,2026-04-30 11:04:11
f8:6b:d9:95:d8:8b:,form_cyber,-87,2026-04-30 11:04:14
f8:6b:d9:95:d8:8b:,form_cyber,-87,2026-04-30 11:04:18
f8:6b:d9:95:d8:8b:,form_cyber,-87,2026-04-30 11:04:21
f8:6b:d9:95:d8:8b:,form_cyber,-87,2026-04-30 11:04:24
f8:6b:d9:95:d8:8b:,form_cyber,-87,2026-04-30 11:04:27
f8:6b:d9:95:d8:8b:,form_cyber,-87,2026-04-30 11:04:29
f8:6b:d9:95:d8:8b:,form_cyber,-87,2026-04-30 11:04:32
f8:6b:d9:95:d8:8b:,form_cyber,-87,2026-04-30 11:04:36
f8:6b:d9:95:d8:8b:,form_cyber,-87,2026-04-30 11:04:43
f8:6b:d9:95:d8:8b:,form_cyber,-87,2026-04-30 11:04:46
f8:6b:d9:95:d8:8b:,form_cyber,-87,2026-04-30 11:04:49
f8:6b:d9:95:d8:8b:,form_cyber,-87,2026-04-30 11:04:53
f8:6b:d9:95:d8:8b:,form_cyber,-87,2026-04-30 11:04:57
f8:6b:d9:95:d8:8b:,form_cyber,-87,2026-04-30 11:05:00
f8:6b:d9:95:d8:8b:,form_cyber,-87,2026-04-30 11:05:04
f8:6b:d9:95:d8:8b:,form_cyber,-87,2026-04-30 11:05:48
f8:6b:d9:95:d8:8b:,form_cyber,-87,2026-04-30 11:05:51
f8:6b:d9:95:d8:8b:,form_cyber,-87,2026-04-30 11:05:54
f8:6b:d9:95:d8:8b:,form_cyber,-87,2026-04-30 11:05:57
f8:6b:d9:95:d8:8b:,form_cyber,-87,2026-04-30 11:06:02
f8:6b:d9:95:d8:8b:,form_cyber,-87,2026-04-30 11:06:07
f8:6b:d9:95:d8:8b:,form_cyber,-84,2026-04-30 11:06:16
f8:6b:d9:95:d8:8b:,form_cyber,-84,2026-04-30 11:06:19
f8:6b:d9:95:d8:8b:,form_cyber,-84,2026-04-30 11:06:22
f8:6b:d9:95:d8:8b:,form_cyber,-87,2026-04-30 11:06:25
f8:6b:d9:95:d8:8b:,form_cyber,-87,2026-04-30 11:06:27
f8:6b:d9:95:d8:8b:,form_cyber,-87,2026-04-30 11:06:30
f8:6b:d9:95:d8:8b:,form_cyber,-84,2026-04-30 11:06:33
f8:6b:d9:95:d8:8b:,form_cyber,-84,2026-04-30 11:06:36
f8:6b:d9:95:d8:8b:,form_cyber,-86,2026-04-30 11:06:40
f8:6b:d9:95:d8:8b:,form_cyber,-87,2026-04-30 11:06:43
f8:6b:d9:95:d8:8b:,form_cyber,-87,2026-04-30 11:06:46
f8:6b:d9:95:d8:8b:,form_cyber,-87,2026-04-30 11:06:49
f8:6b:d9:95:d8:8b:,form_cyber,-87,2026-04-30 11:06:52
f8:6b:d9:95:d8:8b:,form_cyber,-87,2026-04-30 11:06:56
f8:6b:d9:95:d8:8b:,form_cyber,-87,2026-04-30 11:06:58
f8:6b:d9:95:d8:8b:,form_cyber,-87,2026-04-30 11:07:02
f8:6b:d9:95:d8:8b:,form_cyber,-87,2026-04-30 11:07:05
f8:6b:d9:95:d8:8b:,form_cyber,-87,2026-04-30 11:07:08
e4:aa:5d:fd:3e:e4:,form_cyber,-83,2026-04-30 11:03:51
e4:aa:5d:fd:3e:e4:,form_cyber,-83,2026-04-30 11:03:54
e4:aa:5d:fd:3e:e4:,form_cyber,-83,2026-04-30 11:03:57
e4:aa:5d:fd:3e:e4:,form_cyber,-83,2026-04-30 11:04:00
e4:aa:5d:fd:3e:e4:,form_cyber,-84,2026-04-30 11:04:02
e4:aa:5d:fd:3e:e4:,form_cyber,-84,2026-04-30 11:04:05
e4:aa:5d:fd:3e:e4:,form_cyber,-84,2026-04-30 11:04:08
e4:aa:5d:fd:3e:e4:,form_cyber,-84,2026-04-30 11:04:11
e4:aa:5d:fd:3e:e4:,form_cyber,-84,2026-04-30 11:04:14
e4:aa:5d:fd:3e:e4:,form_cyber,-84,2026-04-30 11:04:18
e4:aa:5d:fd:3e:e4:,form_cyber,-84,2026-04-30 11:04:21
e4:aa:5d:fd:3e:e4:,form_cyber,-84,2026-04-30 11:04:24
e4:aa:5d:fd:3e:e4:,form_cyber,-84,2026-04-30 11:04:27
e4:aa:5d:fd:3e:e4:,form_cyber,-84,2026-04-30 11:04:29
e4:aa:5d:fd:3e:e4:,form_cyber,-84,2026-04-30 11:04:32
e4:aa:5d:fd:3e:e4:,form_cyber,-84,2026-04-30 11:04:36
e4:aa:5d:fd:3e:e4:,form_cyber,-84,2026-04-30 11:04:43
e4:aa:5d:fd:3e:e4:,form_cyber,-84,2026-04-30 11:04:46
e4:aa:5d:fd:3e:e4:,form_cyber,-84,2026-04-30 11:04:49
e4:aa:5d:fd:3e:e4:,form_cyber,-88,2026-04-30 11:04:53
e4:aa:5d:fd:3e:e4:,form_cyber,-88,2026-04-30 11:04:57
e4:aa:5d:fd:3e:e4:,form_cyber,-88,2026-04-30 11:05:00
e4:aa:5d:fd:3e:e4:,form_cyber,-88,2026-04-30 11:05:04
e4:aa:5d:fd:3e:e4:,form_cyber,-88,2026-04-30 11:05:48
e4:aa:5d:fd:3e:e4:,form_cyber,-88,2026-04-30 11:05:51
e4:aa:5d:fd:3e:e4:,form_cyber,-88,2026-04-30 11:05:54
e4:aa:5d:fd:3e:e4:,form_cyber,-88,2026-04-30 11:05:57
e4:aa:5d:fd:3e:e4:,form_cyber,-88,2026-04-30 11:06:02
e4:aa:5d:fd:3e:e4:,form_cyber,-88,2026-04-30 11:06:07
e4:aa:5d:fd:3e:e4:,form_cyber,-88,2026-04-30 11:06:10
e4:aa:5d:fd:3e:e4:,form_cyber,-88,2026-04-30 11:06:13
e4:aa:5d:fd:3e:e4:,form_cyber,-88,2026-04-30 11:06:16
e4:aa:5d:fd:3e:e4:,form_cyber,-88,2026-04-30 11:06:19
e4:aa:5d:fd:3e:e4:,form_cyber,-88,2026-04-30 11:06:22
e4:aa:5d:fd:3e:e4:,form_cyber,-88,2026-04-30 11:06:25
e4:aa:5d:fd:3e:e4:,form_cyber,-88,2026-04-30 11:06:27
e4:aa:5d:fd:3e:e4:,form_cyber,-88,2026-04-30 11:06:30
e4:aa:5d:fd:3e:e4:,form_cyber,-88,2026-04-30 11:06:33
e4:aa:5d:fd:3e:e4:,form_cyber,-88,2026-04-30 11:06:36
e4:aa:5d:fd:3e:e4:,form_cyber,-88,2026-04-30 11:06:40
e4:aa:5d:fd:3e:e4:,form_cyber,-88,2026-04-30 11:06:43
e4:aa:5d:fd:3e:e4:,form_cyber,-88,2026-04-30 11:06:46
e4:aa:5d:fd:3e:e4:,form_cyber,-88,2026-04-30 11:06:49
4a:8c:fc:d2:ff:3c:,Wii,-64,2026-04-30 11:03:51
4a:8c:fc:d2:ff:3c:,Wii,-66,2026-04-30 11:03:54
4a:8c:fc:d2:ff:3c:,Wii,-66,2026-04-30 11:03:57
4a:8c:fc:d2:ff:3c:,Wii,-75,2026-04-30 11:04:00
4a:8c:fc:d2:ff:3c:,Wii,-69,2026-04-30 11:04:02
4a:8c:fc:d2:ff:3c:,Wii,-69,2026-04-30 11:04:05
4a:8c:fc:d2:ff:3c:,Wii,-77,2026-04-30 11:04:08
4a:8c:fc:d2:ff:3c:,Wii,-65,2026-04-30 11:04:11
4a:8c:fc:d2:ff:3c:,Wii,-65,2026-04-30 11:04:14
4a:8c:fc:d2:ff:3c:,Wii,-66,2026-04-30 11:04:18
4a:8c:fc:d2:ff:3c:,Wii,-66,2026-04-30 11:04:21
4a:8c:fc:d2:ff:3c:,Wii,-61,2026-04-30 11:04:24
4a:8c:fc:d2:ff:3c:,Wii,-69,2026-04-30 11:04:27
4a:8c:fc:d2:ff:3c:,Wii,-69,2026-04-30 11:04:29
4a:8c:fc:d2:ff:3c:,Wii,-73,2026-04-30 11:04:32
4a:8c:fc:d2:ff:3c:,Wii,-78,2026-04-30 11:04:36
4a:8c:fc:d2:ff:3c:,Wii,-60,2026-04-30 11:04:43
4a:8c:fc:d2:ff:3c:,Wii,-60,2026-04-30 11:04:46
4a:8c:fc:d2:ff:3c:,Wii,-60,2026-04-30 11:04:49
4a:8c:fc:d2:ff:3c:,Wii,-68,2026-04-30 11:04:53
4a:8c:fc:d2:ff:3c:,Wii,-68,2026-04-30 11:04:57
4a:8c:fc:d2:ff:3c:,Wii,-67,2026-04-30 11:05:00
4a:8c:fc:d2:ff:3c:,Wii,-68,2026-04-30 11:05:04
4a:8c:fc:d2:ff:3c:,Wii,-67,2026-04-30 11:05:48
4a:8c:fc:d2:ff:3c:,Wii,-67,2026-04-30 11:05:51
4a:8c:fc:d2:ff:3c:,Wii,-65,2026-04-30 11:05:54
4a:8c:fc:d2:ff:3c:,Wii,-65,2026-04-30 11:05:57
4a:8c:fc:d2:ff:3c:,Wii,-76,2026-04-30 11:06:02
4a:8c:fc:d2:ff:3c:,Wii,-69,2026-04-30 11:06:07
4a:8c:fc:d2:ff:3c:,Wii,-69,2026-04-30 11:06:10
4a:8c:fc:d2:ff:3c:,Wii,-68,2026-04-30 11:06:13
4a:8c:fc:d2:ff:3c:,Wii,-68,2026-04-30 11:06:16
4a:8c:fc:d2:ff:3c:,Wii,-64,2026-04-30 11:06:19
4a:8c:fc:d2:ff:3c:,Wii,-65,2026-04-30 11:06:22
4a:8c:fc:d2:ff:3c:,Wii,-65,2026-04-30 11:06:25
4a:8c:fc:d2:ff:3c:,Wii,-65,2026-04-30 11:06:27
4a:8c:fc:d2:ff:3c:,Wii,-65,2026-04-30 11:06:30
4a:8c:fc:d2:ff:3c:,Wii,-71,2026-04-30 11:06:33
4a:8c:fc:d2:ff:3c:,Wii,-50,2026-04-30 11:06:36
4a:8c:fc:d2:ff:3c:,Wii,-50,2026-04-30 11:06:40
4a:8c:fc:d2:ff:3c:,Wii,-63,2026-04-30 11:06:43
4a:8c:fc:d2:ff:3c:,Wii,-58,2026-04-30 11:06:46
4a:8c:fc:d2:ff:3c:,Wii,-58,2026-04-30 11:06:49
4a:8c:fc:d2:ff:3c:,Wii,-67,2026-04-30 11:06:52
4a:8c:fc:d2:ff:3c:,Wii,-69,2026-04-30 11:06:56
4a:8c:fc:d2:ff:3c:,Wii,-69,2026-04-30 11:06:58
4a:8c:fc:d2:ff:3c:,Wii,-64,2026-04-30 11:07:02
4a:8c:fc:d2:ff:3c:,Wii,-63,2026-04-30 11:07:05
4a:8c:fc:d2:ff:3c:,Wii,-63,2026-04-30 11:07:08
e2:d3:4e:bd:70:25:,Xperia_4719,-84,2026-04-30 11:03:51
e2:d3:4e:bd:70:25:,Xperia_4719,-76,2026-04-30 11:03:54
e2:d3:4e:bd:70:25:,Xperia_4719,-76,2026-04-30 11:03:57
e2:d3:4e:bd:70:25:,Xperia_4719,-86,2026-04-30 11:04:00
e2:d3:4e:bd:70:25:,Xperia_4719,-86,2026-04-30 11:04:02
e2:d3:4e:bd:70:25:,Xperia_4719,-86,2026-04-30 11:04:05
e2:d3:4e:bd:70:25:,Xperia_4719,-83,2026-04-30 11:04:08
e2:d3:4e:bd:70:25:,Xperia_4719,-73,2026-04-30 11:04:11
e2:d3:4e:bd:70:25:,Xperia_4719,-73,2026-04-30 11:04:14
e2:d3:4e:bd:70:25:,Xperia_4719,-73,2026-04-30 11:04:18
e2:d3:4e:bd:70:25:,Xperia_4719,-73,2026-04-30 11:04:21
e2:d3:4e:bd:70:25:,Xperia_4719,-77,2026-04-30 11:04:24
e2:d3:4e:bd:70:25:,Xperia_4719,-77,2026-04-30 11:04:27
e2:d3:4e:bd:70:25:,Xperia_4719,-77,2026-04-30 11:04:29
e2:d3:4e:bd:70:25:,Xperia_4719,-78,2026-04-30 11:04:32
e2:d3:4e:bd:70:25:,Xperia_4719,-83,2026-04-30 11:04:36
e2:d3:4e:bd:70:25:,Xperia_4719,-68,2026-04-30 11:04:43
e2:d3:4e:bd:70:25:,Xperia_4719,-83,2026-04-30 11:04:46
e2:d3:4e:bd:70:25:,Xperia_4719,-83,2026-04-30 11:04:49
e2:d3:4e:bd:70:25:,Xperia_4719,-70,2026-04-30 11:04:53
e2:d3:4e:bd:70:25:,Xperia_4719,-70,2026-04-30 11:04:57
e2:d3:4e:bd:70:25:,Xperia_4719,-83,2026-04-30 11:05:00
e2:d3:4e:bd:70:25:,Xperia_4719,-74,2026-04-30 11:05:04
e2:d3:4e:bd:70:25:,Xperia_4719,-80,2026-04-30 11:05:48
e2:d3:4e:bd:70:25:,Xperia_4719,-80,2026-04-30 11:05:51
e2:d3:4e:bd:70:25:,Xperia_4719,-79,2026-04-30 11:05:54
e2:d3:4e:bd:70:25:,Xperia_4719,-79,2026-04-30 11:05:57
e2:d3:4e:bd:70:25:,Xperia_4719,-78,2026-04-30 11:06:02
e2:d3:4e:bd:70:25:,Xperia_4719,-72,2026-04-30 11:06:07
e2:d3:4e:bd:70:25:,Xperia_4719,-72,2026-04-30 11:06:10
e2:d3:4e:bd:70:25:,Xperia_4719,-81,2026-04-30 11:06:13
e2:d3:4e:bd:70:25:,Xperia_4719,-81,2026-04-30 11:06:16
e2:d3:4e:bd:70:25:,Xperia_4719,-85,2026-04-30 11:06:19
e2:d3:4e:bd:70:25:,Xperia_4719,-82,2026-04-30 11:06:22
e2:d3:4e:bd:70:25:,Xperia_4719,-82,2026-04-30 11:06:25
e2:d3:4e:bd:70:25:,Xperia_4719,-77,2026-04-30 11:06:27
e2:d3:4e:bd:70:25:,Xperia_4719,-77,2026-04-30 11:06:30
e2:d3:4e:bd:70:25:,Xperia_4719,-79,2026-04-30 11:06:33
e2:d3:4e:bd:70:25:,Xperia_4719,-74,2026-04-30 11:06:36
e2:d3:4e:bd:70:25:,Xperia_4719,-74,2026-04-30 11:06:40
e2:d3:4e:bd:70:25:,Xperia_4719,-86,2026-04-30 11:06:43
e2:d3:4e:bd:70:25:,Xperia_4719,-74,2026-04-30 11:06:46
e2:d3:4e:bd:70:25:,Xperia_4719,-74,2026-04-30 11:06:49
e2:d3:4e:bd:70:25:,Xperia_4719,-77,2026-04-30 11:06:52
e2:d3:4e:bd:70:25:,Xperia_4719,-77,2026-04-30 11:06:56
e2:d3:4e:bd:70:25:,Xperia_4719,-77,2026-04-30 11:06:58
e2:d3:4e:bd:70:25:,Xperia_4719,-78,2026-04-30 11:07:02
e2:d3:4e:bd:70:25:,Xperia_4719,-84,2026-04-30 11:07:05
e2:d3:4e:bd:70:25:,Xperia_4719,-84,2026-04-30 11:07:08
c2:73:1c:fa:fb:35:,Redmi Note 14,-72,2026-04-30 11:03:51
c2:73:1c:fa:fb:35:,Redmi Note 14,-69,2026-04-30 11:03:54
c2:73:1c:fa:fb:35:,Redmi Note 14,-69,2026-04-30 11:03:57
c2:73:1c:fa:fb:35:,Redmi Note 14,-73,2026-04-30 11:04:00
c2:73:1c:fa:fb:35:,Redmi Note 14,-79,2026-04-30 11:04:02
c2:73:1c:fa:fb:35:,Redmi Note 14,-79,2026-04-30 11:04:05
c2:73:1c:fa:fb:35:,Redmi Note 14,-72,2026-04-30 11:04:08
c2:73:1c:fa:fb:35:,Redmi Note 14,-70,2026-04-30 11:04:11
c2:73:1c:fa:fb:35:,Redmi Note 14,-70,2026-04-30 11:04:14
c2:73:1c:fa:fb:35:,Redmi Note 14,-68,2026-04-30 11:04:18
c2:73:1c:fa:fb:35:,Redmi Note 14,-68,2026-04-30 11:04:21
c2:73:1c:fa:fb:35:,Redmi Note 14,-73,2026-04-30 11:04:24
c2:73:1c:fa:fb:35:,Redmi Note 14,-76,2026-04-30 11:04:27
c2:73:1c:fa:fb:35:,Redmi Note 14,-76,2026-04-30 11:04:29
c2:73:1c:fa:fb:35:,Redmi Note 14,-71,2026-04-30 11:04:32
c2:73:1c:fa:fb:35:,Redmi Note 14,-75,2026-04-30 11:04:36
c2:73:1c:fa:fb:35:,Redmi Note 14,-65,2026-04-30 11:04:43
c2:73:1c:fa:fb:35:,Redmi Note 14,-66,2026-04-30 11:04:46
c2:73:1c:fa:fb:35:,Redmi Note 14,-66,2026-04-30 11:04:49
c2:73:1c:fa:fb:35:,Redmi Note 14,-72,2026-04-30 11:04:53
c2:73:1c:fa:fb:35:,Redmi Note 14,-72,2026-04-30 11:04:57
c2:73:1c:fa:fb:35:,Redmi Note 14,-76,2026-04-30 11:05:00
c2:73:1c:fa:fb:35:,Redmi Note 14,-72,2026-04-30 11:05:04
c2:73:1c:fa:fb:35:,Redmi Note 14,-74,2026-04-30 11:05:48
c2:73:1c:fa:fb:35:,Redmi Note 14,-74,2026-04-30 11:05:51
c2:73:1c:fa:fb:35:,Redmi Note 14,-68,2026-04-30 11:05:54
c2:73:1c:fa:fb:35:,Redmi Note 14,-68,2026-04-30 11:05:57
c2:73:1c:fa:fb:35:,Redmi Note 14,-73,2026-04-30 11:06:02
c2:73:1c:fa:fb:35:,Redmi Note 14,-64,2026-04-30 11:06:07
c2:73:1c:fa:fb:35:,Redmi Note 14,-64,2026-04-30 11:06:10
c2:73:1c:fa:fb:35:,Redmi Note 14,-67,2026-04-30 11:06:13
c2:73:1c:fa:fb:35:,Redmi Note 14,-67,2026-04-30 11:06:16
c2:73:1c:fa:fb:35:,Redmi Note 14,-68,2026-04-30 11:06:19
c2:73:1c:fa:fb:35:,Redmi Note 14,-77,2026-04-30 11:06:22
c2:73:1c:fa:fb:35:,Redmi Note 14,-77,2026-04-30 11:06:25
c2:73:1c:fa:fb:35:,Redmi Note 14,-73,2026-04-30 11:06:27
c2:73:1c:fa:fb:35:,Redmi Note 14,-73,2026-04-30 11:06:30
c2:73:1c:fa:fb:35:,Redmi Note 14,-69,2026-04-30 11:06:33
c2:73:1c:fa:fb:35:,Redmi Note 14,-68,2026-04-30 11:06:36
c2:73:1c:fa:fb:35:,Redmi Note 14,-68,2026-04-30 11:06:40
c2:73:1c:fa:fb:35:,Redmi Note 14,-66,2026-04-30 11:06:43
c2:73:1c:fa:fb:35:,Redmi Note 14,-68,2026-04-30 11:06:46
c2:73:1c:fa:fb:35:,Redmi Note 14,-68,2026-04-30 11:06:49
c2:73:1c:fa:fb:35:,Redmi Note 14,-70,2026-04-30 11:06:52
c2:73:1c:fa:fb:35:,Redmi Note 14,-65,2026-04-30 11:06:56
c2:73:1c:fa:fb:35:,Redmi Note 14,-65,2026-04-30 11:06:58
c2:73:1c:fa:fb:35:,Redmi Note 14,-78,2026-04-30 11:07:02
c2:73:1c:fa:fb:35:,Redmi Note 14,-67,2026-04-30 11:07:05
c2:73:1c:fa:fb:35:,Redmi Note 14,-67,2026-04-30 11:07:08
f8:6b:d9:01:8e:ea:,Hidden,-67,2026-04-30 11:03:51
f8:6b:d9:01:8e:ea:,Hidden,-46,2026-04-30 11:03:54
f8:6b:d9:01:8e:ea:,Hidden,-46,2026-04-30 11:03:57
f8:6b:d9:01:8e:ea:,Hidden,-61,2026-04-30 11:04:00
f8:6b:d9:01:8e:ea:,Hidden,-49,2026-04-30 11:04:02
f8:6b:d9:01:8e:ea:,Hidden,-49,2026-04-30 11:04:05
f8:6b:d9:01:8e:ea:,Hidden,-59,2026-04-30 11:04:08
f8:6b:d9:01:8e:ea:,Hidden,-57,2026-04-30 11:04:11
f8:6b:d9:01:8e:ea:,Hidden,-57,2026-04-30 11:04:14
f8:6b:d9:01:8e:ea:,Hidden,-60,2026-04-30 11:04:18
f8:6b:d9:01:8e:ea:,Hidden,-60,2026-04-30 11:04:21
f8:6b:d9:01:8e:ea:,Hidden,-46,2026-04-30 11:04:24
f8:6b:d9:01:8e:ea:,Hidden,-57,2026-04-30 11:04:27
f8:6b:d9:01:8e:ea:,Hidden,-57,2026-04-30 11:04:29
f8:6b:d9:01:8e:ea:,Hidden,-44,2026-04-30 11:04:32
f8:6b:d9:01:8e:ea:,Hidden,-52,2026-04-30 11:04:36
f8:6b:d9:01:8e:ea:,Hidden,-40,2026-04-30 11:04:43
f8:6b:d9:01:8e:ea:,Hidden,-55,2026-04-30 11:04:46
f8:6b:d9:01:8e:ea:,Hidden,-55,2026-04-30 11:04:49
f8:6b:d9:01:8e:ea:,Hidden,-62,2026-04-30 11:04:53
f8:6b:d9:01:8e:ea:,Hidden,-62,2026-04-30 11:04:57
f8:6b:d9:01:8e:ea:,Hidden,-60,2026-04-30 11:05:00
f8:6b:d9:01:8e:ea:,Hidden,-44,2026-04-30 11:05:04
f8:6b:d9:01:8e:ea:,Hidden,-60,2026-04-30 11:05:48
f8:6b:d9:01:8e:ea:,Hidden,-60,2026-04-30 11:05:51
f8:6b:d9:01:8e:ea:,Hidden,-55,2026-04-30 11:05:54
f8:6b:d9:01:8e:ea:,Hidden,-55,2026-04-30 11:05:57
f8:6b:d9:01:8e:ea:,Hidden,-69,2026-04-30 11:06:02
f8:6b:d9:01:8e:ea:,Hidden,-56,2026-04-30 11:06:07
f8:6b:d9:01:8e:ea:,Hidden,-56,2026-04-30 11:06:10
f8:6b:d9:01:8e:ea:,Hidden,-58,2026-04-30 11:06:13
f8:6b:d9:01:8e:ea:,Hidden,-58,2026-04-30 11:06:16
f8:6b:d9:01:8e:ea:,Hidden,-45,2026-04-30 11:06:19
f8:6b:d9:01:8e:ea:,Hidden,-49,2026-04-30 11:06:22
f8:6b:d9:01:8e:ea:,Hidden,-49,2026-04-30 11:06:25
f8:6b:d9:01:8e:ea:,Hidden,-51,2026-04-30 11:06:27
f8:6b:d9:01:8e:ea:,Hidden,-51,2026-04-30 11:06:30
f8:6b:d9:01:8e:ea:,Hidden,-68,2026-04-30 11:06:33
f8:6b:d9:01:8e:ea:,Hidden,-56,2026-04-30 11:06:36
f8:6b:d9:01:8e:ea:,Hidden,-56,2026-04-30 11:06:40
f8:6b:d9:01:8e:ea:,Hidden,-65,2026-04-30 11:06:43
f8:6b:d9:01:8e:ea:,Hidden,-57,2026-04-30 11:06:46
f8:6b:d9:01:8e:ea:,Hidden,-57,2026-04-30 11:06:49
f8:6b:d9:01:8e:ea:,Hidden,-65,2026-04-30 11:06:52
f8:6b:d9:01:8e:ea:,Hidden,-60,2026-04-30 11:06:56
f8:6b:d9:01:8e:ea:,Hidden,-60,2026-04-30 11:06:58
f8:6b:d9:01:8e:ea:,Hidden,-65,2026-04-30 11:07:02
f8:6b:d9:01:8e:ea:,Hidden,-47,2026-04-30 11:07:05
f8:6b:d9:01:8e:ea:,Hidden,-47,2026-04-30 11:07:08
f8:6b:d9:95:d8:8a:,Hidden,-75,2026-04-30 11:03:51
f8:6b:d9:95:d8:8a:,Hidden,-75,2026-04-30 11:03:54
f8:6b:d9:95:d8:8a:,Hidden,-75,2026-04-30 11:03:57
f8:6b:d9:95:d8:8a:,Hidden,-75,2026-04-30 11:04:00
f8:6b:d9:95:d8:8a:,Hidden,-78,2026-04-30 11:04:02
f8:6b:d9:95:d8:8a:,Hidden,-78,2026-04-30 11:04:05
f8:6b:d9:95:d8:8a:,Hidden,-85,2026-04-30 11:04:08
f8:6b:d9:95:d8:8a:,Hidden,-81,2026-04-30 11:04:11
f8:6b:d9:95:d8:8a:,Hidden,-81,2026-04-30 11:04:14
f8:6b:d9:95:d8:8a:,Hidden,-81,2026-04-30 11:04:18
f8:6b:d9:95:d8:8a:,Hidden,-81,2026-04-30 11:04:21
f8:6b:d9:95:d8:8a:,Hidden,-85,2026-04-30 11:04:24
f8:6b:d9:95:d8:8a:,Hidden,-85,2026-04-30 11:04:27
f8:6b:d9:95:d8:8a:,Hidden,-85,2026-04-30 11:04:29
f8:6b:d9:95:d8:8a:,Hidden,-85,2026-04-30 11:04:32
f8:6b:d9:95:d8:8a:,Hidden,-85,2026-04-30 11:04:36
f8:6b:d9:95:d8:8a:,Hidden,-85,2026-04-30 11:04:43
f8:6b:d9:95:d8:8a:,Hidden,-84,2026-04-30 11:04:46
f8:6b:d9:95:d8:8a:,Hidden,-84,2026-04-30 11:04:49
f8:6b:d9:95:d8:8a:,Hidden,-84,2026-04-30 11:04:53
f8:6b:d9:95:d8:8a:,Hidden,-84,2026-04-30 11:04:57
f8:6b:d9:95:d8:8a:,Hidden,-84,2026-04-30 11:05:00
f8:6b:d9:95:d8:8a:,Hidden,-83,2026-04-30 11:05:04
f8:6b:d9:95:d8:8a:,Hidden,-83,2026-04-30 11:05:48
f8:6b:d9:95:d8:8a:,Hidden,-83,2026-04-30 11:05:51
f8:6b:d9:95:d8:8a:,Hidden,-78,2026-04-30 11:05:54
f8:6b:d9:95:d8:8a:,Hidden,-78,2026-04-30 11:05:57
f8:6b:d9:95:d8:8a:,Hidden,-78,2026-04-30 11:06:02
f8:6b:d9:95:d8:8a:,Hidden,-75,2026-04-30 11:06:07
f8:6b:d9:95:d8:8a:,Hidden,-75,2026-04-30 11:06:10
f8:6b:d9:95:d8:8a:,Hidden,-75,2026-04-30 11:06:13
f8:6b:d9:95:d8:8a:,Hidden,-75,2026-04-30 11:06:16
f8:6b:d9:95:d8:8a:,Hidden,-81,2026-04-30 11:06:19
f8:6b:d9:95:d8:8a:,Hidden,-84,2026-04-30 11:06:22
f8:6b:d9:95:d8:8a:,Hidden,-84,2026-04-30 11:06:25
f8:6b:d9:95:d8:8a:,Hidden,-82,2026-04-30 11:06:27
f8:6b:d9:95:d8:8a:,Hidden,-82,2026-04-30 11:06:30
f8:6b:d9:95:d8:8a:,Hidden,-81,2026-04-30 11:06:33
f8:6b:d9:95:d8:8a:,Hidden,-74,2026-04-30 11:06:36
f8:6b:d9:95:d8:8a:,Hidden,-74,2026-04-30 11:06:40
f8:6b:d9:95:d8:8a:,Hidden,-83,2026-04-30 11:06:43
f8:6b:d9:95:d8:8a:,Hidden,-74,2026-04-30 11:06:46
f8:6b:d9:95:d8:8a:,Hidden,-74,2026-04-30 11:06:49
f8:6b:d9:95:d8:8a:,Hidden,-83,2026-04-30 11:06:52
f8:6b:d9:95:d8:8a:,Hidden,-74,2026-04-30 11:06:56
f8:6b:d9:95:d8:8a:,Hidden,-74,2026-04-30 11:06:58
f8:6b:d9:95:d8:8a:,Hidden,-84,2026-04-30 11:07:02
f8:6b:d9:95:d8:8a:,Hidden,-84,2026-04-30 11:07:05
f8:6b:d9:95:d8:8a:,Hidden,-84,2026-04-30 11:07:08
e4:aa:5d:bf:25:5a:,Hidden,-86,2026-04-30 11:03:51
e4:aa:5d:bf:25:5a:,Hidden,-86,2026-04-30 11:03:54
e4:aa:5d:bf:25:5a:,Hidden,-86,2026-04-30 11:03:57
e4:aa:5d:bf:25:5a:,Hidden,-86,2026-04-30 11:04:00
e4:aa:5d:bf:25:5a:,Hidden,-86,2026-04-30 11:04:02
e4:aa:5d:bf:25:5a:,Hidden,-86,2026-04-30 11:04:05
e4:aa:5d:bf:25:5a:,Hidden,-86,2026-04-30 11:04:08
e4:aa:5d:bf:25:5a:,Hidden,-86,2026-04-30 11:04:11
e4:aa:5d:bf:25:5a:,Hidden,-86,2026-04-30 11:04:14
e4:aa:5d:bf:25:5a:,Hidden,-86,2026-04-30 11:04:18
e4:aa:5d:bf:25:5a:,Hidden,-86,2026-04-30 11:04:21
e4:aa:5d:bf:25:5a:,Hidden,-86,2026-04-30 11:04:24
e4:aa:5d:bf:25:5a:,Hidden,-86,2026-04-30 11:04:27
e4:aa:5d:bf:25:5a:,Hidden,-86,2026-04-30 11:04:29
e4:aa:5d:bf:25:5a:,Hidden,-86,2026-04-30 11:04:32
e4:aa:5d:bf:25:5a:,Hidden,-86,2026-04-30 11:04:36
e4:aa:5d:bf:25:5a:,Hidden,-86,2026-04-30 11:04:43
e4:aa:5d:bf:25:5a:,Hidden,-86,2026-04-30 11:04:46
e4:aa:5d:bf:25:5a:,Hidden,-86,2026-04-30 11:04:49
e4:aa:5d:bf:25:5a:,Hidden,-86,2026-04-30 11:04:53
e4:aa:5d:bf:25:5a:,Hidden,-86,2026-04-30 11:04:57
e4:aa:5d:bf:25:5a:,Hidden,-86,2026-04-30 11:05:00
e4:aa:5d:bf:25:5a:,Hidden,-86,2026-04-30 11:05:04
e4:aa:5d:fd:3e:ea:,Hidden,-87,2026-04-30 11:03:51
e4:aa:5d:fd:3e:ea:,Hidden,-87,2026-04-30 11:03:54
e4:aa:5d:fd:3e:ea:,Hidden,-87,2026-04-30 11:03:57
e4:aa:5d:fd:3e:ea:,Hidden,-87,2026-04-30 11:04:00
e4:aa:5d:fd:3e:ea:,Hidden,-81,2026-04-30 11:04:02
e4:aa:5d:fd:3e:ea:,Hidden,-81,2026-04-30 11:04:05
e4:aa:5d:fd:3e:ea:,Hidden,-81,2026-04-30 11:04:08
e4:aa:5d:fd:3e:ea:,Hidden,-81,2026-04-30 11:04:11
e4:aa:5d:fd:3e:ea:,Hidden,-81,2026-04-30 11:04:14
e4:aa:5d:fd:3e:ea:,Hidden,-81,2026-04-30 11:04:18
e4:aa:5d:fd:3e:ea:,Hidden,-81,2026-04-30 11:04:21
e4:aa:5d:fd:3e:ea:,Hidden,-81,2026-04-30 11:04:24
e4:aa:5d:fd:3e:ea:,Hidden,-81,2026-04-30 11:04:27
e4:aa:5d:fd:3e:ea:,Hidden,-81,2026-04-30 11:04:29
e4:aa:5d:fd:3e:ea:,Hidden,-81,2026-04-30 11:04:32
e4:aa:5d:fd:3e:ea:,Hidden,-81,2026-04-30 11:04:36
e4:aa:5d:fd:3e:ea:,Hidden,-81,2026-04-30 11:04:43
e4:aa:5d:fd:3e:ea:,Hidden,-81,2026-04-30 11:04:46
e4:aa:5d:fd:3e:ea:,Hidden,-81,2026-04-30 11:04:49
e4:aa:5d:fd:3e:ea:,Hidden,-84,2026-04-30 11:04:53
e4:aa:5d:fd:3e:ea:,Hidden,-84,2026-04-30 11:04:57
e4:aa:5d:fd:3e:ea:,Hidden,-84,2026-04-30 11:05:00
e4:aa:5d:fd:3e:ea:,Hidden,-89,2026-04-30 11:05:04
e4:aa:5d:fd:3e:ea:,Hidden,-89,2026-04-30 11:05:48
e4:aa:5d:fd:3e:ea:,Hidden,-89,2026-04-30 11:05:51
e4:aa:5d:fd:3e:ea:,Hidden,-89,2026-04-30 11:05:54
e4:aa:5d:fd:3e:ea:,Hidden,-89,2026-04-30 11:05:57
e4:aa:5d:fd:3e:ea:,Hidden,-89,2026-04-30 11:06:02
e4:aa:5d:fd:3e:ea:,Hidden,-89,2026-04-30 11:06:07
e4:aa:5d:fd:3e:ea:,Hidden,-89,2026-04-30 11:06:10
e4:aa:5d:fd:3e:ea:,Hidden,-89,2026-04-30 11:06:13
e4:aa:5d:fd:3e:ea:,Hidden,-89,2026-04-30 11:06:16
e4:aa:5d:fd:3e:ea:,Hidden,-89,2026-04-30 11:06:19
e4:aa:5d:fd:3e:ea:,Hidden,-89,2026-04-30 11:06:22
e4:aa:5d:fd:3e:ea:,Hidden,-89,2026-04-30 11:06:25
e4:aa:5d:fd:3e:ea:,Hidden,-89,2026-04-30 11:06:27
e4:aa:5d:fd:3e:ea:,Hidden,-89,2026-04-30 11:06:30
e4:aa:5d:fd:3e:ea:,Hidden,-89,2026-04-30 11:06:33
e4:aa:5d:fd:3e:ea:,Hidden,-89,2026-04-30 11:06:36
e4:aa:5d:fd:3e:ea:,Hidden,-89,2026-04-30 11:06:40
e4:aa:5d:fd:3e:ea:,Hidden,-89,2026-04-30 11:06:43
e4:aa:5d:fd:3e:ea:,Hidden,-89,2026-04-30 11:06:46
e4:aa:5d:fd:3e:ea:,Hidden,-89,2026-04-30 11:06:49
e4:aa:5d:fd:3e:ea:,Hidden,-89,2026-04-30 11:06:52
e4:aa:5d:fd:3e:ea:,Hidden,-89,2026-04-30 11:06:56
e4:aa:5d:fd:3e:ea:,Hidden,-89,2026-04-30 11:06:58
e4:aa:5d:bf:25:55:,Hidden,-80,2026-04-30 11:03:51
e4:aa:5d:bf:25:55:,Hidden,-80,2026-04-30 11:03:54
e4:aa:5d:bf:25:55:,Hidden,-80,2026-04-30 11:03:57
e4:aa:5d:bf:25:55:,Hidden,-80,2026-04-30 11:04:00
e4:aa:5d:bf:25:55:,Hidden,-80,2026-04-30 11:04:02
e4:aa:5d:bf:25:55:,Hidden,-80,2026-04-30 11:04:05
e4:aa:5d:bf:25:55:,Hidden,-80,2026-04-30 11:04:08
e4:aa:5d:bf:25:55:,Hidden,-80,2026-04-30 11:04:11
e4:aa:5d:bf:25:55:,Hidden,-80,2026-04-30 11:04:14
f8:6b:d9:01:85:2a:,Hidden,-85,2026-04-30 11:03:54
f8:6b:d9:01:85:2a:,Hidden,-85,2026-04-30 11:03:57
f8:6b:d9:01:85:2a:,Hidden,-85,2026-04-30 11:04:00
f8:6b:d9:01:85:2a:,Hidden,-85,2026-04-30 11:04:02
f8:6b:d9:01:85:2a:,Hidden,-85,2026-04-30 11:04:05
f8:6b:d9:01:85:2a:,Hidden,-85,2026-04-30 11:04:08
f8:6b:d9:01:85:2a:,Hidden,-88,2026-04-30 11:04:11
f8:6b:d9:01:85:2a:,Hidden,-88,2026-04-30 11:04:14
f8:6b:d9:01:85:2a:,Hidden,-88,2026-04-30 11:04:18
f8:6b:d9:01:85:2a:,Hidden,-88,2026-04-30 11:04:21
f8:6b:d9:01:85:2a:,Hidden,-88,2026-04-30 11:04:24
f8:6b:d9:01:85:2a:,Hidden,-88,2026-04-30 11:04:27
f8:6b:d9:01:85:2a:,Hidden,-88,2026-04-30 11:04:29
f8:6b:d9:01:85:2a:,Hidden,-88,2026-04-30 11:04:32
f8:6b:d9:01:85:2a:,Hidden,-88,2026-04-30 11:04:36
f8:6b:d9:01:85:2a:,Hidden,-88,2026-04-30 11:04:43
f8:6b:d9:01:85:2a:,Hidden,-88,2026-04-30 11:04:46
f8:6b:d9:01:85:2a:,Hidden,-88,2026-04-30 11:04:49
f8:6b:d9:01:85:2a:,Hidden,-87,2026-04-30 11:04:53
f8:6b:d9:01:85:2a:,Hidden,-87,2026-04-30 11:04:57
f8:6b:d9:01:85:2a:,Hidden,-87,2026-04-30 11:05:00
f8:6b:d9:01:85:2a:,Hidden,-82,2026-04-30 11:05:04
f8:6b:d9:01:85:2a:,Hidden,-82,2026-04-30 11:05:48
f8:6b:d9:01:85:2a:,Hidden,-82,2026-04-30 11:05:51
f8:6b:d9:01:85:2a:,Hidden,-82,2026-04-30 11:05:54
f8:6b:d9:01:85:2a:,Hidden,-82,2026-04-30 11:05:57
f8:6b:d9:01:85:2a:,Hidden,-82,2026-04-30 11:06:02
f8:6b:d9:01:85:2a:,Hidden,-82,2026-04-30 11:06:07
f8:6b:d9:01:85:2a:,Hidden,-82,2026-04-30 11:06:10
f8:6b:d9:01:85:2a:,Hidden,-82,2026-04-30 11:06:13
f8:6b:d9:01:85:2a:,Hidden,-82,2026-04-30 11:06:16
f8:6b:d9:01:85:2a:,Hidden,-82,2026-04-30 11:06:19
f8:6b:d9:01:85:2a:,Hidden,-82,2026-04-30 11:06:22
f8:6b:d9:01:85:2a:,Hidden,-82,2026-04-30 11:06:25
f8:6b:d9:01:85:2a:,Hidden,-82,2026-04-30 11:06:27
f8:6b:d9:01:85:2a:,Hidden,-82,2026-04-30 11:06:30
f8:6b:d9:01:85:2a:,Hidden,-82,2026-04-30 11:06:33
f8:6b:d9:01:85:2a:,Hidden,-82,2026-04-30 11:06:36
f8:6b:d9:01:85:2a:,Hidden,-82,2026-04-30 11:06:40
f8:6b:d9:01:85:2a:,Hidden,-82,2026-04-30 11:06:43
f8:6b:d9:01:85:2a:,Hidden,-82,2026-04-30 11:06:46
f8:6b:d9:01:85:2a:,Hidden,-82,2026-04-30 11:06:49
f8:6b:d9:01:85:2a:,Hidden,-82,2026-04-30 11:06:52
f8:6b:d9:01:85:2a:,Hidden,-82,2026-04-30 11:06:56
f8:6b:d9:01:85:2a:,Hidden,-82,2026-04-30 11:06:58
ac:2a:a1:7e:df:61:,UTT,-77,2026-04-30 11:04:00
ac:2a:a1:7e:df:61:,UTT,-66,2026-04-30 11:04:02
ac:2a:a1:7e:df:61:,UTT,-66,2026-04-30 11:04:05
ac:2a:a1:7e:df:61:,UTT,-81,2026-04-30 11:04:08
ac:2a:a1:7e:df:61:,UTT,-80,2026-04-30 11:04:11
ac:2a:a1:7e:df:61:,UTT,-80,2026-04-30 11:04:14
ac:2a:a1:7e:df:61:,UTT,-68,2026-04-30 11:04:18
ac:2a:a1:7e:df:61:,UTT,-68,2026-04-30 11:04:21
ac:2a:a1:7e:df:61:,UTT,-62,2026-04-30 11:04:24
ac:2a:a1:7e:df:61:,UTT,-78,2026-04-30 11:04:27
ac:2a:a1:7e:df:61:,UTT,-78,2026-04-30 11:04:29
ac:2a:a1:7e:df:61:,UTT,-66,2026-04-30 11:04:32
ac:2a:a1:7e:df:61:,UTT,-77,2026-04-30 11:04:36
ac:2a:a1:7e:df:61:,UTT,-67,2026-04-30 11:04:43
ac:2a:a1:7e:df:61:,UTT,-70,2026-04-30 11:04:46
ac:2a:a1:7e:df:61:,UTT,-70,2026-04-30 11:04:49
ac:2a:a1:7e:df:61:,UTT,-72,2026-04-30 11:04:53
ac:2a:a1:7e:df:61:,UTT,-72,2026-04-30 11:04:57
ac:2a:a1:7e:df:61:,UTT,-68,2026-04-30 11:05:00
ac:2a:a1:7e:df:61:,UTT,-66,2026-04-30 11:05:04
ac:2a:a1:7e:df:61:,UTT,-81,2026-04-30 11:05:48
ac:2a:a1:7e:df:61:,UTT,-81,2026-04-30 11:05:51
ac:2a:a1:7e:df:61:,UTT,-62,2026-04-30 11:05:54
ac:2a:a1:7e:df:61:,UTT,-62,2026-04-30 11:05:57
ac:2a:a1:7e:df:61:,UTT,-78,2026-04-30 11:06:02
ac:2a:a1:7e:df:61:,UTT,-80,2026-04-30 11:06:07
ac:2a:a1:7e:df:61:,UTT,-80,2026-04-30 11:06:10
ac:2a:a1:7e:df:61:,UTT,-76,2026-04-30 11:06:13
ac:2a:a1:7e:df:61:,UTT,-76,2026-04-30 11:06:16
ac:2a:a1:7e:df:61:,UTT,-66,2026-04-30 11:06:19
ac:2a:a1:7e:df:61:,UTT,-84,2026-04-30 11:06:22
ac:2a:a1:7e:df:61:,UTT,-84,2026-04-30 11:06:25
ac:2a:a1:7e:df:61:,UTT,-67,2026-04-30 11:06:27
ac:2a:a1:7e:df:61:,UTT,-67,2026-04-30 11:06:30
ac:2a:a1:7e:df:61:,UTT,-84,2026-04-30 11:06:33
ac:2a:a1:7e:df:61:,UTT,-73,2026-04-30 11:06:36
ac:2a:a1:7e:df:61:,UTT,-73,2026-04-30 11:06:40
ac:2a:a1:7e:df:61:,UTT,-83,2026-04-30 11:06:43
ac:2a:a1:7e:df:61:,UTT,-74,2026-04-30 11:06:46
ac:2a:a1:7e:df:61:,UTT,-74,2026-04-30 11:06:49
ac:2a:a1:7e:df:61:,UTT,-73,2026-04-30 11:06:52
ac:2a:a1:7e:df:61:,UTT,-72,2026-04-30 11:06:56
ac:2a:a1:7e:df:61:,UTT,-72,2026-04-30 11:06:58
ac:2a:a1:7e:df:61:,UTT,-77,2026-04-30 11:07:02
ac:2a:a1:7e:df:61:,UTT,-68,2026-04-30 11:07:05
ac:2a:a1:7e:df:61:,UTT,-68,2026-04-30 11:07:08
ac:2a:a1:7e:df:62:,eduroam,-77,2026-04-30 11:04:00
ac:2a:a1:7e:df:62:,eduroam,-66,2026-04-30 11:04:02
ac:2a:a1:7e:df:62:,eduroam,-66,2026-04-30 11:04:05
ac:2a:a1:7e:df:62:,eduroam,-79,2026-04-30 11:04:08
ac:2a:a1:7e:df:62:,eduroam,-80,2026-04-30 11:04:11
ac:2a:a1:7e:df:62:,eduroam,-80,2026-04-30 11:04:14
ac:2a:a1:7e:df:62:,eduroam,-70,2026-04-30 11:04:18
ac:2a:a1:7e:df:62:,eduroam,-70,2026-04-30 11:04:21
ac:2a:a1:7e:df:62:,eduroam,-61,2026-04-30 11:04:24
ac:2a:a1:7e:df:62:,eduroam,-77,2026-04-30 11:04:27
ac:2a:a1:7e:df:62:,eduroam,-77,2026-04-30 11:04:29
ac:2a:a1:7e:df:62:,eduroam,-67,2026-04-30 11:04:32
ac:2a:a1:7e:df:62:,eduroam,-67,2026-04-30 11:04:36
ac:2a:a1:7e:df:62:,eduroam,-68,2026-04-30 11:04:43
ac:2a:a1:7e:df:62:,eduroam,-69,2026-04-30 11:04:46
ac:2a:a1:7e:df:62:,eduroam,-69,2026-04-30 11:04:49
ac:2a:a1:7e:df:62:,eduroam,-73,2026-04-30 11:04:53
ac:2a:a1:7e:df:62:,eduroam,-73,2026-04-30 11:04:57
ac:2a:a1:7e:df:62:,eduroam,-68,2026-04-30 11:05:00
ac:2a:a1:7e:df:62:,eduroam,-66,2026-04-30 11:05:04
ac:2a:a1:7e:df:62:,eduroam,-80,2026-04-30 11:05:48
ac:2a:a1:7e:df:62:,eduroam,-80,2026-04-30 11:05:51
ac:2a:a1:7e:df:62:,eduroam,-63,2026-04-30 11:05:54
ac:2a:a1:7e:df:62:,eduroam,-63,2026-04-30 11:05:57
ac:2a:a1:7e:df:62:,eduroam,-78,2026-04-30 11:06:02
ac:2a:a1:7e:df:62:,eduroam,-80,2026-04-30 11:06:07
ac:2a:a1:7e:df:62:,eduroam,-80,2026-04-30 11:06:10
ac:2a:a1:7e:df:62:,eduroam,-75,2026-04-30 11:06:13
ac:2a:a1:7e:df:62:,eduroam,-75,2026-04-30 11:06:16
ac:2a:a1:7e:df:62:,eduroam,-67,2026-04-30 11:06:19
ac:2a:a1:7e:df:62:,eduroam,-86,2026-04-30 11:06:22
ac:2a:a1:7e:df:62:,eduroam,-86,2026-04-30 11:06:25
ac:2a:a1:7e:df:62:,eduroam,-68,2026-04-30 11:06:27
ac:2a:a1:7e:df:62:,eduroam,-68,2026-04-30 11:06:30
ac:2a:a1:7e:df:62:,eduroam,-87,2026-04-30 11:06:33
ac:2a:a1:7e:df:62:,eduroam,-74,2026-04-30 11:06:36
ac:2a:a1:7e:df:62:,eduroam,-74,2026-04-30 11:06:40
ac:2a:a1:7e:df:62:,eduroam,-85,2026-04-30 11:06:43
ac:2a:a1:7e:df:62:,eduroam,-73,2026-04-30 11:06:46
ac:2a:a1:7e:df:62:,eduroam,-73,2026-04-30 11:06:49
ac:2a:a1:7e:df:62:,eduroam,-73,2026-04-30 11:06:52
ac:2a:a1:7e:df:62:,eduroam,-73,2026-04-30 11:06:56
ac:2a:a1:7e:df:62:,eduroam,-73,2026-04-30 11:06:58
ac:2a:a1:7e:df:62:,eduroam,-77,2026-04-30 11:07:02
ac:2a:a1:7e:df:62:,eduroam,-69,2026-04-30 11:07:05
ac:2a:a1:7e:df:62:,eduroam,-69,2026-04-30 11:07:08
ac:2a:a1:7e:df:64:,form_cyber,-77,2026-04-30 11:04:00
ac:2a:a1:7e:df:64:,form_cyber,-67,2026-04-30 11:04:02
ac:2a:a1:7e:df:64:,form_cyber,-67,2026-04-30 11:04:05
ac:2a:a1:7e:df:64:,form_cyber,-79,2026-04-30 11:04:08
ac:2a:a1:7e:df:64:,form_cyber,-80,2026-04-30 11:04:11
ac:2a:a1:7e:df:64:,form_cyber,-80,2026-04-30 11:04:14
ac:2a:a1:7e:df:64:,form_cyber,-70,2026-04-30 11:04:18
ac:2a:a1:7e:df:64:,form_cyber,-70,2026-04-30 11:04:21
ac:2a:a1:7e:df:64:,form_cyber,-61,2026-04-30 11:04:24
ac:2a:a1:7e:df:64:,form_cyber,-77,2026-04-30 11:04:27
ac:2a:a1:7e:df:64:,form_cyber,-77,2026-04-30 11:04:29
ac:2a:a1:7e:df:64:,form_cyber,-66,2026-04-30 11:04:32
ac:2a:a1:7e:df:64:,form_cyber,-77,2026-04-30 11:04:36
ac:2a:a1:7e:df:64:,form_cyber,-68,2026-04-30 11:04:43
ac:2a:a1:7e:df:64:,form_cyber,-70,2026-04-30 11:04:46
ac:2a:a1:7e:df:64:,form_cyber,-70,2026-04-30 11:04:49
ac:2a:a1:7e:df:64:,form_cyber,-73,2026-04-30 11:04:53
ac:2a:a1:7e:df:64:,form_cyber,-73,2026-04-30 11:04:57
ac:2a:a1:7e:df:64:,form_cyber,-67,2026-04-30 11:05:00
ac:2a:a1:7e:df:64:,form_cyber,-67,2026-04-30 11:05:04
ac:2a:a1:7e:df:64:,form_cyber,-79,2026-04-30 11:05:48
ac:2a:a1:7e:df:64:,form_cyber,-79,2026-04-30 11:05:51
ac:2a:a1:7e:df:64:,form_cyber,-62,2026-04-30 11:05:54
ac:2a:a1:7e:df:64:,form_cyber,-62,2026-04-30 11:05:57
ac:2a:a1:7e:df:64:,form_cyber,-78,2026-04-30 11:06:02
ac:2a:a1:7e:df:64:,form_cyber,-80,2026-04-30 11:06:07
ac:2a:a1:7e:df:64:,form_cyber,-80,2026-04-30 11:06:10
ac:2a:a1:7e:df:64:,form_cyber,-77,2026-04-30 11:06:13
ac:2a:a1:7e:df:64:,form_cyber,-77,2026-04-30 11:06:16
ac:2a:a1:7e:df:64:,form_cyber,-65,2026-04-30 11:06:19
ac:2a:a1:7e:df:64:,form_cyber,-86,2026-04-30 11:06:22
ac:2a:a1:7e:df:64:,form_cyber,-86,2026-04-30 11:06:25
ac:2a:a1:7e:df:64:,form_cyber,-68,2026-04-30 11:06:27
ac:2a:a1:7e:df:64:,form_cyber,-68,2026-04-30 11:06:30
ac:2a:a1:7e:df:64:,form_cyber,-86,2026-04-30 11:06:33
ac:2a:a1:7e:df:64:,form_cyber,-73,2026-04-30 11:06:36
ac:2a:a1:7e:df:64:,form_cyber,-73,2026-04-30 11:06:40
ac:2a:a1:7e:df:64:,form_cyber,-84,2026-04-30 11:06:43
ac:2a:a1:7e:df:64:,form_cyber,-74,2026-04-30 11:06:46
ac:2a:a1:7e:df:64:,form_cyber,-74,2026-04-30 11:06:49
ac:2a:a1:7e:df:64:,form_cyber,-73,2026-04-30 11:06:52
ac:2a:a1:7e:df:64:,form_cyber,-71,2026-04-30 11:06:56
ac:2a:a1:7e:df:64:,form_cyber,-71,2026-04-30 11:06:58
ac:2a:a1:7e:df:64:,form_cyber,-78,2026-04-30 11:07:02
ac:2a:a1:7e:df:64:,form_cyber,-69,2026-04-30 11:07:05
ac:2a:a1:7e:df:64:,form_cyber,-69,2026-04-30 11:07:08
5e:df:a3:9d:51:44:,Galaxy A33 5G B05C,-83,2026-04-30 11:04:02
5e:df:a3:9d:51:44:,Galaxy A33 5G B05C,-83,2026-04-30 11:04:05
5e:df:a3:9d:51:44:,Galaxy A33 5G B05C,-81,2026-04-30 11:04:08
5e:df:a3:9d:51:44:,Galaxy A33 5G B05C,-71,2026-04-30 11:04:11
5e:df:a3:9d:51:44:,Galaxy A33 5G B05C,-71,2026-04-30 11:04:14
5e:df:a3:9d:51:44:,Galaxy A33 5G B05C,-76,2026-04-30 11:04:18
5e:df:a3:9d:51:44:,Galaxy A33 5G B05C,-76,2026-04-30 11:04:21
5e:df:a3:9d:51:44:,Galaxy A33 5G B05C,-90,2026-04-30 11:04:24
5e:df:a3:9d:51:44:,Galaxy A33 5G B05C,-89,2026-04-30 11:04:27
5e:df:a3:9d:51:44:,Galaxy A33 5G B05C,-89,2026-04-30 11:04:29
5e:df:a3:9d:51:44:,Galaxy A33 5G B05C,-91,2026-04-30 11:04:32
5e:df:a3:9d:51:44:,Galaxy A33 5G B05C,-91,2026-04-30 11:04:36
5e:df:a3:9d:51:44:,Galaxy A33 5G B05C,-81,2026-04-30 11:04:43
5e:df:a3:9d:51:44:,Galaxy A33 5G B05C,-81,2026-04-30 11:04:46
5e:df:a3:9d:51:44:,Galaxy A33 5G B05C,-81,2026-04-30 11:04:49
5e:df:a3:9d:51:44:,Galaxy A33 5G B05C,-84,2026-04-30 11:04:53
5e:df:a3:9d:51:44:,Galaxy A33 5G B05C,-84,2026-04-30 11:04:57
5e:df:a3:9d:51:44:,Galaxy A33 5G B05C,-84,2026-04-30 11:05:00
5e:df:a3:9d:51:44:,Galaxy A33 5G B05C,-91,2026-04-30 11:05:04
5e:df:a3:9d:51:44:,Galaxy A33 5G B05C,-91,2026-04-30 11:05:48
5e:df:a3:9d:51:44:,Galaxy A33 5G B05C,-91,2026-04-30 11:05:51
5e:df:a3:9d:51:44:,Galaxy A33 5G B05C,-90,2026-04-30 11:05:54
5e:df:a3:9d:51:44:,Galaxy A33 5G B05C,-90,2026-04-30 11:05:57
5e:df:a3:9d:51:44:,Galaxy A33 5G B05C,-90,2026-04-30 11:06:02
5e:df:a3:9d:51:44:,Galaxy A33 5G B05C,-90,2026-04-30 11:06:07
5e:df:a3:9d:51:44:,Galaxy A33 5G B05C,-90,2026-04-30 11:06:10
5e:df:a3:9d:51:44:,Galaxy A33 5G B05C,-90,2026-04-30 11:06:13
5e:df:a3:9d:51:44:,Galaxy A33 5G B05C,-90,2026-04-30 11:06:16
5e:df:a3:9d:51:44:,Galaxy A33 5G B05C,-90,2026-04-30 11:06:19
5e:df:a3:9d:51:44:,Galaxy A33 5G B05C,-90,2026-04-30 11:06:22
5e:df:a3:9d:51:44:,Galaxy A33 5G B05C,-90,2026-04-30 11:06:25
5e:df:a3:9d:51:44:,Galaxy A33 5G B05C,-90,2026-04-30 11:06:27
5e:df:a3:9d:51:44:,Galaxy A33 5G B05C,-90,2026-04-30 11:06:30
5e:df:a3:9d:51:44:,Galaxy A33 5G B05C,-90,2026-04-30 11:06:33
5e:df:a3:9d:51:44:,Galaxy A33 5G B05C,-90,2026-04-30 11:06:36
5e:df:a3:9d:51:44:,Galaxy A33 5G B05C,-90,2026-04-30 11:06:40
5e:df:a3:9d:51:44:,Galaxy A33 5G B05C,-90,2026-04-30 11:06:43
5e:df:a3:9d:51:44:,Galaxy A33 5G B05C,-90,2026-04-30 11:06:46
5e:df:a3:9d:51:44:,Galaxy A33 5G B05C,-90,2026-04-30 11:06:49
5e:df:a3:9d:51:44:,Galaxy A33 5G B05C,-90,2026-04-30 11:06:52
5e:df:a3:9d:51:44:,Galaxy A33 5G B05C,-90,2026-04-30 11:06:56
5e:df:a3:9d:51:44:,Galaxy A33 5G B05C,-90,2026-04-30 11:06:58
5e:df:a3:9d:51:44:,Galaxy A33 5G B05C,-90,2026-04-30 11:07:02
5e:df:a3:9d:51:44:,Galaxy A33 5G B05C,-90,2026-04-30 11:07:05
5e:df:a3:9d:51:44:,Galaxy A33 5G B05C,-90,2026-04-30 11:07:08
f8:6b:d9:01:8e:e5:,Hidden,-48,2026-04-30 11:04:08
f8:6b:d9:01:8e:e5:,Hidden,-59,2026-04-30 11:04:11
f8:6b:d9:01:8e:e5:,Hidden,-59,2026-04-30 11:04:14
f8:6b:d9:01:8e:e5:,Hidden,-53,2026-04-30 11:04:18
f8:6b:d9:01:8e:e5:,Hidden,-53,2026-04-30 11:04:21
f8:6b:d9:01:8e:e5:,Hidden,-53,2026-04-30 11:04:24
f8:6b:d9:01:8e:e5:,Hidden,-53,2026-04-30 11:04:27
f8:6b:d9:01:8e:e5:,Hidden,-53,2026-04-30 11:04:29
f8:6b:d9:01:8e:e5:,Hidden,-53,2026-04-30 11:04:32
f8:6b:d9:01:8e:e5:,Hidden,-48,2026-04-30 11:04:36
f8:6b:d9:01:8e:e5:,Hidden,-48,2026-04-30 11:04:43
f8:6b:d9:01:8e:e5:,Hidden,-48,2026-04-30 11:04:46
f8:6b:d9:01:8e:e5:,Hidden,-48,2026-04-30 11:04:49
f8:6b:d9:01:8e:e5:,Hidden,-48,2026-04-30 11:04:53
f8:6b:d9:01:8e:e5:,Hidden,-48,2026-04-30 11:04:57
f8:6b:d9:01:8e:e5:,Hidden,-48,2026-04-30 11:05:00
f8:6b:d9:01:8e:e5:,Hidden,-48,2026-04-30 11:05:04
f8:6b:d9:01:8e:e5:,Hidden,-48,2026-04-30 11:05:48
f8:6b:d9:01:8e:e5:,Hidden,-48,2026-04-30 11:05:51
f8:6b:d9:01:8e:e5:,Hidden,-48,2026-04-30 11:05:54
f8:6b:d9:01:8e:e5:,Hidden,-48,2026-04-30 11:05:57
f8:6b:d9:01:8e:e5:,Hidden,-48,2026-04-30 11:06:02
f8:6b:d9:01:8e:e5:,Hidden,-59,2026-04-30 11:06:07
f8:6b:d9:01:8e:e5:,Hidden,-59,2026-04-30 11:06:10
f8:6b:d9:01:8e:e5:,Hidden,-53,2026-04-30 11:06:13
f8:6b:d9:01:8e:e5:,Hidden,-53,2026-04-30 11:06:16
f8:6b:d9:01:8e:e5:,Hidden,-52,2026-04-30 11:06:19
f8:6b:d9:01:8e:e5:,Hidden,-52,2026-04-30 11:06:22
f8:6b:d9:01:8e:e5:,Hidden,-52,2026-04-30 11:06:25
f8:6b:d9:01:8e:e5:,Hidden,-52,2026-04-30 11:06:27
f8:6b:d9:01:8e:e5:,Hidden,-52,2026-04-30 11:06:30
f8:6b:d9:01:8e:e5:,Hidden,-52,2026-04-30 11:06:33
f8:6b:d9:01:8e:e5:,Hidden,-60,2026-04-30 11:06:36
f8:6b:d9:01:8e:e5:,Hidden,-60,2026-04-30 11:06:40
f8:6b:d9:01:8e:e5:,Hidden,-60,2026-04-30 11:06:43
f8:6b:d9:01:8e:e5:,Hidden,-59,2026-04-30 11:06:46
f8:6b:d9:01:8e:e5:,Hidden,-59,2026-04-30 11:06:49
f8:6b:d9:01:8e:e5:,Hidden,-52,2026-04-30 11:06:52
f8:6b:d9:01:8e:e5:,Hidden,-52,2026-04-30 11:06:56
f8:6b:d9:01:8e:e5:,Hidden,-52,2026-04-30 11:06:58
f8:6b:d9:01:8e:e5:,Hidden,-52,2026-04-30 11:07:02
f8:6b:d9:01:8e:e5:,Hidden,-51,2026-04-30 11:07:05
f8:6b:d9:01:8e:e5:,Hidden,-51,2026-04-30 11:07:08
ac:2a:a1:7e:df:6a:,Hidden,-78,2026-04-30 11:04:08
ac:2a:a1:7e:df:6a:,Hidden,-80,2026-04-30 11:04:11
ac:2a:a1:7e:df:6a:,Hidden,-80,2026-04-30 11:04:14
ac:2a:a1:7e:df:6a:,Hidden,-67,2026-04-30 11:04:18
ac:2a:a1:7e:df:6a:,Hidden,-67,2026-04-30 11:04:21
ac:2a:a1:7e:df:6a:,Hidden,-60,2026-04-30 11:04:24
ac:2a:a1:7e:df:6a:,Hidden,-76,2026-04-30 11:04:27
ac:2a:a1:7e:df:6a:,Hidden,-76,2026-04-30 11:04:29
ac:2a:a1:7e:df:6a:,Hidden,-65,2026-04-30 11:04:32
ac:2a:a1:7e:df:6a:,Hidden,-65,2026-04-30 11:04:36
ac:2a:a1:7e:df:6a:,Hidden,-67,2026-04-30 11:04:43
ac:2a:a1:7e:df:6a:,Hidden,-68,2026-04-30 11:04:46
ac:2a:a1:7e:df:6a:,Hidden,-68,2026-04-30 11:04:49
ac:2a:a1:7e:df:6a:,Hidden,-74,2026-04-30 11:04:53
ac:2a:a1:7e:df:6a:,Hidden,-74,2026-04-30 11:04:57
ac:2a:a1:7e:df:6a:,Hidden,-65,2026-04-30 11:05:00
ac:2a:a1:7e:df:6a:,Hidden,-65,2026-04-30 11:05:04
ac:2a:a1:7e:df:6a:,Hidden,-78,2026-04-30 11:05:48
ac:2a:a1:7e:df:6a:,Hidden,-78,2026-04-30 11:05:51
ac:2a:a1:7e:df:6a:,Hidden,-61,2026-04-30 11:05:54
ac:2a:a1:7e:df:6a:,Hidden,-61,2026-04-30 11:05:57
ac:2a:a1:7e:df:6a:,Hidden,-77,2026-04-30 11:06:02
ac:2a:a1:7e:df:6a:,Hidden,-77,2026-04-30 11:06:07
ac:2a:a1:7e:df:6a:,Hidden,-77,2026-04-30 11:06:10
ac:2a:a1:7e:df:6a:,Hidden,-75,2026-04-30 11:06:13
ac:2a:a1:7e:df:6a:,Hidden,-75,2026-04-30 11:06:16
ac:2a:a1:7e:df:6a:,Hidden,-64,2026-04-30 11:06:19
ac:2a:a1:7e:df:6a:,Hidden,-64,2026-04-30 11:06:22
ac:2a:a1:7e:df:6a:,Hidden,-64,2026-04-30 11:06:25
ac:2a:a1:7e:df:6a:,Hidden,-66,2026-04-30 11:06:27
ac:2a:a1:7e:df:6a:,Hidden,-66,2026-04-30 11:06:30
ac:2a:a1:7e:df:6a:,Hidden,-84,2026-04-30 11:06:33
ac:2a:a1:7e:df:6a:,Hidden,-84,2026-04-30 11:06:36
ac:2a:a1:7e:df:6a:,Hidden,-84,2026-04-30 11:06:40
ac:2a:a1:7e:df:6a:,Hidden,-84,2026-04-30 11:06:43
ac:2a:a1:7e:df:6a:,Hidden,-72,2026-04-30 11:06:46
ac:2a:a1:7e:df:6a:,Hidden,-72,2026-04-30 11:06:49
ac:2a:a1:7e:df:6a:,Hidden,-72,2026-04-30 11:06:52
ac:2a:a1:7e:df:6a:,Hidden,-72,2026-04-30 11:06:56
ac:2a:a1:7e:df:6a:,Hidden,-72,2026-04-30 11:06:58
ac:2a:a1:7e:df:6a:,Hidden,-77,2026-04-30 11:07:02
ac:2a:a1:7e:df:6a:,Hidden,-69,2026-04-30 11:07:05
ac:2a:a1:7e:df:6a:,Hidden,-69,2026-04-30 11:07:08
f8:6b:d9:01:85:2d:,eduroam,-84,2026-04-30 11:04:21
f8:6b:d9:01:85:2d:,eduroam,-84,2026-04-30 11:04:24
f8:6b:d9:01:85:2d:,eduroam,-84,2026-04-30 11:04:27
f8:6b:d9:01:85:2d:,eduroam,-84,2026-04-30 11:04:29
f8:6b:d9:01:85:2d:,eduroam,-84,2026-04-30 11:04:32
f8:6b:d9:01:85:2d:,eduroam,-84,2026-04-30 11:04:36
f8:6b:d9:01:85:2d:,eduroam,-84,2026-04-30 11:04:43
f8:6b:d9:01:85:2d:,eduroam,-84,2026-04-30 11:04:46
f8:6b:d9:01:85:2d:,eduroam,-84,2026-04-30 11:04:49
f8:6b:d9:01:85:2d:,eduroam,-84,2026-04-30 11:04:53
f8:6b:d9:01:85:2d:,eduroam,-84,2026-04-30 11:04:57
f8:6b:d9:01:85:2d:,eduroam,-84,2026-04-30 11:05:00
f8:6b:d9:01:85:2d:,eduroam,-84,2026-04-30 11:05:04
f8:6b:d9:01:85:2d:,eduroam,-84,2026-04-30 11:05:48
f8:6b:d9:01:85:2d:,eduroam,-84,2026-04-30 11:05:51
f8:6b:d9:01:85:2d:,eduroam,-84,2026-04-30 11:05:54
f8:6b:d9:01:85:2d:,eduroam,-84,2026-04-30 11:05:57
f8:6b:d9:01:85:2d:,eduroam,-84,2026-04-30 11:06:02
f8:6b:d9:01:85:2d:,eduroam,-84,2026-04-30 11:06:07
f8:6b:d9:01:85:2d:,eduroam,-84,2026-04-30 11:06:10
f8:6b:d9:01:85:2d:,eduroam,-84,2026-04-30 11:06:13
f8:6b:d9:01:85:2d:,eduroam,-84,2026-04-30 11:06:16
f8:6b:d9:01:85:2b:,form_cyber,-85,2026-04-30 11:04:21
f8:6b:d9:01:85:2b:,form_cyber,-85,2026-04-30 11:04:24
f8:6b:d9:01:85:2b:,form_cyber,-85,2026-04-30 11:04:27
f8:6b:d9:01:85:2b:,form_cyber,-85,2026-04-30 11:04:29
f8:6b:d9:01:85:2b:,form_cyber,-85,2026-04-30 11:04:32
f8:6b:d9:01:85:2b:,form_cyber,-85,2026-04-30 11:04:36
f8:6b:d9:01:85:2b:,form_cyber,-85,2026-04-30 11:04:43
f8:6b:d9:01:85:2b:,form_cyber,-85,2026-04-30 11:04:46
f8:6b:d9:01:85:2b:,form_cyber,-85,2026-04-30 11:04:49
f8:6b:d9:01:85:2b:,form_cyber,-85,2026-04-30 11:04:53
f8:6b:d9:01:85:2b:,form_cyber,-85,2026-04-30 11:04:57
f8:6b:d9:01:85:2b:,form_cyber,-85,2026-04-30 11:05:00
f8:6b:d9:01:85:2b:,form_cyber,-85,2026-04-30 11:05:04
f8:6b:d9:01:85:2b:,form_cyber,-85,2026-04-30 11:05:48
f8:6b:d9:01:85:2b:,form_cyber,-85,2026-04-30 11:05:51
f8:6b:d9:01:85:2b:,form_cyber,-85,2026-04-30 11:05:54
f8:6b:d9:01:85:2b:,form_cyber,-85,2026-04-30 11:05:57
f8:6b:d9:01:85:2b:,form_cyber,-85,2026-04-30 11:06:02
f8:6b:d9:01:85:2b:,form_cyber,-85,2026-04-30 11:06:07
f8:6b:d9:01:85:2b:,form_cyber,-85,2026-04-30 11:06:10
f8:6b:d9:01:85:2b:,form_cyber,-85,2026-04-30 11:06:13
f8:6b:d9:01:85:2b:,form_cyber,-85,2026-04-30 11:06:16
f8:6b:d9:01:85:2e:,UTT,-85,2026-04-30 11:04:21
f8:6b:d9:01:85:2e:,UTT,-85,2026-04-30 11:04:24
f8:6b:d9:01:85:2e:,UTT,-85,2026-04-30 11:04:27
f8:6b:d9:01:85:2e:,UTT,-85,2026-04-30 11:04:29
f8:6b:d9:01:85:2e:,UTT,-85,2026-04-30 11:04:32
f8:6b:d9:01:85:2e:,UTT,-85,2026-04-30 11:04:36
f8:6b:d9:01:85:2e:,UTT,-85,2026-04-30 11:04:43
f8:6b:d9:01:85:2e:,UTT,-85,2026-04-30 11:04:46
f8:6b:d9:01:85:2e:,UTT,-85,2026-04-30 11:04:49
f8:6b:d9:01:85:2e:,UTT,-85,2026-04-30 11:04:53
f8:6b:d9:01:85:2e:,UTT,-85,2026-04-30 11:04:57
f8:6b:d9:01:85:2e:,UTT,-85,2026-04-30 11:05:00
f8:6b:d9:01:85:2e:,UTT,-85,2026-04-30 11:05:04
f8:6b:d9:01:85:2e:,UTT,-85,2026-04-30 11:05:48
f8:6b:d9:01:85:2e:,UTT,-85,2026-04-30 11:05:51
f8:6b:d9:01:85:2e:,UTT,-85,2026-04-30 11:05:54
f8:6b:d9:01:85:2e:,UTT,-85,2026-04-30 11:05:57
f8:6b:d9:01:85:2e:,UTT,-85,2026-04-30 11:06:02
f8:6b:d9:01:85:2e:,UTT,-85,2026-04-30 11:06:07
f8:6b:d9:01:85:2e:,UTT,-85,2026-04-30 11:06:10
f8:6b:d9:01:85:2e:,UTT,-85,2026-04-30 11:06:13
f8:6b:d9:01:85:2e:,UTT,-85,2026-04-30 11:06:16
f8:6b:d9:01:85:25:,Hidden,-84,2026-04-30 11:04:21
f8:6b:d9:01:85:25:,Hidden,-84,2026-04-30 11:04:24
f8:6b:d9:01:85:25:,Hidden,-84,2026-04-30 11:04:27
f8:6b:d9:01:85:25:,Hidden,-84,2026-04-30 11:04:29
f8:6b:d9:01:85:25:,Hidden,-84,2026-04-30 11:04:32
f8:6b:d9:01:85:25:,Hidden,-84,2026-04-30 11:04:36
f8:6b:d9:01:85:25:,Hidden,-84,2026-04-30 11:04:43
f8:6b:d9:01:85:25:,Hidden,-84,2026-04-30 11:04:46
f8:6b:d9:01:85:25:,Hidden,-84,2026-04-30 11:04:49
f8:6b:d9:01:85:25:,Hidden,-84,2026-04-30 11:04:53
f8:6b:d9:01:85:25:,Hidden,-84,2026-04-30 11:04:57
f8:6b:d9:01:85:25:,Hidden,-84,2026-04-30 11:05:00
f8:6b:d9:01:85:25:,Hidden,-84,2026-04-30 11:05:04
f8:6b:d9:01:85:25:,Hidden,-84,2026-04-30 11:05:48
f8:6b:d9:01:85:25:,Hidden,-84,2026-04-30 11:05:51
f8:6b:d9:01:85:25:,Hidden,-84,2026-04-30 11:05:54
f8:6b:d9:01:85:25:,Hidden,-84,2026-04-30 11:05:57
f8:6b:d9:01:85:25:,Hidden,-84,2026-04-30 11:06:02
f8:6b:d9:01:85:25:,Hidden,-84,2026-04-30 11:06:07
f8:6b:d9:01:85:25:,Hidden,-84,2026-04-30 11:06:10
f8:6b:d9:01:85:25:,Hidden,-84,2026-04-30 11:06:13
f8:6b:d9:01:85:25:,Hidden,-84,2026-04-30 11:06:16
f8:6b:d9:01:93:6a:,Hidden,-88,2026-04-30 11:05:04
f8:6b:d9:01:93:6a:,Hidden,-88,2026-04-30 11:05:48
f8:6b:d9:01:93:6a:,Hidden,-88,2026-04-30 11:05:51
f8:6b:d9:01:93:6a:,Hidden,-88,2026-04-30 11:05:54
f8:6b:d9:01:93:6a:,Hidden,-88,2026-04-30 11:05:57
f8:6b:d9:01:93:6a:,Hidden,-88,2026-04-30 11:06:02
f8:6b:d9:01:93:6a:,Hidden,-88,2026-04-30 11:06:07
f8:6b:d9:01:93:6a:,Hidden,-88,2026-04-30 11:06:10
f8:6b:d9:01:93:6a:,Hidden,-88,2026-04-30 11:06:13
f8:6b:d9:01:93:6a:,Hidden,-88,2026-04-30 11:06:16
f8:6b:d9:01:93:6a:,Hidden,-88,2026-04-30 11:06:19
f8:6b:d9:01:93:6a:,Hidden,-88,2026-04-30 11:06:22
f8:6b:d9:01:93:6a:,Hidden,-88,2026-04-30 11:06:25
f8:6b:d9:01:93:6a:,Hidden,-88,2026-04-30 11:06:27
f8:6b:d9:01:93:6a:,Hidden,-88,2026-04-30 11:06:30
f8:6b:d9:01:93:6a:,Hidden,-88,2026-04-30 11:06:33
f8:6b:d9:01:93:6a:,Hidden,-88,2026-04-30 11:06:36
f8:6b:d9:01:93:6a:,Hidden,-88,2026-04-30 11:06:40
f8:6b:d9:01:93:6a:,Hidden,-88,2026-04-30 11:06:43
f8:6b:d9:01:93:6a:,Hidden,-88,2026-04-30 11:06:46
f8:6b:d9:01:93:6a:,Hidden,-88,2026-04-30 11:06:49
f8:6b:d9:01:93:6a:,Hidden,-88,2026-04-30 11:06:52
f8:6b:d9:01:93:6a:,Hidden,-88,2026-04-30 11:06:56
f8:6b:d9:01:93:6a:,Hidden,-88,2026-04-30 11:06:58
